Time,position,velocity,rhonn_x0,rhonn_x1,error_x0,error_x1,set_point,effort,error_tracking_x0,error_tracking_x1,surface,w11,w12,w21,w22
0.0,0.0,0.0,0.0,0.0,0.0,0.0,0.0,0.0,0.0,0.0,0.0,0.0,0.0,0.0,0.0
1796.646,0.0,0.0,0.0,0.0,0.0,0.0,0.0,0.0,0.0,0.0,0.0,0.0,0.0,0.0,0.0
1796.646,0.0,0.0,0.0,0.0,0.0,0.0,0.0,0.0,0.0,0.0,0.0,0.0,0.0,0.0,0.0
1796.656,0.011256089709051518,-0.00091986947412021,-0.0091986947412021,0.0,0.020454784450253616,-0.00091986947412021002,9.329185185185186e-05,0.17452406437283513,-9.329185185185186e-05,-0.00020986,-0.00021265875555555555,1.0509069825257398,0.0015560904855995029,-0.056827769830197321,0.0046442703496560574
1796.666,0.011256089709051518,-0.00091986947412021,-0.0091986947412021,0.0,0.020454784450253616,-0.00091986947412021002,0.00020986,0.17452406437283513,-0.00020986,-0.009571696222683581,-0.0095779920226835812,1.0509069825257398,0.0015560904855995029,-0.056827769830197321,0.0046442703496560574
1796.676,0.02239961852101252,-0.001830540253499218,0.011428448130618538,4.0090152854706567,0.010971170390393983,-4.0108458257241555,0.00020986,0.52335956242943826,-0.00020986,-0.009571696222683581,-0.0095779920226835812,1.4705642225805984,0.0029871085340994574,-120.89071760350578,219.59109081062553
1796.686,0.02239961852101252,-0.001830540253499218,0.017616275550879947,2.1241725851856801,0.0047833429701325744,-2.1260031254391794,0.0005826851851851853,0.69756473744125302,0.0036033142749989843,0.010589568130618537,0.010697667558868506,1.5165595518072534,0.0041121609693358088,-143.32137086014342,285.98363509831358
1796.696,0.03343238001618353,-0.0026578232349888913,0.02821724196043918,1.4257651005006462,0.0052151380557443512,-1.4284229237356352,0.0008388800000000002,0.8715574274765816,0.010589568130618537,0.016474720736065131,0.016792407779983688,1.606936494976374,0.0037929978890936323,-951.48506515396616,-9550.3658931558657
1796.706,0.03343238001618353,-0.0026578232349888913,0.02821724196043918,1.4257651005006462,0.0052151380557443512,-1.4284229237356352,0.001141554814814815,0.8715574274765816,0.016474720736065131,0.026726563441920662,0.027220805064002616,1.606936494976374,0.0037929978890936323,-951.48506515396616,-9550.3658931558657
1796.717,0.03343238001618353,-0.0026578232349888913,0.032036215186664455,4.9744644673042107,0.0013961648295190768,-4.9771222905391994,0.0014906785185185188,1.3917310096006543,0.02942779143302348,0.030149995186664454,0.031032828929655157,1.6262167345768013,0.0048729986739058468,-2509.7327247757603,-28349.149219567254
1796.726,0.04435494247028056,-0.0033846388629788313,0.043110094539151253,-1.3775305639957782,0.0012448479311293059,1.3741459251327994,0.0014906785185185188,1.3917310096006543,0.02942779143302348,0.030149995186664454,0.031032828929655157,1.6410477792783094,0.0048201797980177751,-2146.9839292034421,-23842.881665867928
1796.736,0.04435494247028056,-0.0033846388629788313,0.043110094539151253,-1.3775305639957782,0.0012448479311293059,1.3741459251327994,0.0023281481481481478,1.3917310096006543,0.029708067038516306,0.040293662687299406,0.041184904698454892,1.6410477792783094,0.0048201797980177751,-2146.9839292034421,-23842.881665867928
1796.747,0.04435494247028056,-0.0033846388629788313,0.043714674740554391,-0.55040177338269025,0.0006402677297261683,0.54701713451971146,0.0028164318518518507,1.7364817766693033,0.040293662687299406,0.040363634740554391,0.041572444621173377,1.6438848050839829,0.0049763579433051135,-2075.9760669785342,-22971.093108591282
1796.757,0.04435494247028056,-0.0033846388629788313,0.043996606545441422,3.0939135678581202,0.00035833592483913712,-3.0972982067210992,0.003351039999999999,1.9080899537654481,0.040363634740554391,0.040064665063959941,0.04127557410617657,1.6444925193991906,0.005104917786103497,-2316.4926169946489,-25854.63568391509
1796.766,0.055168279299836614,-0.004104186334688872,0.05491963750716268,0.32639532303403129,0.00024864179267393427,-0.33049950936872019,0.00393194148148148,2.24951054343865,0.040064665063959941,0.050135843285717983,0.051337783237636783,1.6499165688941182,0.0051398085637770399,-2048.5646554941759,-22495.360310591412
1796.776,0.055168279299836614,-0.004104186334688872,0.05491963750716268,0.32639532303403129,0.00024864179267393427,-0.33049950936872019,0.00393194148148148,2.24951054343865,0.040064665063959941,0.050135843285717983,0.051337783237636783,1.6499165688941182,0.0051398085637770399,-2048.5646554941759,-22495.360310591412
1796.786,0.055168279299836614,-0.004104186334688872,0.055089296559400452,1.3249506628523982,7.8982740436162047e-05,-1.3290548491870871,0.0052325,2.4192189559966772,0.049687137507162679,0.04907667670207437,0.050567290827289252,1.6501514805981852,0.0052215954028193932,-2150.7460351379932,-23625.995428902377
1796.796,0.07646995595373397,-0.004968979618976504,0.081473418222333449,-22.559306609388962,-0.0050034622685994762,22.554337629769986,0.005952094814814815,2.5881904510252074,0.04907667670207437,0.048371438040881932,0.049843738341944166,1.5931726636065542,0.0069370230280918575,-780.88335839985689,-5552.2105513115457
1796.806,0.07646995595373397,-0.004968979618976504,0.081473418222333449,-22.559306609388962,-0.0050034622685994762,22.554337629769986,0.00671785851851852,2.5881904510252074,0.048371438040881932,0.073943658222333453,0.075394801363559916,1.5931726636065542,0.0069370230280918575,-780.88335839985689,-5552.2105513115457
1796.816,0.07646995595373397,-0.004968979618976504,0.078840151472857889,-6.1274932836729796,-0.002370195519123916,6.1225243040540027,0.007529760000000001,2.9237170472273677,0.073943658222333453,0.070452383324709739,0.072670693071379744,1.5833389411913052,0.0066300533974455768,-620.25858064523015,-3605.1375979106547
1796.828,0.08696126945780129,-0.005901702371765655,0.084363161648143115,-1.5526976347093751,0.0025981078096581761,1.5467959323376095,0.007529760000000001,3.0901699437494741,0.073943658222333453,0.070452383324709739,0.072670693071379744,1.595091629381721,0.0062048712019525665,-626.22608860411549,-3816.3073252112263
1796.842,0.08696126945780129,-0.005901702371765655,0.084363161648143115,-1.5526976347093751,0.0025981078096581761,1.5467959323376095,0.009291851851851857,3.0901699437494741,0.068490808031360373,0.074121181648143117,0.076175905889083934,1.595091629381721,0.0062048712019525665,-626.22608860411549,-3816.3073252112263
1796.847,0.08696126945780129,-0.005901702371765655,0.085550438115477995,-0.89640790587275987,0.001410831342323296,0.89050620350099419,0.010241980000000003,3.2556815445715666,0.075308458115477997,0.074928675888719598,0.077187929632183933,1.5979487514029951,0.0065733959139252117,-626.03534793408016,-3874.410563255818
1796.856,0.08696126945780129,-0.005901702371765655,0.086166797370201081,1.1181575040238982,0.00079447208760020926,-1.1240592063956638,0.011238121481481489,3.5836794954530027,0.074312316633996511,0.073886552185015886,0.076115921684035776,1.598578456203289,0.0068635788947386004,-629.06466875440947,-3842.7686577742488
1796.866,0.09734766982682794,-0.006825097897026914,0.093740769386116571,1.0183918458284893,0.0036069004407113664,-1.0252169437255163,0.011238121481481489,3.74606593415912,0.074312316633996511,0.073886552185015886,0.076115921684035776,1.615170513046003,0.0068866735518693057,-621.22311869474333,-3663.2949388949592
1796.877,0.09734766982682794,-0.006825097897026914,0.096235442252132167,1.2386406919418675,0.0011122275746957705,-1.2454657898388946,0.013368320000000008,3.9073112848927369,0.080372449386116568,0.08087166438770152,0.083282837869285017,1.6194100324457843,0.0078195888703808149,-623.64530317936033,-3482.2000498012285
1796.887,0.09734766982682794,-0.006825097897026914,0.096235442252132167,1.2386406919418675,0.0011122275746957705,-1.2454657898388946,0.014502314814814822,3.9073112848927369,0.08087166438770152,0.080553243733613639,0.082979393665244677,1.6194100324457843,0.0078195888703808149,-623.64530317936033,-3482.2000498012285
1796.896,0.10763065671637159,-0.007636565018397568,0.10508216399978407,-1.2007122880183587,0.0025484927165875249,1.1930757229999611,0.015682198518518525,4.0673664307580015,0.080553243733613639,0.088174223999784057,0.090590821311792469,1.6301046504437091,0.0078225373894169579,-624.75432909625215,-3569.8454508721366
1796.906,0.10763065671637159,-0.007636565018397568,0.10684228783067748,3.6814142118291784,0.0007883688856941129,-3.689050776847576,0.01690794000000001,4.383711467890774,0.088174223999784057,0.088052248831420363,0.090697475551413886,1.6328581537088771,0.0084802684468688987,-639.95849881404797,-3509.3177137699431
1796.916,0.10763065671637159,-0.007636565018397568,0.10684228783067748,3.6814142118291784,0.0007883688856941129,-3.689050776847576,0.018179508148148157,4.383711467890774,0.088052248831420363,0.087345415978825613,0.089986983443768223,1.6328581537088771,0.0084802684468688987,-639.95849881404797,-3509.3177137699431
1796.926,0.10763065671637159,-0.007636565018397568,0.10718471029435306,2.0213200299622684,0.00044594642201853385,-2.0289565949806661,0.019496871851851862,4.6947156278589084,0.086734885127716654,0.085982287830677462,0.088584334384508967,1.6329791125691406,0.0086608586708771043,-647.9488764639076,-3501.9833519513004
1796.936,0.11869883641408932,0.06479705964847247,0.84955894721907299,-256.20560883774124,-0.7308601108049837,256.27040589738971,0.020860000000000014,4.6947156278589084,0.828698947219073,0.49750225034981826,0.52236321876639047,-1.310520368697967,0.026631282063004191,-473.0692570147009,-1049.1250648822197
1796.946,0.11869883641408932,0.06479705964847247,0.51977111183129976,-76.828609041542961,-0.40107227541721047,76.893406101191431,0.020860000000000014,4.9999999999999991,0.828698947219073,0.49750225034981826,0.52236321876639047,-1.9305763683639332,-0.075261238805446731,-292.5997591957738,-764.87331647733004
1796.957,0.11869883641408932,0.06479705964847247,0.34462238821432867,-34.06134489548797,-0.22592355180023935,34.12614195513644,0.023723425185185207,5.1503807491005418,0.49604768664611454,0.31939872821432863,0.33428015881371209,-2.0700708752880503,-0.15697366761280901,-190.60471349852497,-685.84747672472645
1796.966,0.15895481941542677,0.5564614603215396,2.3551480591407055,-97.201166029828869,-2.1961932397252788,97.757627490150412,0.023723425185185207,5.2991926423320486,0.49604768664611454,0.31939872821432863,0.33428015881371209,-46.795804581311714,3.1755165782506811,-334.95742376689941,-61.825654147114292
1796.976,0.15895481941542677,0.5564614603215396,2.3551480591407055,-97.201166029828869,-2.1961932397252788,97.757627490150412,0.026769534814814838,5.2991926423320486,5.0545672431929285,2.3267870406221869,2.4784240579179748,-46.795804581311714,3.1755165782506811,-334.95742376689941,-61.825654147114292
1796.987,0.19178731059207932,0.9431410546162573,3.1709818185336429,-22.396459567333267,-2.9791945079415636,23.339600621949526,0.02836101851851854,5.5919290347074693,5.0529757594892244,2.3251499791407055,2.4767392519253821,-62.294022672278764,4.061020966409866,-322.09316939271173,-1.6515870991712234
1796.997,0.19178731059207932,0.9431410546162573,1.6895870271024966,-6.3243434057610415,-1.4977997165104173,7.2674844603772986,0.029998080000000028,5.8778525229247318,1.333735619059532,3.1393011303854945,3.1793131989572805,-64.961586167888782,3.8997627775817771,-320.47791948293946,4.7233641819045316
1797.006,0.19178731059207932,0.9431410546162573,1.0229057536320898,1.5371176127636019,-0.83111844304001048,-0.59397655814734462,0.03168068814814818,5.8778525229247318,1.6579063389543485,0.98949694178023795,1.0392341319488685,-65.556863735080299,3.6485192541865263,-320.61177355369665,4.2028079346150191
1797.016,0.19178731059207932,0.9431410546162573,1.0229057536320898,1.5371176127636019,-0.83111844304001048,-0.59397655814734462,0.03168068814814818,5.8778525229247318,1.6579063389543485,0.98949694178023795,1.0392341319488685,-65.556863735080299,3.6485192541865263,-320.61177355369665,4.2028079346150191
1797.027,0.22429147685696535,1.325953852968028,1.3726308632886148,-0.24064550771079496,-1.1483393864316496,1.5665993606788229,0.035182420000000034,6.2932039104983737,0.98772333363208975,2.4089150948682194,2.438546794877182,-75.336237437792917,4.2222677691152315,-318.6380932950878,12.616247881566816
1797.036,0.22429147685696535,1.325953852968028,1.3726308632886148,-0.24064550771079496,-1.1483393864316496,1.5665993606788229,0.03700148148148152,6.2932039104983737,2.4089150948682194,1.3337648981034296,1.4060323509494761,-75.336237437792917,4.2222677691152315,-318.6380932950878,12.616247881566816
1797.046,0.27478331678159573,1.8312777410887864,2.3396538563263398,-10.500484233637856,-2.064870539544744,12.331761974726643,0.03700148148148152,6.4278760968653925,2.4089150948682194,1.3337648981034296,1.4060323509494761,-83.514040349608919,5.3481713897375451,-314.26895363486949,20.379697689878263
1797.056,0.27478331678159573,1.8312777410887864,1.2733331823865655,-0.60763040955860959,-0.99854986560496972,2.438908150647396,0.04077584000000004,6.4278760968653925,2.2988780163263396,1.2306021075717506,1.2995684480615408,-84.98830387863714,5.2931777387172163,-313.79991863841474,22.026444817278133
1797.066,0.27478331678159573,1.8312777410887864,0.8231335867166365,1.0824327989097497,-0.54835026993504077,0.74884494217903663,0.042731074814814855,6.6913060635885824,1.2306021075717506,0.77840194819811792,0.81532001142527044,-85.32427777674755,5.1407277235281716,-313.65712565579776,22.532408076740751
1797.076,0.34833484335792114,2.4739285416951335,1.3050855991082884,-15.915308876915276,-0.95675075575036717,18.38923741861041,0.042731074814814855,6.819983600624985,1.2306021075717506,0.77840194819811792,0.81532001142527044,-88.518161497411114,5.704754387640337,-302.5368487651113,31.69718649634391
1797.087,0.4211508546684833,3.110152834295417,1.5849485765114935,-20.608063234208586,-1.1637977218430102,23.718216068504002,0.04677750000000005,6.819983600624985,1.2583080991082882,1.5360799483633452,1.5738291913365938,-91.710034442055232,6.3525629744590786,-287.51608706161403,42.228075972027725
1797.097,0.4211508546684833,3.110152834295417,0.71335136959531908,3.4019043466681467,-0.2922005149268358,-0.29175151237272967,0.04886862814814819,7.0710678118654746,0.91384381600911724,0.66234637774346716,0.68976169222374073,-92.406129065693946,6.2482695633647065,-285.82085736791845,46.400910650780418
1797.106,0.4211508546684833,3.110152834295417,0.71335136959531908,3.4019043466681467,-0.2922005149268358,-0.29175151237272967,0.04886862814814819,7.0710678118654746,0.91384381600911724,0.66234637774346716,0.68976169222374073,-92.406129065693946,6.2482695633647065,-285.82085736791845,46.400910650780418
1797.116,0.5213643057901662,3.8309821159152935,0.422219298708157,-0.94844545420353654,0.09914500708200924,4.7794275701188305,0.05100499185185191,7.3135370161917042,0.9117074523054135,0.66016480959531898,0.6875160331644814,-91.941325072448578,6.1754724155565466,-265.37142553872644,56.335113535951237
1797.127,0.6205756224006324,4.544603104718972,0.91322552939024604,-16.90218565689554,-0.29264990698961368,21.446788761614513,0.05541330148148155,7.4314482547739411,0.26303054137810528,0.36453411352297177,0.37242502976431491,-92.380182695978888,6.2701963263936094,-248.98472700905495,62.203778754148267
1797.136,0.6205756224006324,4.544603104718972,0.91322552939024604,-16.90218565689554,-0.29264990698961368,21.446788761614513,0.05768518518518523,7.4314482547739411,0.36453411352297177,0.85322334939024602,0.86415937279593513,-92.380182695978888,6.2701963263936094,-248.98472700905495,62.203778754148267
1797.146,0.6205756224006324,4.544603104718972,0.76590687308340932,-0.81799852613470136,-0.14533125068277697,5.362601630853673,0.06000218000000005,7.5470958022277204,0.85322334939024602,0.70354261826859443,0.7291393187503018,-92.470826977686286,6.2521064279593288,-247.38967051259678,65.050163610882038
1797.156,0.6205756224006324,4.544603104718972,0.69782405333473463,4.0639387001371858,-0.077248430934102275,0.48066440458178583,0.06000218000000005,7.7714596145697081,0.85322334939024602,0.70354261826859443,0.7291393187503018,-92.497060653581727,6.2306869002203742,-247.2483953590403,65.306227260179057
1797.166,0.6205756224006324,4.544603104718972,0.66193590087809895,6.6414999710467271,-0.041360278477466594,-2.0968968663277554,0.06477137851851858,7.8801075360672197,0.70113549456489077,0.63060053333473454,0.65163459817168123,-92.507173618256701,6.2170675019798338,-247.86465191432967,64.189119641746785
1797.177,0.7506745917448395,5.334492538956913,0.76894474586653416,-14.543475229878567,-0.018270154121694637,19.877967768835479,0.06722352000000006,7.9863551004729283,0.63060053333473454,0.59221525272995068,0.61113326872999274,-92.530548443964975,6.2226917491482432,-230.61642286966074,67.050748092509579
1797.188,0.7506745917448395,5.334492538956913,0.75971309376237173,0.34262898911923401,-0.0090385020175322017,4.9918635498376789,0.06972064814814823,8.0901699437494745,0.6992240977183859,0.68745036191051978,0.7084270848420714,-92.535534413592728,6.2215577674817863,-229.02618779025858,69.509948418120871
1797.196,0.7506745917448395,5.334492538956913,0.75541027295714969,4.850539235744975,-0.004735681212310161,0.48395330321193786,0.06972064814814823,8.1915204428899173,0.6992240977183859,0.68745036191051978,0.7084270848420714,-92.537064636694055,6.2202902198341361,-228.87388307023153,69.749550040196723
1797.206,1.0761719931989782,7.0054574435024355,1.937509758868714,-4.0887748658709171,-0.86133776566973586,11.094232309373353,0.07484974000000007,8.2903757255504171,2.931460113012212,1.8600281173872324,1.9479719207775987,-95.812658105190621,7.3184893804180851,-185.12142788675894,68.289498811548341
1797.217,1.0761719931989782,7.0054574435024355,1.937509758868714,-4.0887748658709171,-0.86133776566973586,11.094232309373353,0.07748164148148157,8.2903757255504171,2.9288282115307305,1.8573513536835287,1.9452162000294506,-95.812658105190621,7.3184893804180851,-185.12142788675894,68.289498811548341
1797.226,1.0761719931989782,7.0054574435024355,1.5109752712264708,4.6185842568957725,-0.43480327802749263,2.386873186606663,0.07748164148148157,8.4804809615642593,2.9288282115307305,1.8573513536835287,1.9452162000294506,-95.960905096007494,7.2227865938612625,-184.31315567953948,69.310196281357562
1797.236,1.273089559165679,7.865869275480343,2.553263011080972,4.440745241790566,-1.280173451915293,3.4251240336897775,0.0828800000000001,8.571673007021122,3.7872614378783025,2.4676166162661572,2.5812344594025065,-98.193895518050184,7.1775597216517211,-175.95934412365102,72.400474533720157
1797.246,1.273089559165679,7.865869275480343,2.553263011080972,4.440745241790566,-1.280173451915293,3.4251240336897775,0.0828800000000001,8.571673007021122,3.7872614378783025,2.4676166162661572,2.5812344594025065,-98.193895518050184,7.1775597216517211,-175.95934412365102,72.400474533720157
1797.256,1.273089559165679,7.865869275480343,1.5970172907829863,9.571798386652361,-0.32392773161730726,-1.7059291111720176,0.08845755851851861,8.7461970713939579,3.7816838793597842,2.4619495510809717,2.5754000674617652,-98.457646908877322,6.9226302616394495,-176.50130536574162,71.766327270296472
1797.266,1.273089559165679,7.865869275480343,1.5970172907829863,9.571798386652361,-0.32392773161730726,-1.7059291111720176,0.0913134600000001,8.7461970713939579,1.8252142280077754,1.502803222634838,1.5575596494750712,-98.457646908877322,6.9226302616394495,-176.50130536574162,71.766327270296472
1797.277,1.468037949472713,8.717676989138472,3.4906822891129536,7.8654918986172362,-2.0226443396402409,0.85218509052123537,0.09421406814814826,8.9100652418836788,5.4718227801819088,3.3935229372611015,3.557677620666559,-101.29763421128499,6.3860078558186446,-171.53555893037608,73.603315883838931
1797.286,1.468037949472713,8.717676989138472,3.4906822891129536,7.8654918986172362,-2.0226443396402409,0.85218509052123537,0.09421406814814826,8.9100652418836788,5.4718227801819088,3.3935229372611015,3.557677620666559,-101.29763421128499,6.3860078558186446,-171.53555893037608,73.603315883838931
1797.296,1.468037949472713,8.717676989138472,2.4756907296372788,8.458759083419622,-1.0076527801645658,0.25891790571884954,0.10014928000000012,8.9879404629916699,3.3905330091129535,2.3725069081557972,2.4742228984291859,-101.57143945961369,6.1269334207414916,-171.44593783694512,73.702979707739175
1797.306,1.6987658760918662,9.579749408659664,6.9292700304162622,3.2367790989507057,-5.2305041543243957,6.3429703097089583,0.10318382148148159,9.1354545764260084,3.3874984676314721,2.3694277844520935,2.4710527384810375,-104.07629369258986,5.8081791466865917,-168.0546174156957,74.948110609375306
1797.316,1.94619131941417,10.432027018595846,8.8938558410142008,5.2844098489586315,-6.9476645216000303,5.1476171696372148,0.1062629451851853,9.2718385456678742,6.8230070852310769,4.158452655804874,4.3631428683618063,-107.8013332025553,4.5212577120186213,-165.43449452872818,76.335487306757813
1797.326,1.94619131941417,10.432027018595846,5.3498723185452377,10.233112069769675,-3.4036809991310677,0.19891494882617167,0.1062629451851853,9.2718385456678742,6.8230070852310769,4.158452655804874,4.3631428683618063,-108.81934493521726,3.768692423728099,-165.36515671374906,76.40744479442975
1797.336,1.94619131941417,10.432027018595846,5.3498723185452377,10.233112069769675,-3.4036809991310677,0.19891494882617167,0.11255481481481493,9.2718385456678742,8.7813010261993867,5.2341048200267188,5.4975438508127006,-108.81934493521726,3.768692423728099,-165.36515671374906,76.40744479442975
1797.346,1.94619131941417,10.432027018595846,3.6199933321531006,10.371635387749947,-1.6738020127389306,0.060391630845899158,0.11576749851851864,9.3969262078590834,8.7780883424956819,5.2308476785452376,5.4941903288201077,-109.26495238070748,3.3460298497432728,-165.34414578769915,76.429330254609624
1797.357,2.564312861833343,12.053453380869318,15.478404920129151,6.7143034323039075,-12.914092058295807,5.3391499485654101,0.11902464000000014,9.5105651629515346,3.5009686921531005,2.6472115821386279,2.7522406429032209,-115.01037415425436,1.9704673283749365,-163.05950087257963,77.019980937809265
1797.366,2.564312861833343,12.053453380869318,15.478404920129151,6.7143034323039075,-12.914092058295807,5.3391499485654101,0.11902464000000014,9.5105651629515346,3.5009686921531005,2.6472115821386279,2.7522406429032209,-115.01037415425436,1.9704673283749365,-163.05950087257963,77.019980937809265
1797.376,2.564312861833343,12.053453380869318,5.6357423268287192,12.254574324308805,-3.0714294649953762,-0.20112094343948783,0.125672171851852,9.6126169593831889,15.352732748277299,8.7203410913262935,9.180923073774613,-117.73157807989797,-0.12406598324062235,-162.75728675911481,77.324089670457568
1797.386,2.564312861833343,12.053453380869318,5.6357423268287192,12.254574324308805,-3.0714294649953762,-0.20112094343948783,0.12906250000000016,9.6126169593831889,8.7203410913262935,5.5032451653472378,5.7648553980870263,-117.73157807989797,-0.12406598324062235,-162.75728675911481,77.324089670457568
1797.396,2.8960057510415185,12.832494324281331,4.0657210574151037,11.683367471374723,-1.1697153063735852,1.1491268529066083,0.13249716148148163,9.6592582628906829,5.5032451653472378,3.9297449322299185,4.0948422871903354,-118.0344556070292,-0.42266671867395655,-162.31736345074236,77.687227095743395
1797.406,2.8960057510415185,12.832494324281331,10.586072819249296,12.950164261152764,-7.6900670682077772,-0.11766993687143312,0.13597612518518537,9.7029572627599645,3.9297449322299185,10.446573459249295,10.564465807216193,-120.28751913089653,-2.1206318211064845,-162.35836231162583,77.646017759840703
1797.416,3.224381711357612,13.603744858259224,12.08585461007317,12.907982680878789,-8.861472898715558,0.69576217738043589,0.13949936000000016,9.7814760073380551,10.446573459249295,6.5056874833123599,6.8190846870898385,-123.74639299356615,-5.1350686362367028,-162.26733879816064,77.710172581713678
1797.426,3.224381711357612,13.603744858259224,7.5470199949843391,13.770351356968717,-4.322638283626727,-0.16660649870949307,0.143066834814815,9.8162718344766393,6.5056874833123599,11.939176091554652,12.134346716054022,-124.87832162035279,-6.2203435404389502,-162.32537705467084,77.651982063510701
1797.436,3.5844804363417393,14.311295649279458,12.206486546344109,13.739151828429172,-8.6220061100023706,0.57214382085028603,0.143066834814815,9.8162718344766393,6.5056874833123599,11.939176091554652,12.134346716054022,-127.19342078479558,-8.3260557821995711,-162.11974374977046,77.845180233327412
1797.446,3.5844804363417393,14.311295649279458,12.206486546344109,13.739151828429172,-8.6220061100023706,0.57214382085028603,0.1503343800000002,9.8162718344766393,7.3966856149843387,12.052452158195962,12.274352726645493,-127.19342078479558,-8.3260557821995711,-162.11974374977046,77.845180233327412
1797.456,3.5844804363417393,14.311295649279458,5.6352554648877629,14.864720099174093,-2.0507750285460236,-0.55342444989463502,0.15403438814814832,9.9026806874157032,12.052452158195962,7.6314597045246515,7.9930332692705299,-128.81143197605971,-9.9150663320827217,-162.25200353690622,77.712697692373368
1797.466,3.5844804363417393,14.311295649279458,5.6352554648877629,14.864720099174093,-2.0507750285460236,-0.55342444989463502,0.15403438814814832,9.9026806874157032,12.052452158195962,7.6314597045246515,7.9930332692705299,-128.81143197605971,-9.9150663320827217,-162.25200353690622,77.712697692373368
1797.476,3.5844804363417393,14.311295649279458,4.5847066913346168,14.737216578209811,-1.0002262549928775,-0.42592092893035272,0.16156672000000022,9.9254615164132201,7.6276714963765029,5.4698564834062813,5.6986866282975761,-129.06786232945564,-10.171415432439144,-162.40033656128287,77.564136023848803
1797.486,4.37545940701398,15.588300168943494,10.376901004883848,15.446455640673719,-6.0014415978698681,0.14184452826977534,0.16539898148148166,9.9452189536827333,16.519185439792118,10.207625739698663,10.703201302892428,-133.87959950914512,-14.744047867919576,-161.95107929339375,77.992874149499372
1797.496,4.37545940701398,15.588300168943494,10.376901004883848,15.446455640673719,-6.0014415978698681,0.14184452826977534,0.16539898148148166,9.9452189536827333,16.519185439792118,10.207625739698663,10.703201302892428,-133.87959950914512,-14.744047867919576,-161.95107929339375,77.992874149499372
1797.506,4.772824902133468,16.205230572014294,11.94824490416292,15.851345943460544,-7.1754200020294512,0.35388462855375025,0.1731955400000002,9.9756405025982424,7.1285425729387786,11.771085129348105,11.984941406536269,-136.47984500362767,-17.320600278211032,-161.81234643712605,78.130638769770641
1797.516,4.772824902133468,16.205230572014294,11.94824490416292,15.851345943460544,-7.1754200020294512,0.35388462855375025,0.1731955400000002,9.9756405025982424,7.1285425729387786,11.771085129348105,11.984941406536269,-136.47984500362767,-17.320600278211032,-161.81234643712605,78.130638769770641
1797.527,4.772824902133468,16.205230572014294,6.4786482740636302,16.279189232326658,-1.7058233719301619,-0.073958660312364088,0.18116793851851878,9.993908270190957,8.0902109092290235,6.29342827406363,6.5361346013405006,-137.81477813240818,-18.652686826600789,-161.80070199188123,78.142283397110916
1797.536,5.18120671024017,16.769068832097958,11.231932458326781,16.290888975061122,-6.0507257480866112,0.47817985703683519,0.18522000000000025,9.9984769515639123,6.29342827406363,11.042616530178632,11.231419378400542,-139.36889402632642,-20.199248917197309,-161.63384006884158,78.308500716269478
1797.546,5.18120671024017,16.769068832097958,11.231932458326781,16.290888975061122,-6.0507257480866112,0.47817985703683519,0.18522000000000025,9.9984769515639123,6.29342827406363,11.042616530178632,11.231419378400542,-139.36889402632642,-20.199248917197309,-161.63384006884158,78.308500716269478
1797.557,5.613261289526778,17.25374594201394,11.461260500260551,16.732988569681467,-5.8479992107337724,0.5207573723324721,0.19345569185185207,9.993908270190957,11.038476766474929,7.9337134249418737,8.2648677279361209,-141.62554547767212,-22.451137456919707,-161.41768076157624,78.524326368493149
1797.566,5.613261289526778,17.25374594201394,8.4645482885427441,17.050027220366019,-2.8512869990159659,0.20371872164792038,0.19345569185185207,9.993908270190957,11.038476766474929,7.9337134249418737,8.2648677279361209,-142.35634346189613,-23.181451797866323,-161.34673187572145,78.595276485433672
1797.577,5.613261289526778,17.25374594201394,7.0034554261464166,17.191924333634844,-1.3901941366196384,0.061821608379094783,0.20186660148148175,9.9862953475457381,8.2626816870612618,6.7973177409612315,7.0451981915730695,-142.71256678433105,-23.537618879087184,-161.32520143439996,78.616807499184617
1797.587,6.053588144119661,17.690247629733033,10.653866103275732,17.156340483001003,-4.6002779591560712,0.53390714673203021,0.20613768518518547,9.961946980917455,6.7973177409612315,10.443413623275731,10.647333155504567,-143.89184429050781,-24.71569701441901,-161.13918039940845,78.802673281774204
1797.596,6.053588144119661,17.690247629733033,8.296523480351425,17.284741580727911,-2.2429353362317643,0.40550604900512255,0.21045248000000027,9.9452189536827333,10.443413623275731,8.0817125255366093,8.3950149342348812,-144.46660210018905,-25.290302778361252,-160.99795562091575,78.943899027847962
1797.606,6.053588144119661,17.690247629733033,7.1471662517425614,17.399910273902165,-1.0935781076229008,0.29033735583086795,0.2148109548148151,9.9452189536827333,8.0817125255366093,6.9279531732240427,7.1704045489901409,-144.7468059520464,-25.570489030797741,-160.89684062293603,79.045015139998199
1797.616,6.511951403555894,18.018705384495025,9.8703977562455805,17.601074232244429,-3.3584463526896862,0.41763115225059622,0.21921307851851882,9.9254615164132218,6.9279531732240427,9.6467389362455798,9.8545775314423008,-145.60749293039589,-26.430792247992336,-160.75136577866462,79.190435465996615
1797.627,6.511951403555894,18.018705384495025,8.1494113596652085,17.694394387711526,-1.6374599561093142,0.32431099678349895,0.22365882000000034,9.9026806874157032,9.6467389362455798,7.9212632115170596,8.2106653796044267,-146.02706422549247,-26.850314763053245,-160.63841876498418,79.30338276615386
1797.636,6.511951403555894,18.018705384495025,7.3103194014425128,17.692479913040131,-0.7983679978866185,0.32622547145489378,0.22814814814814846,9.8768834059513768,7.9212632115170596,7.0776383695906606,7.3152762659361725,-146.23162342059666,-27.0548682463487,-160.52480510792526,79.41699692363531
1797.646,6.511951403555894,18.018705384495025,6.9012076259413391,17.661734411460898,-0.38925622238544477,0.35697097303412662,0.23268103185185218,9.8480775301220795,7.0776383695906606,6.6639501859413386,6.8762793370290582,-146.33135812584584,-27.154602527650788,-160.40048379928598,79.541318781009849
1797.657,7.459027329213591,18.402203067210706,10.536167190005074,17.621716796947624,-3.0771398607914824,0.78048627026308282,0.23725744000000032,9.7814760073380569,7.0730619614425123,6.6593302844598572,6.8715221433031326,-147.11987744862296,-27.942919746208979,-160.12863476687664,79.813105594898715
1797.666,7.459027329213591,18.402203067210706,10.536167190005074,17.621716796947624,-3.0771398607914824,0.78048627026308282,0.23725744000000032,9.7814760073380569,7.0730619614425123,6.6593302844598572,6.8715221433031326,-147.11987744862296,-27.942919746208979,-160.12863476687664,79.813105594898715
1797.678,7.93559989857612,18.507998047328268,9.2484118338424821,18.128149285005421,-1.3128119352663621,0.37984876232284748,0.24654070518518548,9.7029572627599645,10.289626484819888,8.7080836722863122,9.0167724668309095,-147.84066877823247,-28.663669215832396,-159.68190535465504,80.259831479696771
1797.686,7.93559989857612,18.507998047328268,9.2484118338424821,18.128149285005421,-1.3128119352663621,0.37984876232284748,0.24654070518518548,9.7029572627599645,10.289626484819888,8.7080836722863122,9.0167724668309095,-147.84066877823247,-28.663669215832396,-159.68190535465504,80.259831479696771
1797.696,7.93559989857612,18.507998047328268,8.5756803277782296,17.607539632666402,-0.64008042920210961,0.90045841466186616,0.25599769481481516,9.6592582628906829,8.7033334774714977,8.9876205753239624,9.2487205796481078,-148.0046697854068,-28.827668210043104,-159.36830512835505,80.573431746230085
1797.707,8.412633956337293,18.55099138312318,8.5176692942033014,18.292437284760638,-0.10503533786600805,0.2585540983625414,0.26079125851851886,9.6126169593831889,8.3148890692597099,7.9820522083789509,8.2314988804567424,-148.11154256606005,-28.934540417938539,-159.03090258346191,80.910833424970576
1797.717,8.412633956337293,18.55099138312318,8.4638454521090125,18.00611611694471,-0.051211495771719129,0.54487526617846882,0.2656281600000004,9.5630475596303555,8.2520411342033011,8.1933370839608646,8.4408983179869637,-148.12466388307519,-28.947661693472771,-158.84114034944363,81.100595667912643
1797.728,8.412633956337293,18.55099138312318,8.4376028608534739,17.889946577664773,-0.024968904516180501,0.66104480545840616,0.27050836814814855,9.4551857559931687,8.2471609260551535,8.1884136002571601,8.4358284280388141,-148.13106136308659,-28.954059168526804,-158.61092007035009,81.330815969648796
1797.736,8.412633956337293,18.55099138312318,8.4376028608534739,17.889946577664773,-0.024968904516180501,0.66104480545840616,0.27543185185185226,9.4551857559931687,8.1884136002571601,8.1572042808534739,8.4028566888611884,-148.13106136308659,-28.954059168526804,-158.61092007035009,81.330815969648796
1797.746,8.412633956337293,18.55099138312318,8.4248079064188914,17.271769099421221,-0.012173950081598051,1.2792222837019587,0.2803985800000004,9.3969262078590852,8.1572042808534739,8.1393993849374091,8.3841155133630139,-148.13418054588263,-28.95717835090035,-158.16540879984717,81.776327284081816
1797.756,8.884897673520856,18.59355478556014,8.8650523213997303,17.674813151280205,0.019845352121125259,0.91874163427993594,0.2854085214814819,9.3358042649720172,8.5587861175052673,8.5745906762145445,8.8313542597397028,-148.11866694575858,-28.941664803863723,-157.49251742014974,82.449217190405406
1797.767,8.884897673520856,18.59355478556014,8.8752217855525544,18.314748458987225,0.0096758879683012111,0.27880632657291571,0.2904616451851856,9.2050485345244031,8.5537329938015638,8.5694944013997301,8.8261063912137772,-148.11618781081305,-28.939185669633485,-157.39541829797096,82.546316316297364
1797.776,9.360729738337124,18.45418482149284,7.4864769273169998,17.201385693782953,1.8742528110201242,1.2527991277098884,0.2955579200000005,9.1354545764260102,8.5694944013997301,8.5745244707377388,8.8316093027797304,-147.63597045774389,-28.458969218589672,-156.95910897236206,82.982624896964651
1797.786,9.360729738337124,18.45418482149284,8.4469107243204178,17.378064012615738,0.91381901401670618,1.0761208088771035,0.3006973148148152,9.0630778703665005,8.5745244707377388,7.1805971287984809,7.4378328629206134,-147.40183371755421,-28.224832593705287,-156.58433129914062,83.357402572539314
1797.797,9.360729738337124,18.45418482149284,8.9151840859281322,17.403852295268223,0.4455456524089918,1.0503325262246186,0.30587979851851893,8.9879404629916699,7.1805971287984809,8.1358053843204168,8.3512232981843706,-147.28767699102309,-28.110675881000716,-156.21853484267373,83.723199034406306
1797.807,9.831051791725704,18.18225080077825,6.4241559870012281,17.384069724507285,3.406895804724476,0.79818107627096424,0.3111053400000005,8.9100652418836788,8.1358053843204168,8.598810177779983,8.8428843393095953,-146.41476937614601,-27.237768914465921,-155.94055439137597,84.001179296272241
1797.817,10.296670624580399,17.9130361202708,5.477823245553509,17.161277678885298,4.8188473790268898,0.75175844138550119,0.3163739081481486,8.9100652418836788,6.1077820788530799,5.1561377737016567,5.3393712360672492,-145.18009469009996,-26.003094817550672,-155.67874148476386,84.262992131863228
1797.826,10.296670624580399,17.9130361202708,7.9471720257028551,17.684903420492105,2.3494985988775436,0.2281326997786941,0.32168547185185226,8.8294759285892717,5.1561377737016567,7.6201320257028549,7.7748161589139047,-144.57811133037151,-25.401111533784086,-155.59929032890648,84.342443287793969
1797.837,10.296670624580399,17.9130361202708,9.1511386678268991,17.037912599155206,1.1455319567534996,0.87512352111559366,0.32704000000000044,8.7461970713939579,7.6201320257028549,8.818701206345418,9.0473051671165035,-144.28460566754788,-25.107605880394942,-155.29451343681154,84.647220180580987
1797.846,10.751678121837019,17.51838829490053,5.7916715333323623,16.814677600071931,4.9600065885046565,0.70371069482859738,0.3324374614814819,8.5716730070211238,7.6147345642213731,8.8132608426417143,9.0417028795683549,-143.0137637010512,-23.836764065959677,-155.04943401085424,84.892299580041737
1797.857,10.751678121837019,17.51838829490053,8.3333553130993039,15.55959578153697,2.4183228087377149,1.9587925133635586,0.3378778251851856,8.5716730070211238,5.4537937081471766,7.9899942530993036,8.1536080643437181,-142.39414638337433,-23.217146767732665,-154.36725066160102,85.574482929552119
1797.866,10.751678121837019,17.51838829490053,8.3333553130993039,15.55959578153697,2.4183228087377149,1.9587925133635586,0.34336106000000055,8.5716730070211238,5.448310473332362,7.9844681782844891,8.14791749248446,-142.39414638337433,-23.217146767732665,-154.36725066160102,85.574482929552119
1797.876,11.197202821460666,17.065239372098695,5.6453073483982905,15.488327249389229,5.5518954730623751,1.5769121227094658,0.34888713481481526,8.3867056794542396,9.2237027936203635,5.2908513298797715,5.5675624136883819,-140.669548638165,-21.492549092248176,-153.61104468239282,86.330688884478434
1797.887,11.197202821460666,17.065239372098695,8.4902960434747001,16.586701054395533,2.7069067779859655,0.47853831770316191,0.354456018518519,8.1915204428899209,9.2181339099166593,5.2852396683982903,5.5617836856957901,-139.97599098128848,-20.79899144398426,-153.44438544205028,86.497348124846567
1797.897,11.197202821460666,17.065239372098695,9.8774113483543147,14.96816716940036,1.3197914731063509,2.0970722026983353,0.3600676800000006,8.0901699437494745,5.2852396683982903,8.1245739553265519,8.2831311453785013,-139.63783693593717,-20.460837399665028,-152.71404380110508,87.227689766065595
1797.906,11.197202821460666,17.065239372098695,9.8774113483543147,14.96816716940036,1.3197914731063509,2.0970722026983353,0.36572208814814866,8.0901699437494745,8.1245739553265519,9.5059921365024618,9.749729355162259,-139.63783693593717,-20.460837399665028,-152.71404380110508,87.227689766065595
1797.916,11.197202821460666,17.065239372098695,10.553719437897684,15.415345459885444,0.64348338356298207,1.6498939122132512,0.36572208814814866,7.9863551004729274,8.1245739553265519,9.5059921365024618,9.749729355162259,-139.47296505016649,-20.295965513983798,-152.13943972897053,87.802293838416233
1797.926,12.047801643737019,15.911785124654141,-0.65107930803841896,15.526405124611927,12.698880951775438,0.38538000004221473,0.37715902000000057,7.8801075360672197,10.176560417897683,-1.034020789519901,-0.72872397698297053,-136.21928588667723,-17.0422864380531,-152.00522448114793,87.936509082654013
1797.936,12.047801643737019,15.911785124654141,9.0290353723932526,14.467391147031265,3.0187662713437664,1.4443939776228767,0.38294148148148205,7.6604444311897799,-1.034020789519901,5.4675123659730858,5.4364917422874885,-133.85944605920815,-14.682446623388342,-151.09143411842177,88.850299445388046
1797.946,12.448141597411338,15.22624696620751,3.7205769836030242,14.363309643508856,8.7275646138083136,0.86293732269865409,0.3887665651851857,7.5470958022277177,5.4675123659730858,8.6344011323932524,8.7984265033724451,-131.62328880159242,-12.446289374401141,-150.79090128003972,89.150832282753456
1797.956,12.448141597411338,15.22624696620751,3.7205769836030242,14.363309643508856,8.7275646138083136,0.86293732269865409,0.3946342400000005,7.5470958022277177,8.6344011323932524,3.3200325087882088,3.5790645427600065,-130.53301805392803,-11.356018627839406,-150.79090128003972,89.150832282753456
1797.966,12.448141597411338,15.22624696620751,10.373432984329554,13.646328593396262,2.0747086130817838,1.5799183728112478,0.3946342400000005,7.431448254773942,8.6344011323932524,3.3200325087882088,3.5790645427600065,-130.00144081337044,-10.824441387413888,-149.75470987981879,90.187023682997932
1797.976,12.844478151548914,14.547564189345346,4.6497596944821851,14.746796352965362,8.1947184570667293,-0.19923216362001561,0.4064972385185191,7.1933980033865144,7.7863942516184954,9.9609404843295533,10.194532311878108,-127.90180821917545,-8.7248087965812662,-149.82409592443702,90.117637638489896
1797.986,12.844478151548914,14.547564189345346,8.8490248794805098,12.227521749965817,3.9954532720684046,2.3200424393795291,0.41249250000000065,7.0710678118654755,9.9609404843295533,4.2312294663340362,4.5300576808639228,-126.87810204090937,-7.701102618743997,-149.01610104468597,90.925632518245436
1797.997,12.844478151548914,14.547564189345346,10.896437235569579,12.620209594250397,1.9480409159793357,1.9273545950949487,0.4185302281481487,6.9465837045899717,4.2312294663340362,8.424414487628658,8.5513513716186793,-126.37897931687993,-7.2019798947654863,-148.34486649403192,91.596867068908509
1798.006,12.844478151548914,14.547564189345346,10.896437235569579,12.620209594250397,1.9480409159793357,1.9273545950949487,0.42461039185185245,6.9465837045899717,8.424414487628658,10.465704275569578,10.718436710198437,-126.37897931687993,-7.2019798947654863,-148.34486649403192,91.596867068908509
1798.016,13.225761747661235,13.820601781709309,4.6250586062698176,12.717837621560022,8.600703141391417,1.1027641601492864,0.42461039185185245,6.8199836006249859,8.424414487628658,10.465704275569578,10.718436710198437,-124.17532622797039,-4.998326807443858,-147.96080981462347,91.980923747988243
1798.027,13.225761747661235,13.820601781709309,9.0323647824866669,12.219949940395082,4.1933969651745677,1.6006518413142263,0.43689790148148216,6.6913060635885833,10.459539334088097,4.1819534210846321,4.4957396011072746,-123.10090335568265,-3.9239039353584513,-147.40335514478929,92.538378417822571
1798.036,13.225761747661235,13.820601781709309,11.181210526852809,12.048083909694824,2.044551220808426,1.7725178720144843,0.4431051851851858,6.5605902899050728,10.738105341667623,11.779556507467483,12.101699667717511,-122.57705297536164,-3.4000535550613766,-146.78604515918639,93.155688403428243
1798.046,13.563398281818278,12.940545099375665,3.9391660928268237,11.933549244795842,9.6242321889914546,1.0069958545798237,0.4493547800000006,6.4278760968653952,11.779556507467483,3.4835194380120083,3.8369061332360328,-119.85574272926982,-0.67874330973236452,-145.79276893116997,94.148964630998378
1798.057,13.563398281818278,12.940545099375665,8.8709649551513508,12.634956667881625,4.6924333266669276,0.30558843149404069,0.45564665481481553,6.1566147532565836,3.4835194380120083,8.4089841766328313,8.5134897597731918,-118.65345786703304,0.52354155240792677,-145.68634247802851,94.25539108413831
1798.066,13.563398281818278,12.940545099375665,8.8709649551513508,12.634956667881625,4.6924333266669276,0.30558843149404069,0.4619807785185191,6.1566147532565836,3.4771853143083047,8.4026078351513505,8.5069233945805998,-118.65345786703304,0.52354155240792677,-145.68634247802851,94.25539108413831
1798.076,14.18183142205703,11.06511268003351,-6.3064068358087582,10.704573403175303,20.488238257865788,0.36053927685820675,0.4683571200000007,5.8778525229247327,10.80717755952444,-6.7811824839569068,-6.4569671571711735,-112.81781555040259,6.3591838677835089,-144.58376717585,95.357966380030888
1798.086,14.18183142205703,11.06511268003351,4.192495117824464,9.552724386863396,9.989336304232566,1.5123882931701136,0.4683571200000007,5.8778525229247327,10.80717755952444,-6.7811824839569068,-6.4569671571711735,-110.25836995231482,8.9186294657106089,-144.05705181190879,95.884681743585546
1798.096,14.443636854071487,10.07179956742752,-0.62174481226622902,10.606154818612801,15.065381666337716,-0.53435525118528027,0.4812363318518526,5.5919290347074693,-6.7876431676606108,3.7047559778244632,3.501126682794645,-106.39835126689495,12.778648150915313,-144.24315029484163,95.698583321531814
1798.107,14.443636854071487,10.07179956742752,7.0982925583561496,7.37472303211824,7.3453442957153374,2.6970765353092805,0.4877391400000008,5.4463903501502697,3.7047559778244632,-1.1160288537477112,-1.0048861744129773,-104.51634343863851,14.660655979144412,-143.30384677033857,96.637886841176666
1798.117,14.443636854071487,10.07179956742752,10.86230821484061,7.7979432273394735,3.5813286392308772,2.2738563400880469,0.49428404148148225,5.2991926423320486,6.6040085168746669,10.361437209655424,10.559557465161664,-103.59874335575529,15.578256062024451,-142.51193699514516,97.429796613536439
1798.126,14.443636854071487,10.07179956742752,10.86230821484061,7.7979432273394735,3.5813286392308772,2.2738563400880469,0.49428404148148225,5.2991926423320486,6.6040085168746669,10.361437209655424,10.559557465161664,-103.59874335575529,15.578256062024451,-142.51193699514516,97.429796613536439
1798.137,14.68445231865315,9.044445364911306,8.7066754108191589,8.7001146597395618,5.9777769078339915,0.34433070517174436,0.5075000000000008,4.9999999999999991,10.35480821484061,1.9097953606038551,2.2204396070490735,-98.925776083517448,20.251223334181041,-141.99685167537297,97.944880880515029
1798.146,14.68445231865315,9.044445364911306,11.769900899811461,5.9480264755461789,2.9145514188416897,3.0964188893651272,0.5075000000000008,4.9999999999999991,10.35480821484061,1.9097953606038551,2.2204396070490735,-98.17901618156445,20.997983236133049,-140.91847024787964,99.023262277885763
1798.157,14.903942497727831,7.990081650918738,2.7197835637782504,8.104769296321912,12.184158933949581,-0.11468764540317444,0.5208839585185193,4.6947156278589111,8.1857914523006396,11.242262039811459,11.487835783380479,-95.05721799604261,24.119781421613403,-140.95841265884116,98.9833207701611
1798.166,14.903942497727831,7.990081650918738,8.9633799347797236,4.972041665394606,5.9405625629481076,3.0180399855241316,0.5276388600000008,4.5399049973954684,11.242262039811459,2.1853478956301013,2.5226157568244449,-93.535140228473054,25.641859189177776,-139.90732777091563,100.03440530030291
1798.176,14.903942497727831,7.990081650918738,12.007535469913321,5.5261045375197639,2.8964070278145098,2.4639771133989736,0.5344356681481489,4.3837114678907732,2.1853478956301013,8.4221055829278715,8.4876660197967748,-92.793029242156805,26.383970175493467,-139.04920495686315,100.89252791687737
1798.186,14.903942497727831,7.990081650918738,12.007535469913321,5.5261045375197639,2.8964070278145098,2.4639771133989736,0.5344356681481489,4.3837114678907732,2.1853478956301013,8.4221055829278715,8.4876660197967748,-92.793029242156805,26.383970175493467,-139.04920495686315,100.89252791687737
1798.196,15.278118516076349,5.86267314851568,-1.5281751183098393,4.9744399091455236,16.806293634386186,0.88823323937015619,0.5481548800000009,4.2261826174069945,2.3489740462627653,-2.0832523397913216,-2.0127831184034388,-85.359881720983381,33.817117696611867,-138.30409681213661,101.63703936422013
1798.208,15.278118516076349,5.86267314851568,7.0839674607944474,5.593125015800716,8.1941510552819015,0.26954813271496381,0.5550772214814823,4.0673664307580042,-2.0832523397913216,6.5219261156092614,6.4594285454155216,-83.260394506905271,35.916604910686225,-138.21022012408758,101.73091377170344
1798.216,15.278118516076349,5.86267314851568,7.0839674607944474,5.593125015800716,8.1941510552819015,0.26954813271496381,0.562041345185186,4.0673664307580042,-2.0902164634950253,6.5149202407944466,6.4522137468895959,-83.260394506905271,35.916604910686225,-138.21022012408758,101.73091377170344
1798.226,15.412260184527701,4.780796487310816,0.46417527689595062,4.180039198525094,14.948084907631751,0.60075728878572221,0.562041345185186,3.7460659341591223,-2.0902164634950253,6.5149202407944466,6.4522137468895959,-79.430429337015084,39.746570080564197,-137.99944254592526,101.93861335597046
1798.236,15.412260184527701,4.780796487310816,8.1241056166637975,1.3854821609825194,7.2881545678639039,3.3953143263282968,0.5760948148148157,3.5836794954530022,6.5078726459796314,-0.11900882162256865,0.076227357756820296,-77.563074534032253,41.61392488354555,-136.81675736817922,103.12104676666468
1798.247,15.412260184527701,4.780796487310816,11.858815222627825,2.1265699333413153,3.553444961899876,2.6542265539695009,0.5831840985185193,3.5836794954530022,7.5409215181452787,11.268500182627825,11.494727828172184,-76.652618745128535,42.524380672449126,-135.89224745352067,104.0454262251944
1798.257,15.545060436294541,3.7097385927180015,9.4134927274953668,0.47696897932428328,6.1315677087991745,3.2327696133937183,0.5903150400000008,3.2556815445715701,2.3788328145054356,8.8160051193472171,8.8873701037823807,-71.8594296261182,47.317569791451774,-134.82236351595432,105.1201952567482
1798.266,15.545060436294541,3.7097385927180015,12.555526092518107,2.7286914681774306,2.9895343437764339,0.98104712454057097,0.5903150400000008,3.090169943749475,2.3788328145054356,8.8160051193472171,8.8873701037823807,-71.093457765402391,48.083541652167504,-134.48028875344164,105.46185907786746
1798.276,15.63569003549044,2.6475281583161854,3.4653654699307026,0.83048749875259631,12.170324565559737,1.8170406595635891,0.6047017718518526,2.9237170472273704,8.8087909556435147,11.943568592518107,12.207832321187412,-67.975204191092843,51.201795226473401,-133.49847364429269,105.74848922824395
1798.288,15.63569003549044,2.6475281583161854,9.7018726185459769,0.43154248242727533,5.9338174169444624,2.21598567588891,0.6119575000000008,2.5881904510252101,11.943568592518107,2.8461107084492201,3.204417766224763,-66.454854649878456,52.722144767687382,-132.71692481528504,106.51805702864009
1798.296,15.63569003549044,2.6475281583161854,9.7018726185459769,0.43154248242727533,5.9338174169444624,2.21598567588891,0.6119575000000008,2.5881904510252101,11.943568592518107,2.8461107084492201,3.204417766224763,-66.454854649878456,52.722144767687382,-132.71692481528504,106.51805702864009
1798.307,15.63569003549044,2.6475281583161854,12.742571700974274,-1.3802891282923895,2.8931183345161653,4.0278172866085749,0.6265935251851862,2.4192189559966772,2.8387719447455164,9.0678988585459752,9.1530620168883399,-65.713586285267226,53.463413132298591,-131.3001458194359,107.92065492493825
1798.316,15.705001865984581,1.6025193264477782,3.7750201115121591,-7.6000507314145764,11.929981754472422,9.2025700578623546,0.6339737600000009,2.2495105434386478,12.108597940974272,3.1336246766973432,3.4968826149265713,-62.656912813090798,56.520086604472702,-115.53912009952326,97.78126275123617
1798.326,15.732958472144011,0.5704221756392729,-0.43260445222266064,-42.62122341991703,16.165562924366672,43.191645595556302,0.6413954348148158,2.0791169081775931,12.101176266159458,3.1261615929936397,3.4891968809784233,-58.515008125333907,60.661991292227619,-52.154710186883172,33.442580413855296
1798.337,15.732958472144011,0.5704221756392729,7.8512049232889698,-14.11823046518062,7.8817535488550412,14.688652640819893,0.6488585185185196,1.9080899537654497,-1.0814629707411803,7.194841943288969,7.1623980541667338,-56.495562707659417,62.681436709901917,-43.991114325437344,37.395698250487349
1798.346,15.732958472144011,0.5704221756392729,11.890095758637665,-5.6264028047992873,3.8428627135063458,6.19682498043856,0.6563629800000012,1.7364817766693028,7.194841943288969,11.226186970489517,11.442032228788186,-55.510952944179884,63.666046473381456,-40.590824963995793,39.148281056526137
1798.356,15.760635512241846,-0.4513540036611474,3.6415534925923652,-39.786174879444012,12.119082019649481,39.334820875782867,0.6639087881481491,1.5643446504023097,11.226186970489517,2.9700575807405123,3.306843189855198,-52.405828621362211,66.771170796198362,-24.627274277758978,11.851444803644931
1798.366,15.760635512241846,-0.4513540036611474,9.8518021382268159,-13.997123579510843,5.9088333740150301,13.545769575849695,0.6639087881481491,1.3917310096006574,11.226186970489517,2.9700575807405123,3.306843189855198,-50.891880436228995,68.285118981331536,-16.672670402608055,8.4275478493277483
1798.376,15.760635512241846,-0.4513540036611474,12.879698508493149,-6.3203087990425892,2.8809370037486968,5.868954795381442,0.6791243200000009,1.2186934340514755,9.1726778182268145,12.192904527011667,12.468084861558472,-50.153733145176737,69.023266272383808,-13.217096175359282,6.9655874295331337
1798.387,15.74779630868892,-1.4492714205098909,10.203712147194853,-4.9452299737801155,5.5440841614940677,3.4959585532702246,0.6867939814814825,1.0452846326765373,3.6900249406287813,9.5092072820096671,9.6199080302285314,-45.819793581956624,73.357205835604532,-11.235690696042786,1.9302647210591086
1798.396,15.74779630868892,-1.4492714205098909,13.044698048550924,-2.5114904591652625,2.7030982601379971,1.0622190386553716,0.6867939814814825,0.87155742747658638,3.6900249406287813,9.5092072820096671,9.6199080302285314,-45.127211739461416,74.049787678099776,-10.825339328843873,1.5627572085352239
1798.406,15.74779630868892,-1.4492714205098909,13.044698048550924,-2.5114904591652625,2.7030982601379971,1.0622190386553716,0.6945048651851863,0.87155742747658638,9.5092072820096671,12.342441108550922,12.627717327011212,-45.127211739461416,74.049787678099776,-10.825339328843873,1.5627572085352239
1798.416,15.715146791892517,-2.4293172197449127,4.6294037411912505,-3.6484517244462822,11.085743050701266,1.2191345047013695,0.7100501748148159,0.52335956242943804,9.4936619723800373,12.326813510032403,12.611623369203805,-42.286847235993513,76.890152181568808,-10.49983460138041,1.030913514239074
1798.426,15.715146791892517,-2.4293172197449127,13.079854175089256,-3.5984579763466762,2.6352926168032607,1.1691407566017635,0.7178845385185196,0.17452406437283438,9.5922482096095383,12.354094175089255,12.641861621377542,-40.226777691604092,78.950221725958443,-8.7258254843968874,-0.71913310589680146
1798.437,15.715146791892517,-2.4293172197449127,13.079854175089256,-3.5984579763466762,2.6352926168032607,1.1691407566017635,0.7257600000000011,0.17452406437283438,9.5843727481280574,12.346177646941108,12.633708829384949,-40.226777691604092,78.950221725958443,-8.7258254843968874,-0.71913310589680146
1798.446,15.663031138721939,-3.3927321902567127,4.7961221317892253,-6.2630752599516057,10.866909006932714,2.8703430696948931,0.7336765281481492,1.2246467991473533e-15,12.346177646941108,4.0544880399373726,4.4248733693456055,-37.44248236159909,81.734517055965341,-7.7785768074260915,-1.7735400285008405
1798.456,15.663031138721939,-3.3927321902567127,13.079759549035302,-5.9319523290161129,2.5832715896866372,2.5392201387594002,0.7416340918518529,-0.34899496702500898,4.0544880399373726,9.6150801318009815,9.7367147729991022,-35.42307886429213,83.753920553272678,-5.9792850792179433,-3.5692663324910439
1798.466,15.663031138721939,-3.3927321902567127,14.403519786415181,-5.908026443673652,1.2595113523067578,2.5152942534169394,0.7416340918518529,-0.34899496702500898,4.0544880399373726,9.6150801318009815,9.7367147729991022,-35.100369658382718,84.076629759182111,-5.1013202709734928,-4.4452490465325312
1798.476,15.663031138721939,-3.3927321902567127,14.403519786415181,-5.908026443673652,1.2595113523067578,2.5152942534169394,0.7576722014814826,-0.34899496702500898,12.322087347553818,13.637767101229995,14.00742972165661,-35.100369658382718,84.076629759182111,-5.1013202709734928,-4.4452490465325312
1798.486,15.44405856776412,-5.231597004744719,-3.3397099466450939,-4.1462748786356851,18.783768514409214,-1.085322126109034,0.7576722014814826,-0.69756473744124836,12.322087347553818,13.637767101229995,14.00742972165661,-30.287634139835149,88.889365277746805,-5.4742340930613205,-4.0621767192043157
1798.496,15.44405856776412,-5.231597004744719,6.2857610904667922,-8.3879368449767533,9.158297477297328,3.1563398402320342,0.7738740800000012,-0.87155742747657938,-4.1135840266450954,5.5037247356519758,5.3803172148526226,-27.941115467362263,91.235883950222089,-4.3749949751275521,-5.1614996021839525
1798.506,15.44405856776412,-5.231597004744719,10.978798435414788,-7.9293645553773322,4.4652601323493322,2.6977675506326131,0.782036354814816,-1.0452846326765306,5.5037247356519758,10.188558956896268,10.353670698965827,-26.797036417300419,92.379963000284306,-3.4353976879001817,-6.1010438247702528
1798.517,15.31718700257652,-6.124657583130118,9.9633217833577703,-8.363287590534231,5.3538652192187506,2.2386300074041126,0.782036354814816,-1.2186934340514775,5.5037247356519758,10.188558956896268,10.353670698965827,-22.611795426398569,96.565203991196014,-2.0769244353981957,-7.4599257399392318
1798.526,15.31718700257652,-6.124657583130118,9.9633217833577703,-8.363287590534231,5.3538652192187506,2.2386300074041126,0.7984834200000012,-1.2186934340514775,3.5378673316853577,9.1565536352096206,9.2626896551601821,-22.611795426398569,96.565203991196014,-2.0769244353981957,-7.4599257399392318
1798.536,15.31718700257652,-6.124657583130118,12.706832733498501,-6.8040044777814908,2.6103542690780195,0.67934689465137232,0.8067681481481492,-1.5643446504023073,3.5295826035372095,9.1482281515059167,9.2541156296120324,-21.942976243646854,97.234023173947932,-1.8403278847678686,-7.6965200289395899
1798.547,15.154245331825837,-6.983279394741106,5.4582529828930291,-9.7872675948714267,9.6959923489328084,2.8039882001303207,0.815093631851853,-1.7364817766693048,11.891739101646648,4.6347931428930282,4.9915453159424281,-19.458690583427032,99.718308834180831,-0.86385866327002492,-8.6731271818120597
1798.556,15.154245331825837,-6.983279394741106,10.426824303345413,-9.5555641625556014,4.7274210284804248,2.5722847678144953,0.8234598400000012,-1.9080899537654472,4.6347931428930282,9.5949575618639305,9.7340013561507206,-18.247441249861886,100.92955816774781,0.031985183068882428,-9.5689701216945586
1798.567,14.974761503788294,-7.814380980935345,4.5383071085360598,-9.4799473547267468,10.436454395252234,1.6655663737914015,0.8318667414814828,-2.0791169081775909,9.5949575618639305,3.6979928033508731,3.9858415302067911,-15.573436046003064,103.60356337162939,0.61203949077807251,-10.149040556940401
1798.576,14.974761503788294,-7.814380980935345,12.493817187505016,-10.190709141167201,2.4809443162832778,2.3763281602318553,0.8403143051851865,-2.2495105434386495,9.0460032110907509,11.645014687505014,11.916394783837736,-13.634024158796185,105.54297525883993,2.211297090366716,-11.748297742808493
1798.586,14.974761503788294,-7.814380980935345,12.493817187505016,-10.190709141167201,2.4809443162832778,2.3763281602318553,0.8403143051851865,-2.2495105434386495,9.0460032110907509,11.645014687505014,11.916394783837736,-13.634024158796185,105.54297525883993,2.211297090366716,-11.748297742808493
1798.596,14.974761503788294,-7.814380980935345,13.765141290692981,-8.5355144340437796,1.2096202130953131,0.72113345310843435,0.8573312948148161,-2.419218955996675,11.6364858926902,12.899240632174461,13.248335208955167,-13.324097949949401,105.85290146768682,2.4624443612067215,-11.999444931713679
1798.607,14.534206999934312,-9.3460395055872,6.9936336785112019,-12.834195440628198,7.5405733214231105,3.4881559350409983,0.86590065851852,-2.7563735581699902,-1.7974921966467652,6.1191231185112009,6.0651983526117981,-7.4294563653971801,111.74754305241255,3.8110799663393724,-13.348081567254928
1798.617,14.534206999934312,-9.3460395055872,6.9936336785112019,-12.834195440628198,7.5405733214231105,3.4881559350409983,0.86590065851852,-2.7563735581699902,-1.7974921966467652,6.1191231185112009,6.0651983526117981,-7.4294563653971801,111.74754305241255,3.8110799663393724,-13.348081567254928
1798.627,14.534206999934312,-9.3460395055872,10.857691631146906,-10.404574251615688,3.6765153687874061,1.0585347460284886,0.8831609681481495,-2.9237170472273637,6.1104727103630525,9.9658397792950524,10.149153960605943,-6.4874677497324882,112.68953166808026,4.1797329932001981,-13.716734588563256
1798.636,14.308788736616894,-10.090144702151568,5.300616896836928,-11.340702937729649,9.0081718397799655,1.2505582355780813,0.891851851851853,-3.2556815445715674,6.1017818266593489,9.9571084511469046,10.140161905946686,-4.1794139352665951,114.99758548263638,4.6152614454220666,-14.152263178872087
1798.646,14.308788736616894,-10.090144702151568,9.9167245258572194,-13.789290870140505,4.3920642107596741,3.6991461679889373,0.9005831800000008,-3.2556815445715674,4.4000337168369272,9.0073696043757376,9.1393706158808463,-3.0540889819392087,116.12291043597617,5.9035530388459856,-15.440554769906432
1798.656,14.308788736616894,-10.090144702151568,12.167374432523559,-11.212707690117814,2.1414143040933347,1.122562987966246,0.9093549214814821,-3.5836794954530045,11.258019511042077,5.5092915242641993,5.847032109595462,-2.5054205572121737,116.67157886070511,6.2945050034215324,-15.831506733139587
1798.667,14.053158209374562,-10.773869973404667,6.4274585694493851,-13.710783231859889,7.6256996399251769,2.9369132584552222,0.9181670451851857,-3.74606593415912,11.249207387338373,5.5004390494493851,5.8379152710695363,-0.55158070439236107,118.62541871366605,7.3173357694205023,-16.854337577331613
1798.676,14.053158209374562,-10.773869973404667,10.335138275227706,-13.288986009628278,3.7180199341468558,2.5151160362236116,0.9270195200000004,-3.9073112848927356,5.5004390494493851,9.3992259604128918,9.5642391318963735,0.40104211897062181,119.57804153704832,8.193268401569858,-17.73027020904923
1798.686,14.053158209374562,-10.773869973404667,12.240383921971784,-13.149574253866682,1.8127742874027781,2.3757042804620152,0.9270195200000004,-4.067366430757998,5.5004390494493851,9.3992259604128918,9.5642391318963735,0.86550712733097068,120.04250654541161,9.020648480269692,-18.557650287026103
1798.696,13.800083987404655,-11.450757991945235,6.4004337532884392,-13.095365544505718,7.3996502341162156,1.6446075525604833,0.9448453985185183,-4.067366430757998,11.295538523453265,5.4466150132884392,5.7854811689920371,2.7614291025816673,121.93842852089141,9.5934114802369592,-19.130413299219835
1798.706,13.800083987404655,-11.450757991945235,10.192277704015027,-11.949839532475615,3.6078062833896283,0.4990815405303799,0.9538187399999998,-4.2261826174069927,5.4466150132884392,9.229445395866879,9.3928438462655315,3.6858132287241556,122.86281264706523,9.7672252530152903,-19.304227071977721
1798.716,13.800083987404655,-11.450757991945235,12.041045956329427,-13.190373853469062,1.759038031075228,1.7396158615238271,0.9628323081481478,-4.3837114678907705,9.229445395866879,11.069159884477575,11.346043246353581,4.1365100526395846,123.31350947098542,10.373076544912836,-19.910078363739622
1798.727,13.212930240825804,-12.611882439842342,1.3311951251739913,-13.553959770766625,11.881735115651813,0.94207733092428292,0.9718860718518513,-4.6947156278589084,11.069159884477575,0.350215125173992,0.68228992170831926,7.1808218769658385,126.35782129738199,10.701171257293586,-20.238173078589778
1798.736,13.212930240825804,-12.611882439842342,7.4198187758764789,-16.007811943226571,5.7931114649493249,3.3959295033842292,0.9718860718518513,-4.8480962024633696,11.069159884477575,0.350215125173992,0.68228992170831926,8.6651200510182296,127.84211947171212,11.883862403004334,-21.420864224326319
1798.746,13.212930240825804,-12.611882439842342,10.388415124249093,-15.176235397858051,2.8245151165767108,2.5643529580157089,0.9901140614814805,-5.0000000000000009,0.34108106369251079,6.4205305506912946,6.4307629826020696,9.3888110512278846,128.56581047196158,12.776942643614836,-22.313944464923114
1798.756,12.910068611831358,-13.155646729063298,6.3981542324416409,-14.909112891785355,6.511914379389717,1.7534661627220576,0.9992882251851839,-5.1503807491005418,6.4205305506912946,9.379912664249094,9.5725285807698324,11.057279313615535,130.2342787357608,13.38761754192306,-22.924619363718346
1798.766,12.910068611831358,-13.155646729063298,11.362062329629623,-13.773479240648307,1.5480062822017349,0.61783251158500896,1.0085024599999988,-5.4463903501502706,5.389651772441642,8.7173340237932813,8.8790235769665298,12.26739183617514,131.44439125854069,14.311834065395827,-23.848835887198284
1798.776,12.910068611831358,-13.155646729063298,11.362062329629623,-13.773479240648307,1.5480062822017349,0.61783251158500896,1.0085024599999988,-5.4463903501502706,5.389651772441642,8.7173340237932813,8.8790235769665298,12.26739183617514,131.44439125854069,14.311834065395827,-23.848835887198284
1798.786,12.584661873000064,-13.632263427204277,7.7759110041581323,-15.566217367160206,4.8087508688419316,1.9339539399559289,1.0270510185185167,-5.5919290347074666,11.128264785414292,6.7395257241581348,7.0733736677205634,13.692860410937138,132.86985983542436,16.081568465608914,-25.618570287889277
1798.797,12.584661873000064,-13.632263427204277,10.240085973997651,-14.219151594027494,2.3445758990024128,0.58688816682321665,1.036385279999998,-5.87785252292473,11.118930523932811,6.7301515160099861,7.0637194317279706,14.293582448892723,133.47058187366673,16.285962413637254,-25.822964235922505
1798.806,12.584661873000064,-13.632263427204277,10.240085973997651,-14.219151594027494,2.3445758990024128,0.58688816682321665,1.036385279999998,-5.87785252292473,11.118930523932811,6.7301515160099861,7.0637194317279706,14.293582448892723,133.47058187366673,16.285962413637254,-25.822964235922505
1798.816,12.584661873000064,-13.632263427204277,11.441530050181512,-16.669598580143948,1.1431318228185514,3.0373351529396704,1.0551736118518495,-6.0181502315204805,6.7207373923062832,9.1754583539976533,9.3770804757668422,14.58647314979166,133.76347257460816,17.343766878763976,-26.880768701071009
1798.826,11.886714701381282,-14.434619086529041,4.003754857728012,-15.956966737027898,7.8829598436532695,1.5223476504988565,1.0646276199999976,-6.0181502315204805,10.376902430181515,2.9296333762465334,3.2409404491519789,16.606227630565328,135.78322707763419,17.873950759815838,-27.410952583968967
1798.836,11.886714701381282,-14.434619086529041,8.0432638413364543,-14.896598973128597,3.8434508600448272,0.46197988659955591,1.0741214814814788,-6.2932039104983764,2.9296333762465334,6.9596086761512721,7.0474976774386677,17.590988086185764,136.76798753623001,18.034843240306635,-27.571845064477607
1798.846,11.886714701381282,-14.434619086529041,10.01278475545945,-17.325350801923449,1.8739299459218319,2.8907317153944074,1.0836551651851822,-6.2932039104983764,6.9596086761512721,8.9195561154594536,9.1283443757439926,18.07112226157173,137.24812171203797,19.041590524372388,-28.578592348638207
1798.856,11.527331785093837,-14.791936279715632,9.5149336605216206,-17.623577807547605,2.0123981245722167,2.8316415278319731,1.0836551651851822,-6.5605902899050736,6.9596086761512721,8.9195561154594536,9.1283443757439926,19.644260681266704,138.82126015075596,20.208829739933069,-29.745831565336527
1798.866,11.527331785093837,-14.791936279715632,9.5149336605216206,-17.623577807547605,2.0123981245722167,2.8316415278319731,1.1028418748148112,-6.5605902899050736,6.2970392981269923,8.4024388220031057,8.5913500009469157,19.644260681266704,138.82126015075596,20.208829739933069,-29.745831565336527
1798.876,11.527331785093837,-14.791936279715632,10.546158031049089,-15.651241597716549,0.98117375404474849,0.85930531800091714,1.112494838518515,-6.8199836006249832,8.4024388220031057,9.4239705310490933,9.6760436957091862,19.895654844769947,139.07265431459061,20.508097669389453,-30.045099494851016
1798.886,11.171542697969267,-15.145680300970357,7.5115061417808988,-17.646638850132078,3.6600365561883681,2.5009585491617212,1.1221874999999963,-6.9465837045899734,9.4239705310490933,6.3795863136327551,6.6623054295642277,21.290642848056407,140.46764235234815,21.379099706799511,-30.916101541745618
1798.896,11.171542697969267,-15.145680300970357,9.3870390432851138,-17.170635805822243,1.7845036546841531,2.0249555048518868,1.1221874999999963,-7.0710678118654746,9.4239705310490933,6.3795863136327551,6.6623054295642277,21.290642848056407,140.46764235234815,22.084325461216746,-31.621327296478569
1798.906,11.171542697969267,-15.145680300970357,10.747332134440001,-16.933229169710359,0.42421056352926634,1.7875488687400019,1.1319198281481442,-7.193398003386509,6.3795863136327551,8.245347251433266,8.4367348408422487,21.622258113805316,140.79925761880725,23.354419308829907,-32.89142114459451
1798.917,11.171542697969267,-15.145680300970357,10.747332134440001,-16.933229169710359,0.42421056352926634,1.7875488687400019,1.1515033599999955,-7.193398003386509,9.1499788222726828,9.5859776329585245,9.860476997626705,21.622258113805316,140.79925761880725,23.354419308829907,-32.89142114459451
1798.926,10.414842882417942,-15.707152287446496,5.3499928192687491,-15.688139622435614,5.0648500631491924,-0.019012665010881946,1.1613545014814768,-7.4314482547739402,9.5859776329585245,4.1787476340835692,4.4663269630723246,22.919962620015525,142.09696241899869,23.347797819879968,-32.884799655112616
1798.936,10.414842882417942,-15.707152287446496,9.2108313941990332,-17.584277084045638,1.2040114882189084,1.8771247965991424,1.17124518518518,-7.660444431189779,6.7741569381518243,6.7642267433370096,6.9674514514815646,23.861166387585051,143.03816623133989,24.828580727466164,-34.365582565684164
1798.946,10.414842882417942,-15.707152287446496,9.2108313941990332,-17.584277084045638,1.2040114882189084,1.8771247965991424,1.181175379999995,-7.660444431189779,6.7642267433370096,8.0196863393842239,8.2226131416843344,23.861166387585051,143.03816623133989,24.828580727466164,-34.365582565684164
1798.956,10.02554583137825,-15.947830052775364,7.4210319977075301,-17.410281116001528,2.6045138336707208,1.4624510632261636,1.181175379999995,-7.7714596145697108,6.7642267433370096,8.0196863393842239,8.2226131416843344,24.528489030069707,143.70548910888826,25.337904555787294,-34.874906459665475
1798.967,10.02554583137825,-15.947830052775364,9.4064032030750866,-17.505880945952079,0.61914262830316424,1.5580508931767145,1.201154178518513,-7.8801075360672215,8.0096772156805205,6.2098292777075361,6.4501195941779521,25.012487208112308,144.18948732316181,26.421714458183647,-35.958716366643635
1798.977,10.02554583137825,-15.947830052775364,9.4064032030750866,-17.505880945952079,0.61914262830316424,1.5580508931767145,1.2112027199999942,-7.8801075360672215,7.5444747951266837,8.1851125549269454,8.4114467987807462,25.012487208112308,144.18948732316181,26.421714458183647,-35.958716366643635
1798.986,9.632324440680389,-16.172191453183327,7.4800597843330365,-16.420644763072758,2.1522646563473522,0.24845330988943104,1.221290648148142,-7.9863551004729283,8.1851125549269454,6.2486418524811906,6.4941952291289988,25.563935470568957,144.74093601899744,26.508242605125243,-36.045244539443651
1798.996,9.632324440680389,-16.172191453183327,8.5829567378828528,-17.310064088132364,1.0493677027975359,1.1378726349490371,1.221290648148142,-8.1915204428899155,8.1851125549269454,6.2486418524811906,6.4941952291289988,25.832802108070499,145.00980271480938,26.904526417239502,-36.441528355535361
1799.006,9.632324440680389,-16.172191453183327,9.1206900688840733,-18.569149887504324,0.51163437179631543,2.3969584343209966,1.2415845399999934,-8.1915204428899155,7.3413721978828592,7.8688996274025982,8.0891407933390838,25.96389192844293,145.14089254362491,27.739308621623692,-37.276310567104609
1799.016,9.243035263889505,-16.39430923958721,7.1616915897870115,-16.899585759840761,2.0813436741024933,0.50527652025355252,1.2517904414814747,-8.3867056794542414,7.3311662964013777,7.8586544636988958,8.0785894525909363,26.497168732580498,145.67417026686178,27.915279845196114,-37.452281909821721
1799.026,9.243035263889505,-16.39430923958721,8.2282461071710031,-18.49949556249112,1.0147891567185017,2.1051863229039114,1.262035605185178,-8.3867056794542414,5.8996559846018339,6.9559261071710106,7.1329157867090656,26.757175699747073,145.93417735766758,28.648447367488057,-38.185449448238359
1799.036,9.243035263889505,-16.39430923958721,8.748260160272423,-17.03316051551775,0.49477510361708177,0.63885127593054136,1.2723199999999926,-8.571673007021122,5.8893715897870189,6.9456025123561957,7.1222836600498063,26.88394587144548,146.06094754725709,28.870938366384742,-38.407940451306786
1799.047,8.425031386440407,-16.770794381278947,5.2369470198822228,-18.437854029684303,3.1880843665581846,1.6670596484053561,1.2826435948148072,-8.6602540378443837,7.4656165654576156,3.9439406613637122,4.1679091583274408,27.700784400571944,146.87779687092493,29.451519174729174,-38.988524371180759
1799.056,8.01167092322184,-16.949992248926,5.8751807222448917,-18.052562864462956,2.1364902009769491,1.1025706155369548,1.2930063585185105,-8.7461970713939596,5.577628435584387,4.5717724622448994,4.7391013153124311,28.646448466721157,147.82347454882469,30.32019220076992,-39.857200862575915
1799.066,8.01167092322184,-16.949992248926,6.9699942275732667,-17.284584317325226,1.0416766956485741,0.33459206839922473,1.2930063585185105,-8.8294759285892699,5.577628435584387,4.5717724622448994,4.7391013153124311,28.913343760056456,148.09037147549409,30.436719669147323,-39.973728361565392
1799.076,8.01167092322184,-16.949992248926,7.5037863888936727,-17.884317947533219,0.50788453432816816,0.9343256986072177,1.3138492681481397,-8.9879404629916682,4.5613314540967522,5.6456648757214234,5.782504819344326,29.043472700374444,148.22050065014074,30.762114742435422,-40.299123506469584
1799.086,7.5955147649302726,-17.125794243618436,6.0060162352747284,-18.818181928698252,1.5894985296555442,1.6923876850798152,1.3243293518518433,-8.9879404629916682,6.1794570370418294,4.6711677552747375,4.8565514663859926,29.450720317047633,148.62776871671514,31.351511867570029,-40.888533202303186
1799.096,7.5955147649302726,-17.125794243618436,6.0060162352747284,-18.818181928698252,1.5894985296555442,1.6923876850798152,1.3243293518518433,-8.9879404629916682,6.1794570370418294,4.6711677552747375,4.8565514663859926,29.450720317047633,148.62776871671514,31.351511867570029,-40.888533202303186
1799.106,7.5955147649302726,-17.125794243618436,6.8205317126925706,-17.639375405621195,0.77498305223770192,0.51358116200275816,1.3454066214814724,-9.1354545764260102,6.1583797674122005,4.6500124900895523,4.8347638831119184,29.649283412475395,148.8263345572372,31.530375374447228,-41.067396818018985
1799.116,7.5955147649302726,-17.125794243618436,7.2176605482852949,-18.756789507772226,0.37785421664497765,1.630995264153789,1.3560037451851759,-9.2050485345244031,5.4645279675073946,5.8510207282853051,6.0149565673105272,29.746096198922785,148.92314773813064,32.09839766418758,-41.635419395137312
1799.126,7.176592745922609,-17.301438741657424,5.6548217708269135,-18.316705783550844,1.5217709750956958,1.01526704189342,1.3560037451851759,-9.2718385456678725,5.4645279675073946,5.8510207282853051,6.0149565673105272,30.135978100324898,149.31307564028975,32.451973062950358,-41.98901299631595
1799.136,7.176592745922609,-17.301438741657424,6.4346311189246421,-18.277437308094036,0.74196162699796719,0.97599856643661198,1.3773148148148049,-9.2718385456678725,4.2775069560121084,5.0466024204061339,5.1749276290864969,30.326078840683127,149.50318255288221,32.791881388844573,-42.328921803956653
1799.147,7.176592745922609,-17.301438741657424,6.8148385497979689,-17.597620571643034,0.36175419612464044,0.29618182998560982,1.3880286985185084,-9.3969262078590816,5.0466024204061339,5.4160571097979791,5.5674551824101632,30.418766287106173,149.59587088492773,32.895031829765692,-42.432072365506357
1799.157,6.761859947105023,-17.475326794716022,6.0302338231254282,-18.412041916131543,0.73162612397959492,0.93671512141552071,1.3880286985185084,-9.4551857559931687,5.0466024204061339,5.4160571097979791,5.5674551824101632,30.990636271136417,150.16785951295796,33.627634527542497,-43.16472561334831
1799.166,6.761859947105023,-17.475326794716022,6.4051448551090857,-17.759587461802923,0.35671509199593743,0.28426066708690101,1.4095730081481372,-9.5105651629515346,4.620660814977291,4.9847414832572454,5.1233613077065643,31.082032085354001,150.25925733976828,33.726633216642171,-43.263724567820667
1799.176,6.761859947105023,-17.475326794716022,6.4051448551090857,-17.759587461802923,0.35671509199593743,0.28426066708690101,1.4204033718518407,-9.5105651629515346,4.6098304512735879,4.9738723551090969,5.1121672686473048,31.082032085354001,150.25925733976828,33.726633216642171,-43.263724567820667
1799.186,5.895668991445497,-17.84176631614562,2.9231556949056881,-18.115804451950495,2.9725132965398089,0.27403813580487579,1.4312724999999886,-9.6126169593831907,4.9738723551090969,1.4809753334242182,1.630191504077491,31.842787526794908,151.02172900188862,33.822023034571814,-43.359213214446285
1799.197,5.895668991445497,-17.84176631614562,4.4463712809527465,-18.945445395873108,1.4492977104927505,1.1036790797274882,1.4421803614814699,-9.6592582628906829,1.4809753334242182,2.9932443557675734,3.0376736157702999,32.214010810953447,151.39318061584063,34.206397350797772,-43.743595291748136
1799.207,5.4582164152790416,-18.029043360591086,4.4135372620283988,-18.652600584883075,1.0446791532506428,0.62355722429198934,1.4531269251851733,-9.7029572627599645,1.8624610721216619,2.9494251020284108,3.0052989341920608,33.029411628343432,152.21108527200201,34.637481593607767,-44.175077363382776
1799.216,5.4582164152790416,-18.029043360591086,4.4135372620283988,-18.652600584883075,1.0446791532506428,0.62355722429198934,1.464112159999988,-9.7029572627599645,1.8514758373068472,2.9384012272135966,2.9939455023328021,33.029411628343432,152.21108527200201,34.637481593607767,-44.175077363382776
1799.226,5.02513836487425,-18.214447634592098,3.3541704987932803,-18.873391230588155,1.6709678660809697,0.65894359599605679,1.4751360348148022,-9.8162718344766393,2.9384012272135966,3.4626653417734592,3.5508173785898669,33.586044881407361,152.77174725191085,34.932373279940037,-44.470988556877195
1799.236,5.02513836487425,-18.214447634592098,4.21041583823461,-18.762372704318807,0.81472252663964007,0.54792506972670907,1.4751360348148022,-9.8162718344766393,2.9384012272135966,3.4626653417734592,3.5508173785898669,33.794529401840862,152.98076582942295,35.12319552110916,-44.661831381729563
1799.246,5.02513836487425,-18.214447634592098,4.6279009348194506,-18.380724114628507,0.39723743005479939,0.16627648003640871,1.497299579999987,-9.8768834059513768,1.8568709187932932,2.7019766500864755,2.7576827776502744,33.89627312472102,153.08258576128375,35.181104151316092,-44.719745018592654
1799.259,5.02513836487425,-18.214447634592098,4.8314558046134266,-18.871022562361205,0.19368256026082342,0.65657492776910686,1.5084391881481347,-9.8768834059513768,3.1194617466713161,3.3118384927615878,3.4054223451617274,33.945892730639912,153.1322184608747,35.409767620149388,-44.948428232940749
1799.266,4.589034031229413,-18.402104838036163,3.0500516804312667,-18.417951683537936,1.5389823507981459,0.015846845501773288,1.5084391881481347,-9.9026806874157032,3.1194617466713161,3.3118384927615878,3.4054223451617274,34.33577446972371,153.53100689055333,35.415256414468367,-44.953978436716717
1799.276,4.589034031229413,-18.402104838036163,3.8386413236391093,-18.664886633733104,0.75039270759030341,0.2627817956969416,1.530833919999986,-9.9452189536827333,3.3006218846134407,1.5079626989497994,1.6069813554882026,34.527453302899673,153.7238785909461,35.506772147093699,-45.045518024039382
1799.286,4.589034031229413,-18.402104838036163,4.2231522681663307,-18.907232877969349,0.36588176306308196,0.50512803993318656,1.5420889814814673,-9.961946980917455,1.5079626989497994,2.2852588584539388,2.3304977394224329,34.621119274440282,153.8177146031442,35.682691511452987,-45.221473777118639
1799.297,4.142391841665197,-18.59320733321531,2.4892932489466375,-18.733307409159579,1.6530985927185595,0.1401000759442681,1.5533824651851706,-9.9756405025982424,2.2852588584539388,2.6584379281663457,2.7269956939199638,35.03265866949463,154.25338569119847,35.730801029861517,-45.270972834919789
1799.306,4.142391841665197,-18.59320733321531,2.4892932489466375,-18.733307409159579,1.6530985927185595,0.1401000759442681,1.5647143399999852,-9.9756405025982424,2.6584379281663457,0.91320867413183793,0.99296181197682831,35.03265866949463,154.25338569119847,35.730801029861517,-45.270972834919789
1799.327,4.142391841665197,-18.59320733321531,3.3362960992351987,-18.772658322318549,0.80609574242999837,0.17945098910323765,1.5647143399999852,-9.9862953475457381,2.6584379281663457,0.91320867413183793,0.99296181197682831,35.237609047704858,154.46156633213488,35.793293444376324,-45.333505456057743
1799.327,3.685155189723053,-18.784478588195114,2.7706268535397953,-18.783484343025293,0.91452833618325746,-0.00099424516982082878,1.5874931385185032,-9.9862953475457381,0.22254796268789123,1.1716868535398111,1.1783632924204479,35.912187227737306,155.21693389707053,35.791847542822524,-45.331975002948546
1799.337,3.2249694785319805,-18.971487598630794,1.3008973522358644,-18.852098894003021,1.924072126296116,-0.11938870462777373,1.5989399999999843,-10.0,0.21110110120641012,1.160201725391663,1.1665347584278554,36.312527042116322,155.80310470170821,35.754147912106419,-45.286398546725948
1799.346,3.2249694785319805,-18.971487598630794,2.2861443993228932,-19.072302516082289,0.93882507920908731,0.10081491745149407,1.5989399999999843,-10.0,0.21110110120641012,1.160201725391663,1.1665347584278554,36.540820810576406,156.05629579877146,35.789241462005961,-45.321635742304949
1799.356,3.2249694785319805,-18.971487598630794,2.7669087129871173,-19.002082534567194,0.45806076554486319,0.030594935936399281,1.6219484918518356,-9.9984769515639123,0.6641959074710575,1.1333986529871334,1.1533245302112651,36.656522094987707,156.17552963075909,35.79989643357537,-45.33232449911943
1799.367,2.761927026776179,-19.15258671681794,1.0147961018148521,-19.137127586671113,1.7471309249613269,-0.015459130146826539,1.6335100599999839,-9.9862953475457381,0.65263433932290926,1.1217989115056526,1.1413779416853398,36.892585644648001,156.83515848671652,35.795829942670778,-45.325591239457857
1799.376,2.761927026776179,-19.15258671681794,1.0147961018148521,-19.137127586671113,1.7471309249613269,-0.015459130146826539,1.6335100599999839,-9.9862953475457381,0.65263433932290926,1.1217989115056526,1.1413779416853398,36.892585644648001,156.83515848671652,35.795829942670778,-45.325591239457857
1799.386,2.761927026776179,-19.15258671681794,1.9086120011722016,-19.026078971880168,0.85331502560397743,-0.12650774493777206,1.6567476851851681,-9.9862953475457381,-0.64195158337031599,0.24018832117221889,0.22092977367110941,37.083128390877718,157.08266514727345,35.751828347871985,-45.281129505169829
1799.397,2.288973495940943,-19.316197493990323,0.46137814594055726,-19.340383930296738,1.8275953500003856,0.02418643630641526,1.6684236799999828,-9.961946980917455,0.67672307371984841,-1.2187596088742401,-1.1984579166626446,37.069832818993746,158.24141575123787,35.741299549467556,-45.281713322194129
1799.406,2.288973495940943,-19.316197493990323,1.395165744450992,-19.323538604521332,0.89380775148995095,0.00734111053100861,1.6801377548147973,-9.9254615164132201,-1.2187596088742401,-0.29672413406750864,-0.33328692233373586,37.220547190706711,158.54985916712792,35.743846865419506,-45.284330645760356
1799.417,2.288973495940943,-19.316197493990323,1.8512575647274616,-18.953571139753379,0.43771593121348129,-0.36262635423694434,1.6918898785185006,-9.9026806874157032,-1.2305117325779433,-0.30851427554898958,-0.34542962752632789,37.321931443298261,158.67387368306441,35.617597552444138,-45.155455454872424
1799.426,1.8185780083424676,-19.1214847199227,2.8662104005016715,-20.081063016737986,-1.0476323921592039,0.95957829681528395,1.7036800199999815,-9.8768834059513786,0.14757754472748008,1.150702252353542,1.1551295786953664,37.902870553418012,157.58548872146534,35.367710822439889,-46.060820541533353
1799.436,1.352886475619977,-18.928719073595758,1.4531846787561165,-21.770714368963226,-0.10029820313613946,2.8419952953674681,1.7155081481481296,-9.8480775301220813,0.13574941657933204,1.1388361686498385,1.1429086511472184,38.06323411786677,157.39111815529751,32.305580216728465,-50.719234705466285
1799.446,1.352886475619977,-18.928719073595758,1.3990893933623454,-19.502787735974394,-0.046202917742368399,0.57406866237863596,1.727374231851833,-9.8162718344766411,1.1388361686498385,-0.28609356124386465,-0.25192847618436948,38.076126149529493,157.35664644031829,32.499027354441345,-50.949617088088388
1799.457,0.8922402428589871,-18.71993828211287,-2.7135548403375935,-24.057594062353672,3.6057950831965808,5.3376557802408016,1.739278239999981,-9.7814760073380587,-0.28609356124386465,-0.35213074811911671,-0.36071355495643265,30.841702799184521,164.63863943148419,22.551939085799951,-61.760337589096771
1799.467,0.8922402428589871,-18.71993828211287,-0.58607740155201782,-19.986200440221907,1.4783176444110049,1.2662621581090363,1.751220141481462,-9.7437006478523518,-0.35213074811911671,-4.4767547455227588,-4.4873186679663322,30.1765291371803,165.83854406505199,22.949910725233607,-62.357364532266267
1799.476,0.8922402428589871,-18.71993828211287,0.13989201703131471,-18.727865718879642,0.75234822582767236,0.0079274367667707679,1.7631999051851655,-9.7029572627599663,-4.4767547455227588,-2.3612949015519975,-2.4955975439176803,30.187968590131927,166.19293255993267,22.95251529795269,-62.361021657359501
1799.486,0.8922402428589871,-18.71993828211287,0.50243110461224205,-18.314918988790993,0.38980913824674501,-0.40501929332187814,1.77521749999998,-9.6592582628906811,-1.6353254829686652,-1.2848417902025526,-1.3339015546916126,30.250653459376011,166.33575993132445,22.819407709081148,-62.174203059726594
1799.496,0.8922402428589871,-18.71993828211287,0.50243110461224205,-18.314918988790993,0.38980913824674501,-0.40501929332187814,1.77521749999998,-9.6592582628906811,-1.6353254829686652,-1.2848417902025526,-1.3339015546916126,30.250653459376011,166.33575993132445,22.819407709081148,-62.174203059726594
1799.506,0.4369979697030013,-18.474382270392166,-5.9704165132304752,-25.036112131058189,6.4074144829334765,6.5617298606660235,1.7993660585184978,-9.6592582628906811,-1.2969349539062558,-7.7819134732304542,-7.820821521847642,20.41724037213514,174.34113481144013,12.215876478285512,-71.116428456466735
1799.521,0.4369979697030013,-18.474382270392166,-0.85723540719388325,-18.613374391340585,1.2942333768968846,0.13899212094841928,1.811496959999979,-9.5630475596303537,-7.7819134732304542,-3.831744276993331,-4.0652016811902447,19.363500089533488,176.51235081940865,12.701956930422766,-72.386823953441734
1799.526,0.4369979697030013,-18.474382270392166,-0.85723540719388325,-18.613374391340585,1.2942333768968846,0.13899212094841928,1.8236655681481266,-9.5630475596303537,-3.831744276993331,-2.6931072590457132,-2.8080595873555132,19.363500089533488,176.51235081940865,12.701956930422766,-72.386823953441734
1799.537,-0.012439184402862125,-18.233701414584203,-2.4143326565710197,-19.269430752718918,2.4018934721681577,1.0357293381347148,1.8358718518518302,-9.3969262078590852,-2.6931072590457132,-7.9136328321620848,-7.9944260499334563,12.16983687126751,181.1678882984933,6.5738187892502307,-76.63589307593972
1799.546,-0.012439184402862125,-18.233701414584203,-1.3205008848369175,-17.415137729396605,1.3080617004340553,-0.81856368518759837,1.848115779999978,-9.3969262078590852,-4.2624484365709971,-3.1808982063183766,-3.3087716594155063,11.984253256546184,181.73579275608355,6.5809673234809809,-76.06860469537439
1799.556,-0.012439184402862125,-18.233701414584203,-1.3205008848369175,-17.415137729396605,1.3080617004340553,-0.81856368518759837,1.848115779999978,-9.3969262078590852,-4.2624484365709971,-3.1808982063183766,-3.3087716594155063,11.984253256546184,181.73579275608355,6.5809673234809809,-76.06860469537439
1799.566,-0.8950126836838392,-17.821350905280056,-5.0328045927817016,-22.598551805227586,4.1377919090978619,4.7772008999475304,1.8727164451851623,-9.3358042649720208,-3.1932173300220796,-6.917877712781678,-7.01367423268234,9.1299067060236112,182.27221139640037,2.7980772109979912,-76.705475875382405
1799.576,-0.8950126836838392,-17.821350905280056,-2.458779916899033,-18.650004335682667,1.5637672332151937,0.82865343040261052,1.8850731199999766,-9.2718385456678742,-6.917877712781678,-4.3562472317138248,-4.5637835630972754,8.5825289557217701,182.65398177977298,2.5230717737803592,-77.085425409640948
1799.586,-1.3285165583094503,-17.593431648590666,-0.32354731838557882,-16.750443111995864,-1.0049692399238714,-0.84298853659480244,1.8974673148147916,-9.1354545764260067,-3.5837253442727093,-2.2334463169040735,-2.3409580772322549,8.7401985153758268,182.69353076737357,3.0760238977676488,-76.689919727825867
1799.597,-1.3285165583094503,-17.593431648590666,-0.83502450142202633,-17.337341071501854,-0.49349205688742392,-0.25609057708881267,1.9098989985184944,-8.9879404629916699,-3.5961570279764121,-2.2459154583855545,-2.3538001692248467,8.8781234452828528,182.5671351221263,3.1645086520387937,-76.588549501238475
1799.61,-1.3285165583094503,-17.593431648590666,-0.83502450142202633,-17.337341071501854,-0.49349205688742392,-0.25609057708881267,1.9098989985184944,-8.9879404629916699,-3.5961570279764121,-2.2459154583855545,-2.3538001692248467,8.8781234452828528,182.5671351221263,3.1645086520387937,-76.588549501238475
1799.616,-1.756415815121551,-17.346515200519523,0.73789110228014465,-16.272142977393131,-2.4943069174016959,-1.0743722231263924,1.934874708148124,-8.9100652418836788,-2.7698992095701502,-1.2095275695716825,-1.2926245458587871,9.6779903773967142,182.04859661270734,3.6359416059313192,-76.284528629157805
1799.626,-1.756415815121551,-17.346515200519523,-1.1531592781314828,-16.205077370132571,-0.6032565369900682,-1.1414378303869519,1.934874708148124,-8.8294759285892717,-2.7698992095701502,-1.2095275695716825,-1.2926245458587871,10.164722970288013,181.58285435036413,4.4172034144846775,-75.456317457519134
1799.636,-1.756415815121551,-17.346515200519523,-1.4584968089549477,-16.999895094244934,-0.29791900616660327,-0.34662010627458884,1.9599999999999753,-8.7461970713939614,-2.4942031175216597,-3.1257779396129388,-3.2006040331385885,10.240399481810853,181.50336422489619,4.5376701301067861,-75.328447236326724
1799.646,-1.756415815121551,-17.346515200519523,-1.4584968089549477,-16.999895094244934,-0.29791900616660327,-0.34662010627458884,1.972618661481456,-8.7461970713939614,-3.1257779396129388,-3.4437714341401073,-3.5375447723284954,10.240399481810853,181.50336422489619,4.5376701301067861,-75.328447236326724
1799.656,-1.756415815121551,-17.346515200519523,-1.6092818775069588,-16.408468597970838,-0.14713393761459215,-0.93804660254868466,1.9852746251851596,-8.5716730070211238,-3.4437714341401073,-3.6072497375069328,-3.7105628805311359,10.277624677105031,181.46396580346243,4.8636852314015968,-74.982396247388721
1799.666,-2.1800360793655305,-17.10206791692909,-0.90625238776803485,-15.696355271492919,-1.2737836915974956,-1.4057126454361715,1.997967859999974,-8.3867056794542432,-3.6072497375069328,-1.5857059713577093,-1.6939234634829172,11.386111582679909,180.56387124711094,6.0294281022737328,-74.006740519356299
1799.676,-2.1800360793655305,-17.10206791692909,-0.90625238776803485,-15.696355271492919,-1.2737836915974956,-1.4057126454361715,2.0106983348147884,-8.3867056794542432,-2.9169507225828233,-3.5790851950717135,-3.6665937167491984,11.547045186704247,180.40247731858341,6.0294281022737328,-74.006740519356299
1799.686,-2.595166413672504,-16.84608622089528,0.52249496860557088,-15.816644956619385,-3.117661382278075,-1.0294412642758957,2.0234660185184916,-8.2903757255504207,-3.5790851950717135,-1.5137759113944016,-1.621148467246553,12.412459570541072,179.66288262553959,6.8996137527148456,-73.193283064198098
1799.696,-2.595166413672504,-16.84608622089528,0.52249496860557088,-15.816644956619385,-3.117661382278075,-1.0294412642758957,2.0362708799999725,-8.2903757255504207,-3.5918900565531944,-1.5266179195425496,-1.6343746212391455,12.412459570541072,179.66288262553959,6.8996137527148456,-73.193283064198098
1799.706,-2.595166413672504,-16.84608622089528,-1.0729265321641606,-16.533649912454464,-1.5222398815083436,-0.31243630844081594,2.0491128881481204,-8.0901699437494763,-1.5266179195425496,-3.1349185440159841,-3.1807170816022605,12.810492992936059,179.27822960547164,7.0084681572178535,-73.083320766829914
1799.716,-2.595166413672504,-16.84608622089528,-1.8512033232471481,-14.749202842373592,-0.74396309042535602,-2.0968833785216887,2.0619920118518236,-7.986355100472931,-3.1349185440159841,-3.9261115432471199,-4.0201590995675991,13.001827364936078,179.08710285855952,7.7386605269650248,-72.344952014535721
1799.727,-3.0014132446444437,-16.534427064202834,0.61865282757727869,-15.326531738092328,-3.6200660722217224,-1.2078953261105063,2.0749082199999718,-7.7714596145697081,-4.3064529459996406,-1.469208653904174,-1.5984022422841633,14.06318487998897,178.1029237510717,8.7660631619999876,-71.356057283452728
1799.736,-3.0014132446444437,-16.534427064202834,-1.2351816670100106,-15.081373737297248,-1.7662315776344331,-1.4530533269055859,2.0878614814814527,-7.7714596145697081,-1.469208653904174,-3.3360334321951668,-3.3801096918122919,14.520681427856546,177.65400281500109,9.2722369517458816,-70.847657740956251
1799.746,-3.0014132446444437,-16.534427064202834,-1.2351816670100106,-15.081373737297248,-1.7662315776344331,-1.4530533269055859,2.0878614814814527,-7.7714596145697081,-1.469208653904174,-3.3360334321951668,-3.3801096918122919,14.520681427856546,177.65400281500109,9.2722369517458816,-70.847657740956251
1799.756,-3.397185595707154,-16.19197165586062,1.2460965642584938,-16.118427633726611,-4.643282159965648,-0.073544022134008458,2.100851765185156,-7.5470958022277221,-3.3360334321951668,-0.86778247574147649,-0.96786347870733147,15.739068750448105,176.49101401354864,9.2985444093594793,-70.822680931408229
1799.766,-3.7851643416293443,-15.823600698726223,-0.7046297342723733,-14.094673138517152,-3.080534607356971,-1.7289275602090708,2.126943274814785,-7.4314482547739455,0.40521434273480139,-2.8446741727908615,-2.8325177425088177,18.176737847016302,174.11114249335751,10.566107342970934,-69.570776527641669
1799.777,-3.7851643416293443,-15.823600698726223,-0.7046297342723733,-14.094673138517152,-3.080534607356971,-1.7289275602090708,2.1400444385184882,-7.4314482547739455,0.3921131790310981,-2.8578122342723429,-2.8460488389014098,18.176737847016302,174.11114249335751,10.566107342970934,-69.570776527641669
1799.786,-4.164708044516516,-15.419008004973541,0.983222673496158,-13.289765759128521,-5.1479307180126739,-2.1292422458450204,2.1531824999999696,-7.0710678118654773,-2.8578122342723429,-4.449228373520171,-4.534962740548341,19.888074271817949,172.41398393337107,11.495260730754234,-68.650841098292346
1799.796,-4.164708044516516,-15.419008004973541,-1.654574205751004,-13.54955117996807,-2.5101338387655119,-1.8694568250054715,2.166357428148117,-7.0710678118654773,-1.1831347546519591,-3.834143397602825,-3.8696374402423839,20.532085655172089,171.77153097705317,12.146350994544942,-67.999478997780884
1799.806,-4.164708044516516,-15.419008004973541,-2.9407278038882794,-14.851689387109204,-1.2239802406282365,-0.56731861786433768,2.179569191851821,-6.8199836006249823,-1.196346518355663,-3.8473919657509725,-3.8832823613016423,20.845781346808494,171.45792815720702,12.343929048065723,-67.801805628812573
1799.816,-4.164708044516516,-15.419008004973541,-3.567874954256439,-12.736003363928788,-0.59683309026007692,-2.6830046410447537,2.1928177599999685,-6.6913060635885815,-3.8473919657509725,-5.146830905369729,-5.2622526643422578,20.998700952790394,171.30496665951046,13.278329458447484,-66.866954145313713
1799.826,-4.53516996436672,-14.98595577701894,0.45153823415836314,-13.321381556123704,-4.9867081985250827,-1.6645742208952363,2.1928177599999685,-6.6913060635885815,-3.8473919657509725,-5.146830905369729,-5.2622526643422578,22.279852304389287,170.03054411321369,13.860094737197864,-66.28915341906216
1799.836,-4.53516996436672,-14.98595577701894,-2.10374096253895,-14.480813738588019,-2.4314290018277696,-0.50514203843092176,2.219425185185153,-6.5605902899050736,-5.7873001394415926,-1.7812457458416047,-1.9548647500248524,22.903256860067039,169.40791385334572,14.036022058371431,-66.113191778918321
1799.846,-4.53516996436672,-14.98595577701894,-3.3496323773308347,-13.525504494789729,-1.1855375870358849,-1.4604512822292115,2.232783979999968,-6.4278760968653961,-1.7812457458416047,-4.3499204173537311,-4.4033577897289788,23.207057878360708,169.10416285248613,14.544648914435427,-65.604447985481087
1799.856,-5.253256449572765,-14.074612576186428,5.1522489605135604,-13.218166103465649,-10.405505410086326,-0.85644647272077989,2.2461794548147815,-6.2932039104983781,-4.3499204173537311,-5.609243955849319,-5.7397415683699311,25.878818442371387,166.44363460098077,14.843731004556867,-65.306969294848912
1799.866,-5.253256449572765,-14.074612576186428,-0.17989367260722133,-12.467988656606209,-5.0733627769655438,-1.606623919580219,2.2596115785184843,-6.1566147532565889,-5.609243955849319,2.8791686405135941,2.7108913218381145,27.179433384965861,165.14443505533606,15.403272923959545,-64.747411802551753
1799.876,-5.5933848174387215,-13.561676231011617,2.3489925632761697,-12.221581794969467,-7.9423773807148912,-1.3400944360421505,2.2730803199999663,-5.8778525229247336,2.8791686405135941,-2.4664793207553348,-2.3801042615399268,29.215407219118134,163.11041321815239,15.870191634252658,-64.280895600462173
1799.888,-5.5933848174387215,-13.561676231011617,-1.7209466866611649,-10.367381464667993,-3.8724381307775566,-3.1942947663436243,2.2865856481481135,-5.7357643635104649,-2.4664793207553348,0.048865031424352168,-0.02512934819830788,30.207720227398141,162.11833510018155,16.982662296685245,-63.168399010733516
1799.896,-5.5933848174387215,-13.561676231011617,-1.7209466866611649,-10.367381464667993,-3.8724381307775566,-3.1942947663436243,2.2865856481481135,-5.7357643635104649,-2.4664793207553348,0.048865031424352168,-0.02512934819830788,30.207720227398141,162.11833510018155,16.982662296685245,-63.168399010733516
1799.906,-5.5933848174387215,-13.561676231011617,-3.7053103136942696,-11.171436293627181,-1.888074503744452,-2.3902399373844361,2.313705939999965,-5.7357643635104649,-4.0346526266611296,-6.0326311551757152,-6.1536707339755488,30.69149280098766,161.63458339987511,17.815104563545486,-62.335933692557646
1799.916,-5.913492360859797,-12.971828238915789,0.75352671873577037,-11.903439316967194,-6.6670190795955673,-1.0683889219485945,2.3273208414814457,-5.4463903501502697,-7.0001420226492934,-1.5874454864493788,-1.7974497471288575,32.635882430464591,159.6908050680683,18.439897024429108,-61.711308895760283
1799.926,-5.913492360859797,-12.971828238915789,0.75352671873577037,-11.903439316967194,-6.6670190795955673,-1.0683889219485945,2.3273208414814457,-5.4463903501502697,-7.0001420226492934,-1.5874454864493788,-1.7974497471288575,32.635882430464591,159.6908050680683,18.439897024429108,-61.711308895760283
1799.936,-5.913492360859797,-12.971828238915789,-2.6628829606288065,-11.192222234857567,-3.2506094002309904,-1.7796060040582216,2.3546599999999636,-5.1503807491005453,-1.6011332812641932,-5.0312671554435848,-5.0793011538815103,33.468785532302938,158.85797318999812,19.05967627245326,-61.091522078182315
1799.947,-6.230398828846662,-12.387878726740919,0.69850728013977914,-10.405986634128098,-6.9289061089864408,-1.9818920926128207,2.3683841948147784,-4.8480962024633687,-5.0312671554435848,-6.710750530834491,-6.8616885454977989,35.65036359347107,156.676768322562,20.968984835784347,-59.182379366399125
1799.956,-6.230398828846662,-12.387878726740919,0.69850728013977914,-10.405986634128098,-6.9289061089864408,-1.9818920926128207,2.3683841948147784,-4.8480962024633687,-5.0312671554435848,-6.710750530834491,-6.8616885454977989,35.65036359347107,156.676768322562,20.968984835784347,-59.182379366399125
1799.966,-6.230398828846662,-12.387878726740919,-4.5832607070162794,-10.210582437730437,-1.6471381218303822,-2.1772962890104814,2.395941659999963,-4.5399049973954693,-5.248047862861398,-6.9930355751643898,-7.1504770110502314,36.937994444707357,155.38918391518683,22.465757987482256,-57.685595618948227
1799.977,-6.230398828846662,-12.387878726740919,-4.5832607070162794,-10.210582437730437,-1.6471381218303822,-2.1772962890104814,2.395941659999963,-4.5399049973954693,-5.248047862861398,-6.9930355751643898,-7.1504770110502314,36.937994444707357,155.38918391518683,22.465757987482256,-57.685595618948227
1799.986,-6.51377330667095,-11.711175385525745,1.3395980618666812,-10.179113549893287,-7.8533713685376307,-1.532061835632458,2.423644351851814,-4.3837114678907705,-7.0069050588680932,-1.09795201813328,-1.3081591698993229,38.950280245424374,153.37711704474597,22.999363381788022,-57.152064659863278
1799.996,-6.51377330667095,-11.711175385525745,-2.684745759620796,-9.6843122614648465,-3.8290275470501536,-2.026863124060899,2.437550079999961,-4.3837114678907705,-1.09795201813328,-5.1362377811022384,-5.1691763416462368,39.93135917375988,152.39606355962667,23.705253733823017,-56.446171706415122
1800.007,-6.770658970172157,-10.967493067957538,1.833213131916807,-8.3611108891936183,-8.6038721020889639,-2.6063821787639192,2.451492021481443,-4.0673664307580015,-1.1118939596147617,-5.1502159048059415,-5.1835727235943843,42.614227552754144,149.71333119451816,24.827221434886631,-55.324274304593182
1800.017,-6.770658970172157,-10.967493067957538,1.833213131916807,-8.3611108891936183,-8.6038721020889639,-2.6063821787639192,2.465470145185146,-4.0673664307580015,-7.1123440036523622,-0.64627128808315337,-0.85964160819272428,42.614227552754144,149.71333119451816,24.827221434886631,-55.324274304593182
1800.026,-7.024975777038352,-10.23124757356501,4.7866953228684679,-10.176572304213476,-11.811671099906821,-0.054675269351534439,2.465470145185146,-3.7460659341591236,-7.1123440036523622,-0.64627128808315337,-0.85964160819272428,45.640668942240509,146.68704905941888,24.846263515348355,-55.305233140029472
1800.037,-7.024975777038352,-10.23124757356501,-4.2171144510836029,-7.6273121156612333,-2.8078613259547494,-2.603935457903777,2.493534814814775,-3.4202014332566861,2.2931605080536928,-3.7736447123310541,-3.7048498970894435,47.835650338880527,144.49208842097227,26.877892157561401,-53.273601566731109
1800.046,-7.024975777038352,-10.23124757356501,-5.6559619763847309,-7.8062625402024644,-1.3690138006536214,-2.424985033362546,2.5076212985184783,-3.2556815445715754,-6.7247357496020808,-8.177705816384691,-8.3794478888727539,48.186416084926002,144.14132248577823,27.722435105120486,-52.429057285279633
1800.057,-7.250425836409473,-9.443870640933499,1.5162485555271275,-7.8501659831804496,-8.7666743919366006,-1.5937046577530491,2.521743839999959,-3.0901699437494763,-6.7388582910835622,-8.1918643845328383,-8.3940301332653444,50.432618616175617,141.89516781612008,28.277478548836914,-51.874029782050002
1800.066,-7.250425836409473,-9.443870640933499,1.5162485555271275,-7.8501659831804496,-8.7666743919366006,-1.5937046577530491,2.521743839999959,-3.0901699437494763,-6.7388582910835622,-8.1918643845328383,-8.3940301332653444,50.432618616175617,141.89516781612008,28.277478548836914,-51.874029782050002
1800.077,-7.250425836409473,-9.443870640933499,-2.9761063815766278,-7.3051203555544006,-4.2743194548328454,-2.1387502853790981,2.55009697185181,-2.9237170472273628,-8.2060589482365405,-1.04807894447283,-1.2942607129199262,51.527778312791597,140.80001356427363,29.022335362832695,-51.129172336272546
1800.086,-7.250425836409473,-9.443870640933499,-5.1664192262975774,-7.1303048900747541,-2.0840066101118957,-2.3135657508587446,2.5643274999999575,-2.7563735581699977,-5.5404338815765852,-7.7450131877790156,-7.9112262042263133,52.061738179583941,140.26605401485136,29.828074630202348,-50.323432267537186
1800.096,-7.459677239564879,-8.640870639204548,-2.9471112140011115,-6.4818373406886529,-4.5125660255637676,-2.1590332985158955,2.5785939614814386,-2.588190451025207,-0.7829499915499345,-5.540007539186254,-5.5634960389327519,55.58933459454159,136.73849390499848,31.127654783577988,-49.023863050478511
1800.106,-7.459677239564879,-8.640870639204548,-5.2595102154201214,-7.9856786623462774,-2.2001670241447577,-0.65519197685827102,2.5785939614814386,-2.4192189559966786,-0.7829499915499345,-5.540007539186254,-5.5634960389327519,56.153056723654927,136.17477198538566,31.355836727530125,-48.795680969571961
1800.117,-7.812644518177963,-6.956981064702261,10.45192299813705,-6.7524234937027607,-18.264567516315012,-0.20455757099950045,2.6072345599999567,-2.2495105434386535,-7.8667447754200781,7.8303143633222785,7.5943120200596761,60.832797734401133,131.49509795340467,31.427081788769449,-48.724444460422674
1800.127,-7.812644518177963,-6.956981064702261,10.45192299813705,-6.7524234937027607,-18.264567516315012,-0.20455757099950045,2.621608634814771,-2.2495105434386535,-7.881118850234893,7.8159044796185757,7.5794709141115293,60.832797734401133,131.49509795340467,31.427081788769449,-48.724444460422674
1800.136,-7.812644518177963,-6.956981064702261,1.0925094874668986,-5.1978207860722883,-8.9051540056448619,-1.7591602786299729,2.636018518518474,-1.9080899537654465,7.8159044796185757,-1.5579546925330567,-1.3234775581444995,63.114460868352268,129.2134430229078,32.039741045368956,-48.111786473278485
1800.146,-7.812644518177963,-6.956981064702261,-3.4708078300085532,-3.0089308220822559,-4.3418366881694102,-3.9480502426200053,2.636018518518474,-1.7364817766693128,7.8159044796185757,-1.5579546925330567,-1.3234775581444995,64.226917145018021,128.10098755135161,33.414720261137795,-46.736809303482858
1800.156,-7.971288425636683,-6.102172833473926,2.8523573815476553,-4.0431889327661068,-10.823645807184338,-2.058983900707819,2.6649455881481035,-1.7364817766693128,-6.1357534181566571,0.17289466969584932,-0.01117793284885038,67.000133488492295,125.32778242737706,34.131982041204687,-46.019910341062342
1800.166,-7.971288425636683,-6.102172833473926,-2.6940634248416799,-5.4773423229327349,-5.2772250007950028,-0.62483051054119088,2.679462711851806,-1.3917310096006588,0.17289466969584932,-5.3880789448416335,-5.3828921047507583,68.352253085167675,123.97566406049923,34.349592502358142,-45.802302542435861
1800.176,-7.971288425636683,-6.102172833473926,-5.3983010660862973,-2.4650506803253478,-2.5729873595503854,-3.637122153148578,2.6940155199999536,-1.2186934340514812,-5.3880789448416335,-8.1069050475677322,-8.2685474159129804,69.011498269409628,123.31641892188215,35.616295789693559,-44.535611657423956
1800.188,-8.096182649505224,-5.2219057458001625,2.0858760088188717,-3.2702062482317746,-10.182058658324095,-1.9516994975683879,2.6940155199999536,-1.0452846326765342,-5.3880789448416335,-8.1069050475677322,-8.2685474159129804,71.620326015973305,120.70759738871227,36.297079140100735,-43.856929570579439
1800.196,-8.096182649505224,-5.2219057458001625,-3.1317727864964695,-2.8955440092046008,-4.9644098630087541,-2.3263617365955618,2.723228065185139,-1.0452846326765342,-0.63735205636626713,-5.8696605264964221,-5.8887810881874101,72.892296491105157,119.43562755241452,37.107327873252423,-43.046740054345506
1800.206,-8.096182649505224,-5.2219057458001625,-5.6757128617412036,-4.5159349111539502,-2.42046978776402,-0.70597083464621235,2.7378877399999526,-0.69756473744124758,-5.8696605264964221,-8.4282958365559715,-8.6043856523508637,73.512463925926909,118.81546011675211,37.353208680150232,-42.800873543677071
1800.216,-8.096182649505224,-5.2219057458001625,-6.9160476170700349,-1.5304689079409792,-1.1801350324351887,-3.6914368378591833,2.7378877399999526,-0.5233595624294437,-5.8696605264964221,-8.4282958365559715,-8.6043856523508637,73.814835502766527,118.51308849870121,38.638889887062106,-41.515266994921099
1800.226,-8.275416201412357,-3.438567236443408,10.312590208698033,-2.442737642084075,-18.588006410110388,-0.99582959435933294,2.767313738518471,-0.34899496702500821,7.5452764701795623,-1.9946451328384933,-1.7682868387331065,78.57741987742277,113.75051691389346,39.009625109466398,-41.191712739652495
1800.237,-8.275416201412357,-3.438567236443408,0.78743486716145838,-1.3927145748890819,-9.0628510685738153,-2.045852661554326,2.7820799999999517,-0.17452406437284448,7.5305102086980815,-2.0094468609866407,-1.7835315547256982,80.8994842953649,111.42845394629765,39.723827250407226,-40.479454866654358
1800.246,-8.275416201412357,-3.438567236443408,-6.1210034778492783,-0.97544141661651518,-2.1544127235630786,-2.4631258198268928,2.796881728148099,-2.4492935982947065e-15,-6.6535739452454532,-8.9327223697010822,-9.132329588058445,82.583638890915097,109.74429939096726,41.408955879411572,-38.797800221038855
1800.256,-8.346851207969658,-2.5497643515134043,1.6630262733231405,-3.081585255068727,-10.009877481292799,0.53182090355532274,2.811718891851803,0.17452406437283072,-8.9327223697010822,-1.1635651866768097,-1.4315468577678421,85.148348638342242,107.17959174114232,41.155187726688318,-38.915876465190486
1800.267,-8.346851207969658,-2.5497643515134043,1.6630262733231405,-3.081585255068727,-10.009877481292799,0.53182090355532274,2.811718891851803,0.17452406437283072,-8.9327223697010822,-1.1635651866768097,-1.4315468577678421,85.148348638342242,107.17959174114232,41.155187726688318,-38.915876465190486
1800.277,-8.346851207969658,-2.5497643515134043,-3.4663908354690989,-0.96593195072094473,-4.8804603725005595,-1.5838324007924596,2.841499401481431,0.52335956242943882,-1.1784731281582905,-6.3228335206542337,-6.3581877144989827,86.398809499518251,105.92913105104471,41.714469345735083,-38.365355064180136
1800.286,-8.383034709559727,-1.6556202346119322,2.9741282445302062,-0.81548242536106841,-11.357162954089933,-0.84013780925086379,2.841499401481431,0.69756473744125147,-1.1784731281582905,-6.3228335206542337,-6.3581877144989827,89.308717265375748,103.01922441995541,42.630949719796035,-38.721747462731351
1800.296,-8.383034709559727,-1.6556202346119322,-2.8456858479793681,0.34140027184067367,-5.5373488615803588,-1.9970205064526059,2.8714212799999492,0.87155742747658704,0.10270696453025696,-5.7321210027941314,-5.7290397938582238,90.727484575133403,101.60045714978641,43.384444567505582,-38.036524528741502
1800.306,-8.401358396172835,-0.7619136700303609,3.253845024782696,-10.241704533617757,-11.65520342095553,9.4797908635873949,2.8864351548147633,1.0452846326765293,-5.7321210027941314,0.35236074626422909,0.18039711618040516,93.71375525648277,98.614186902277027,27.202584360583131,-23.149335312057779
1800.316,-8.401358396172835,-0.7619136700303609,-2.7186956028920077,-1.8831680474638262,-5.6826627932808274,1.1212543774334653,2.8864351548147633,1.2186934340514763,-5.7321210027941314,0.35236074626422909,0.18039711618040516,95.169754533922628,97.158187574015912,26.641277192160793,-23.488934438390658
1800.326,-8.401870354897667,0.127921817910997,-2.7122218630207353,-5.1546286897798979,-5.6896484918769321,5.2825505076908952,2.9165686199999477,1.3917310096006452,0.35109218784426988,-5.6439100111688303,-5.6333772455335023,99.617484998844887,92.710456740743737,12.612743191129475,-8.3842993701204946
1800.336,-8.401870354897667,0.127921817910997,-2.7122218630207353,-5.1546286897798979,-5.6896484918769321,5.2825505076908952,2.9165686199999477,1.3917310096006452,0.35109218784426988,-5.6439100111688303,-5.6333772455335023,99.617484998844887,92.710456740743737,12.612743191129475,-8.3842993701204946
1800.346,-8.401870354897667,0.127921817910997,-5.6278000422278947,0.23784563334523945,-2.7740703126697728,-0.10992381543424246,2.9468428318517983,1.5643446504023062,-5.6590646948725336,-8.5898326822278399,-8.7596046230740168,100.3282511287386,91.999690540442359,12.687732362833216,-8.3938478767073441
1800.356,-8.401870354897667,0.127921817910997,-7.0493323008111499,1.8877780342347457,-1.3525380540865175,-1.7598562163237488,2.9468428318517983,1.9080899537654505,-5.6590646948725336,-8.5898326822278399,-8.7596046230740168,100.67479542260536,91.653146211817528,13.88830794582746,-8.5465966202172563
1800.366,-8.366949922787045,1.0132010465302046,1.1103721315451622,-1.3633538013276549,-9.4773220543322072,2.3765548478578595,2.977257541481427,2.0791169081775851,-8.6050575837093213,-10.04184980599628,-10.30000153350756,103.10305327458346,89.224887029905943,13.629148140848605,-6.7215065846624507
1800.376,-8.366949922787045,1.0132010465302046,-3.746144639992508,2.0060706150073671,-4.620805282794537,-0.99286956847716246,2.9925175051851305,2.2495105434386482,-1.8821453736399683,-6.753957139992453,-6.8104215012016516,104.28698566139219,88.040954375712133,14.06193603858263,-7.0577150276077498
1800.386,-8.366949922787045,1.0132010465302046,-6.1140095530815159,3.0193194174881555,-2.252940369705529,-2.0061183709579509,2.9925175051851305,2.4192189559966821,-1.8821453736399683,-6.753957139992453,-6.8104215012016516,104.86422902506762,87.463710931449711,14.940491182674821,-7.7316926703006281
1800.396,-8.366949922787045,1.0132010465302046,-7.2684962986532611,3.3208518659569428,-1.0984536241337839,-2.3076508194267382,3.023142494814759,2.4192189559966821,-9.1371520478962758,-10.307003757171724,-10.581118318608613,105.14567236936993,87.18226755435947,15.951128092256507,-8.5069352799744955
1800.406,-8.332378694997528,1.8896274828632202,0.93288218694615921,0.11404262278483657,-9.2652608819436875,1.7755848600783837,3.0385074585184624,2.7563735581699933,-10.307003757171724,-2.1210251730537846,-2.4302352857689362,107.51959632555592,84.808342156270044,15.657345597820234,-7.5197489286359431
1800.416,-8.332378694997528,1.8896274828632202,-6.129849306481546,4.4231758153977339,-2.2025293885159822,-2.5335483325345134,3.053907359999944,2.9237170472273668,-10.322403658653204,-2.1364599812019316,-2.4461320909615276,109.24136462869708,83.086573481403292,17.608245512210239,-9.3893826081671961
1800.433,-8.332378694997528,1.8896274828632202,-6.129849306481546,4.4231758153977339,-2.2025293885159822,-2.5335483325345134,3.069342168148091,2.9237170472273668,-6.8843090606344015,-9.2146611583333407,-9.4211904301523735,109.24136462869708,83.086573481403292,17.608245512210239,-9.3893826081671961
1800.437,-8.262514077814952,2.761761784503578,1.4628412418985874,2.314206946969275,-9.7253553197135396,0.44755483753430303,3.0848118518517946,3.0901699437494718,-9.2146611583333407,-1.6374751381013546,-1.9139149728513547,111.73317210376324,80.594762818848238,17.475291592894681,-9.2091735406809896
1800.447,-8.262514077814952,2.761761784503578,-3.5207765639688091,4.2904658994703126,-4.7417375138461431,-1.5287041149667346,3.100316379999942,3.2556815445715626,-1.6374751381013546,-6.636632285450232,-6.6857565395932728,112.9480893546569,79.37984503312272,18.011506767696318,-9.7419483299726988
1800.456,-8.018730847194721,4.47480448062414,5.6467216207338495,7.25324676588016,-13.665452467928571,-2.7784422852560198,3.100316379999942,3.5836794954529951,-1.6374751381013546,-6.636632285450232,-6.6857565395932728,119.21596258867271,73.111950037698065,19.375626819485436,-11.146097166602221
1800.466,-8.018730847194721,4.47480448062414,-1.3559418993342618,5.3179680506545566,-6.6627889478604594,-0.84316357003041631,3.1314298451851266,3.7460659341591191,2.515291775548723,-4.5029806193342026,-4.4275218660677407,120.92308664137829,71.404823856454442,19.669339195904048,-11.43975289172988
1800.476,-8.018730847194721,4.47480448062414,-1.3559418993342618,5.3179680506545566,-6.6627889478604594,-0.84316357003041631,3.1314298451851266,3.7460659341591191,2.515291775548723,-4.5029806193342026,-4.4275218660677407,120.92308664137829,71.404823856454442,19.669339195904048,-11.43975289172988
1800.486,-7.8632645108859585,5.312113593423097,1.9382421057121917,8.2556969077643458,-9.8015066165981501,-2.9435833143412484,3.162682314814755,4.0673664307579971,2.4840393059190946,-4.5343024978527202,-4.4597813186751472,124.26673306489832,68.061162223584844,21.347826849632458,-13.121092102213522
1800.496,-7.8632645108859585,5.312113593423097,-3.0843981416195589,6.2053898560746958,-4.7788663692663995,-0.89327626265159843,3.1783605985184584,4.2261826174069954,-7.9485523617063327,-1.2558314342877477,-1.4942880051389378,125.49116261449254,66.836730475396649,21.658938497658887,-13.43219332378828
1800.506,-7.8632645108859585,5.312113593423097,-3.0843981416195589,6.2053898560746958,-4.7788663692663995,-0.89327626265159843,3.1783605985184584,4.2261826174069954,-1.2401184928062667,-6.2784716816194983,-6.3156752364036866,125.49116261449254,66.836730475396649,21.658938497658887,-13.43219332378828
1800.516,-7.8632645108859585,5.312113593423097,-5.5332590771431569,7.1713540763668249,-2.3300054337428016,-1.8592404829437275,3.2098211081480867,4.3837114678907732,-6.2942192497676457,-8.7588623489949473,-8.9476889264879773,126.08815128299577,66.239741390365296,22.306482446113257,-14.079706016076454
1800.527,-7.6918000290005795,6.134467199237458,0.91417365874089285,9.0708420211855199,-8.6059736877414714,-2.9363748219480614,3.2098211081480867,4.694715627858904,-6.2942192497676457,-8.7588623489949473,-8.9476889264879773,128.58421533043003,63.743656818957284,24.07392473804018,-15.847834850397266
1800.537,-7.6918000290005795,6.134467199237458,0.91417365874089285,9.0708420211855199,-8.6059736877414714,-2.9363748219480614,3.241419999999938,4.694715627858904,-9.9686566540530528,-2.3430976027405261,-2.6421573023621177,128.58421533043003,63.743656818957284,24.07392473804018,-15.847834850397266
1800.546,-7.6918000290005795,6.134467199237458,-3.4958329141417579,7.0255555483184224,-4.1959671148588216,-0.89108834908096402,3.257271261481419,4.9999999999999929,-2.3430976027405261,-6.7689899393268806,-6.8392828674090964,129.65929535249154,62.668573802841401,24.384264007049516,-16.158172433813359
1800.556,-7.284767223927226,7.734538085803082,9.3064386787401503,8.6466262117626798,-16.591205902667376,-0.91208812595959809,3.2731570251851223,5.15038074910054,-8.9191525293185041,6.0173614187402134,5.749786842860658,134.43434377548709,57.893353068845968,25.859275478750003,-17.633237786574917
1800.566,-7.284767223927226,7.734538085803082,9.3064386787401503,8.6466262117626798,-16.591205902667376,-0.91208812595959809,3.2731570251851223,5.15038074910054,-8.9191525293185041,6.0173614187402134,5.749786842860658,134.43434377548709,57.893353068845968,25.859275478750003,-17.633237786574917
1800.576,-7.284767223927226,7.734538085803082,-3.3407192737161608,9.3066523727256509,-3.9440479502110648,-1.5721142869225693,3.305031934814751,5.5919290347074622,6.0014067439253989,-2.5165043726387961,-2.3364621703210342,137.51748436472846,54.810184798701705,26.503187578450095,-18.277150344672268
1800.586,-7.050267363007759,8.492862931509762,2.2215365741336086,11.138993819590141,-9.2718039371413674,-2.6461308880803784,3.3210210185184548,5.5919290347074622,-6.6617402922346152,-1.1155079058663269,-1.3153601146333653,139.89303206242977,52.434528493339812,27.424738878795939,-19.198722129718167
1800.596,-7.050267363007759,8.492862931509762,2.2215365741336086,11.138993819590141,-9.2718039371413674,-2.6461308880803784,3.3210210185184548,5.5919290347074622,-6.6617402922346152,-1.1155079058663269,-1.3153601146333653,139.89303206242977,52.434528493339812,27.424738878795939,-19.198722129718167
1800.606,-7.050267363007759,8.492862931509762,-2.5296638561271578,9.2958721976052772,-4.520603506880601,-0.80300926609551482,3.3531022881480825,5.7357643635104605,-1.1315657140144739,-5.8988582679789427,-5.9328052393993769,141.05128383739853,51.276261254335729,27.704400742036484,-19.478384418888769
1800.616,-7.050267363007759,8.492862931509762,-4.8461811280997154,10.174901777321637,-2.2040862349080435,-1.6820388458118742,3.3691944118517854,6.0181502315204796,-5.8988582679789427,-8.2315019480996483,-8.4084676961390166,141.61600884935191,50.711533600356972,28.29019988736766,-20.064184396355856
1800.626,-6.801476724821937,9.23340685647996,1.4299436271383001,11.827188395304027,-8.2314203519602369,-2.5937815388240679,3.3691944118517854,6.1566147532565836,-5.8988582679789427,-8.2315019480996483,-8.4084676961390166,143.72496184178266,48.602411271291281,29.193516468536092,-20.967528549739466
1800.638,-6.801476724821937,9.23340685647996,-4.8447087970440634,11.258355043602023,-1.9567679277778733,-2.0249481871220638,3.4014814814814143,6.4278760968653916,-1.9715378543431141,-6.2058028426886001,-6.2649489783188939,145.2545993578465,47.072745729219811,30.655095470247904,-22.429111244596506
1800.646,-6.555173993017973,9.966545342200455,1.4841878338576038,11.1946784550167,-8.0393618268755773,-1.2281331128162449,3.4176763651851183,6.5605902899050701,-6.2058028426886001,-8.2786142370439961,-8.4647883223246545,147.31429104320515,45.012778045634299,31.082803811166691,-22.856841787800494
1800.656,-6.555173993017973,9.966545342200455,-2.6354631967475797,11.666383234686151,-3.919710796270393,-1.6998378924856965,3.433905439999933,6.6913060635885842,-8.2786142370439961,-1.9659808409571431,-2.2143392680684628,148.31857230248457,44.008457752794499,31.674801658322352,-23.448842169247548
1800.666,-6.555173993017973,9.966545342200455,-2.6354631967475797,11.666383234686151,-3.919710796270393,-1.6998378924856965,3.433905439999933,6.6913060635885842,-8.2786142370439961,-1.9659808409571431,-2.2143392680684628,148.31857230248457,44.008457752794499,31.674801658322352,-23.448842169247548
1800.676,-6.263519622563108,10.630534075346803,1.0169821521245552,11.806641669020621,-7.2805017746876635,-1.1761075936738177,3.4664660385184503,6.9465837045899725,-6.1019292352660299,-8.1268581831914428,-8.3099160602494244,150.6733688164538,41.653135517030428,32.719270864626424,-24.493360427443292
1800.686,-6.263519622563108,10.630534075346803,-2.7137994937617549,12.253443142705002,-3.5497201288013533,-1.622909067358199,3.4827974999999305,7.0710678118654666,-8.1268581831914428,-2.482180876023524,-2.7259866215192674,151.58283580142526,40.743595875790319,33.284476829944332,-25.058570789642015
1800.696,-6.263519622563108,10.630534075346803,-4.5327995222919242,12.367871988861083,-1.7307201002711841,-1.7373379135142795,3.4991630281480792,7.193398003386509,-2.482180876023524,-6.2293620856135377,-6.3038275118942435,152.02627207260886,40.300147757595091,33.88953476521511,-25.663633115174875
1800.707,-6.263519622563108,10.630534075346803,-5.4196806947851854,12.381058033336238,-0.8438389277779228,-1.7505239579894347,3.515562591851783,7.3135370161917068,-6.2293620856135377,-8.0647956822918534,-8.2516765448602598,152.24247771638983,40.083939417885333,34.499184969010329,-26.273287740973927
1800.717,-6.263519622563108,10.630534075346803,-5.4196806947851854,12.381058033336238,-0.8438389277779228,-1.7505239579894347,3.515562591851783,7.3135370161917068,-6.2293620856135377,-8.0647956822918534,-8.2516765448602598,152.24247771638983,40.083939417885333,34.499184969010329,-26.273287740973927
1800.726,-5.6157170311001625,11.81948907293334,0.067424749712273524,11.984672236604943,-5.683141780812436,-0.16518316367160324,3.5484637014814107,7.4314482547739367,-8.9681443962665952,2.4754219363429848,2.2063776044549868,156.68225296791923,35.638407202153758,34.746214849815487,-26.520459682168966
1800.736,-5.6157170311001625,11.81948907293334,0.067424749712273524,11.984672236604943,-5.683141780812436,-0.16518316367160324,3.564965185185114,7.4314482547739367,2.4754219363429848,-3.5140758302876551,-3.4398131721973657,156.68225296791923,35.638407202153758,34.746214849815487,-26.520459682168966
1800.746,-5.6157170311001625,11.81948907293334,-2.8448026839595002,13.048728853811291,-2.7709143471406623,-1.2292397808779505,3.564965185185114,7.6604444311897781,2.4754219363429848,-3.5140758302876551,-3.4398131721973657,157.39216395211318,34.928392272789878,35.174318790274953,-26.948574975871939
1800.756,-5.6157170311001625,11.81948907293334,-4.264709783640356,14.48248272935335,-1.3510072474598065,-2.6629936564200101,3.598069854814743,7.7714596145697108,-3.5306451051024696,-6.4594756624779457,-6.5653950156310197,157.73830853354869,34.582227395742009,36.101752237670048,-27.876033002499213
1800.767,-5.289632997201996,12.390807872342945,0.76002247923781852,13.738647573333267,-6.0496554764398143,-1.3478397009903222,3.614672978518446,7.8801075360672144,-6.4594756624779457,-7.8960197036402828,-8.0898039735146217,159.28661934489514,33.030438410008621,36.57092568262695,-28.345700135390608
1800.777,-5.289632997201996,12.390807872342945,-2.3399985479499179,13.886310079547854,-2.9496344492520779,-1.4955022072049093,3.631309919999927,7.9863551004729283,-2.8712874407621083,-5.9879791960979922,-6.0741178193208558,160.04213787975795,32.274437311398103,37.09175875333996,-28.866562285504234
1800.786,-5.289632997201996,12.390807872342945,-3.8514797446229352,13.907117000037402,-1.4381532525790606,-1.5163091276944574,3.631309919999927,8.0901699437494674,-2.8712874407621083,-5.9879791960979922,-6.0741178193208558,160.41058534057626,31.905913080996839,37.619839475857745,-29.394669888289116
1800.796,-4.9532353050490405,12.932929336227627,0.84061358388848362,13.890940665174838,-5.7938488889375241,-0.95801132894721164,3.6646851318517784,8.0901699437494674,-7.5161648764747131,-2.840809756111442,-3.0662947024056835,161.89167798677755,30.417954553966347,37.953124510275252,-29.728705760659437
1800.806,-4.9532353050490405,12.932929336227627,-2.1282899285998553,13.223652985965231,-2.8249453764491852,-0.29072364973760401,3.6814233399999257,8.2903757255504189,-7.5329030846228608,-2.8575816575929238,-3.0835687501316098,162.61502495307104,29.693657708749949,38.0543734569113,-29.829965880732207
1800.816,-4.594694098720126,13.410378883270434,0.50986631668737914,13.57131193056594,-5.104560415407505,-0.16093304729550617,3.6981952414814074,8.3867056794542414,-5.8264851700812628,-7.2908624296503142,-7.4656569847527523,164.26919840431441,28.026099740197211,38.83825994058995,-30.614212010362127
1800.826,-4.594694098720126,13.410378883270434,0.50986631668737914,13.57131193056594,-5.104560415407505,-0.16093304729550617,3.7150008051851096,8.3867056794542414,-7.2908624296503142,-3.221973683312545,-3.4406995562020546,164.26919840431441,28.026099740197211,38.83825994058995,-30.614212010362127
1800.836,-4.594694098720126,13.410378883270434,-3.3811246243190851,15.567201541169794,-1.2135694744010408,-2.1568226578993599,3.7150008051851096,8.571673007021122,-7.2908624296503142,-3.221973683312545,-3.4406995562020546,165.21684545440039,27.076343136541077,39.941899538124801,-31.718085705645411
1800.846,-4.594694098720126,13.410378883270434,-3.3811246243190851,15.567201541169794,-1.2135694744010408,-2.1568226578993599,3.7487127948147383,8.571673007021122,-5.8544765908527001,-7.1467437828375271,-7.3223780805631078,165.21684545440039,27.076343136541077,39.941899538124801,-31.718085705645411
1800.856,-3.8219847639098488,14.159236903504237,1.3987360019763173,15.661100208678675,-5.2207207658861661,-1.5018633051744388,3.7656191585184415,8.8294759285892681,-7.1467437828375271,-3.682411869035914,-3.8968141825210396,167.60979211299119,24.581025478803049,40.547018054940274,-32.338766482466497
1800.866,-3.8219847639098488,14.159236903504237,1.3987360019763173,15.661100208678675,-5.2207207658861661,-1.5018633051744388,3.7656191585184415,8.8294759285892681,-7.1467437828375271,-3.682411869035914,-3.8968141825210396,167.60979211299119,24.581025478803049,40.547018054940274,-32.338766482466497
1800.876,-3.8219847639098488,14.159236903504237,-2.5803523067052083,14.550273674549089,-1.2416324572046404,-0.39103677104485257,3.79953246814807,8.910065241883677,-2.4007964661717529,-5.0924692416228226,-5.1644931356079748,168.57445766472597,23.604217259247179,41.131932828189775,-32.924301371450561
1800.887,-3.4218427123860007,14.465781968927498,0.046653455401269639,15.132031816857804,-3.4684961677872703,-0.66624984793030606,3.8165393518517736,8.9879404629916682,-5.0924692416228226,-6.413931986705129,-6.5667060639538137,169.41039960037102,22.661899683723206,41.356589925705734,-33.16418401295067
1800.896,-3.4218427123860007,14.465781968927498,0.046653455401269639,15.132031816857804,-3.4684961677872703,-0.66624984793030606,3.8335796799999207,8.9879404629916682,-6.413931986705129,-3.803999966080132,-3.996417925681286,169.41039960037102,22.661899683723206,41.356589925705734,-33.16418401295067
1800.907,-3.4218427123860007,14.465781968927498,-2.59648131207652,15.514844859131614,-0.82536140030948069,-1.0490628902041159,3.8506534214814017,9.1354545764260084,-3.803999966080132,-5.5975859921808659,-5.7117059911632699,170.04736324936482,22.008096716156984,42.063510642684797,-33.872722010840079
1800.916,-3.0257020813773914,14.769261583696526,0.45223950531280366,15.615929385724968,-3.477941586690195,-0.84666780202844194,3.8677605451851047,9.2718385456678725,-5.5975859921808659,-6.4813823320764392,-6.6493099118418648,170.81979086497034,20.996623125346925,42.33662124116082,-34.190614450642506
1800.926,-3.0257020813773914,14.769261583696526,-1.3280328012378959,16.390049125806115,-1.6976692801394955,-1.6207875421095892,3.8849010199999188,9.2718385456678725,-3.4326615146871151,-5.2301076160526296,-5.3330874614932426,171.23888767197977,20.544675345463951,42.900862114942264,-34.757932769518838
1800.937,-3.0257020813773914,14.769261583696526,-1.3280328012378959,16.390049125806115,-1.6976692801394955,-1.6207875421095892,3.8849010199999188,9.2718385456678725,-3.4326615146871151,-5.2301076160526296,-5.3330874614932426,171.23888767197977,20.544675345463951,42.900862114942264,-34.757932769518838
1800.946,-3.0257020813773914,14.769261583696526,-2.6212872865144163,16.16941448029003,-0.40441479486297505,-1.4001528965935037,3.9192818985184372,9.3969262078590816,-3.4670423932056336,-5.2645550412378137,-5.3685663130339831,171.55219924478055,20.225305480235512,43.559772079404539,-35.419953568559158
1800.957,-2.195870976506324,15.22687534690952,5.1372638085151721,16.054814796949188,-7.3331347850214961,-0.8279394500396684,3.936522239999918,9.4551857559931669,-6.1336306923806356,-6.5750830946624816,-6.7590920154339003,171.44063603477227,16.371877225143649,43.668589630641016,-35.890432866338415
1800.966,-2.195870976506324,15.22687534690952,1.3926704233043665,16.060774622794781,-3.5885413998106905,-0.83389927588526191,3.9537958081480657,9.5630475596303555,-6.5750830946624816,1.1661612366634033,0.96890874382352887,172.09150265176973,15.177233039104451,43.957968559970986,-36.188899717844031
1800.976,-2.195870976506324,15.22687534690952,-0.43692307591396684,16.558623800416953,-1.7589479005923572,-1.3317484535074335,3.9537958081480657,9.5630475596303555,-6.5750830946624816,1.1661612366634033,0.96890874382352887,172.50459090313535,14.683534809474818,44.421566897297829,-36.664134678262627
1800.986,-2.195870976506324,15.22687534690952,-1.3336072547952824,15.631128056929541,-0.8622637217110416,-0.40425271002002106,3.9884424999999166,9.6126169593831872,-2.5957720766955501,-4.4427386373953635,-4.5206117996962298,172.71962801996673,14.453748236729639,44.562294577189036,-36.808390229920384
1800.997,-2.195870976506324,15.22687534690952,-1.3336072547952824,15.631128056929541,-0.8622637217110416,-0.40425271002002106,4.005815561481397,9.6126169593831872,-4.4427386373953635,-5.3568289799803823,-5.4901111391022432,172.71962801996673,14.453748236729639,44.562294577189036,-36.808390229920384
1801.006,-1.7729619042611966,15.401894564681665,5.4369118976502477,17.253952416360065,-7.2098738019114439,-1.8520578516783992,4.0232217251851,9.6592582628906829,-5.3568289799803823,1.3962509376503345,1.2355460682509229,171.2577910460617,9.4015934304245157,44.494179137357285,-38.162457766650682
1801.016,-1.3477916637694283,15.564449773588775,13.686621856350428,19.308774101860109,-15.034413520119855,-3.7443243282713343,4.040660959999913,9.7437006478523518,-2.2760274938113145,9.6284886215356984,9.5602077967213592,159.86335691218432,-10.095465085620019,42.744529065696952,-42.989743441975918
1801.028,-1.3477916637694283,15.564449773588775,5.9034273939304285,17.108589884232529,-7.2512190576998563,-1.5441401106437542,4.058133234814729,9.8162718344766375,-2.2934997686261305,9.6109833378319962,9.5421783447732125,159.49858353050888,-14.04079878851684,43.269214268803488,-43.606250479814122
1801.036,-1.3477916637694283,15.564449773588775,5.9034273939304285,17.108589884232529,-7.2512190576998563,-1.5441401106437542,4.058133234814729,9.8162718344766375,-2.2934997686261305,9.6109833378319962,9.5421783447732125,159.49858353050888,-14.04079878851684,43.269214268803488,-43.606250479814122
1801.046,-0.9149000029373674,15.692098401979461,25.767000109933406,22.800313868661178,-26.681900112870775,-7.1082154666817168,4.093176779999912,9.8480775301220795,-1.816442215601886,21.656252121785347,21.601758855317289,120.7457760744096,-58.61510066182187,33.871288848900129,-56.129935097691444
1801.056,-0.9149000029373674,15.692098401979461,25.767000109933406,22.800313868661178,-26.681900112870775,-7.1082154666817168,4.093176779999912,9.8480775301220795,-1.816442215601886,21.656252121785347,21.601758855317289,120.7457760744096,-58.61510066182187,33.871288848900129,-56.129935097691444
1801.066,-0.4863372587136272,15.81847054408624,45.076489117445107,27.06457412567724,-45.562826376158732,-11.246103581590999,4.128352111851764,9.8768834059513768,21.638647998081641,40.930499997445196,41.579659437387647,56.794084222680382,-115.44773454905507,16.885914353123326,-71.643747459612811
1801.076,-0.4863372587136272,15.81847054408624,17.105543432732588,19.504396967419098,-17.591880691446214,-3.685926423332857,4.145989119999911,9.9026806874157032,40.930499997445196,12.941884451251196,14.169799451174551,50.582992840302559,-126.56786405422523,17.792029014576109,-73.793876549063327
1801.087,-0.4863372587136272,15.81847054408624,8.7885076016307835,17.203307041642759,-9.2748448603444107,-1.3848364975565186,4.163658981481392,9.9254615164132201,12.941884451251196,4.6071459364456882,4.9954024699832242,50.463306734407595,-130.85924070256442,18.152354764023197,-74.592723010445894
1801.096,-0.056535773789571364,15.92668521700416,25.557665148283007,23.636726741585974,-25.61420092207258,-7.7100415245818148,4.181361665185095,9.961946980917455,4.6071459364456882,21.358568008283097,21.496782386376466,24.38003835219353,-147.42043092509323,8.7354236632598496,-80.505496191000901
1801.106,-0.056535773789571364,15.92668521700416,10.469543567682081,18.620635188200808,-10.526079341471652,-2.6939499711966484,4.181361665185095,9.9756405025982424,4.6071459364456882,21.358568008283097,21.496782386376466,20.758307754226355,-152.40305062356111,8.8073540087314015,-82.368768062166396
1801.116,-0.056535773789571364,15.92668521700416,5.6914633347136316,16.890236223293641,-5.7479991085032029,-0.96355100628948165,4.2168653748147245,9.9756405025982424,6.2526781928673563,1.4567969961952052,1.644377341981226,20.098158065464034,-154.94654223306091,8.8448377143447203,-83.034544229403167
1801.126,0.37918845604553686,16.011910756732895,12.448148403698184,19.923713987144211,-12.068959947652647,-3.9118032304113157,4.234666338518426,9.9862953475457381,8.2134820651797575,1.4258296003592115,1.6722340623146041,10.623425195010297,-158.28648423698817,4.9067198951299265,-84.336287158414024
1801.136,0.37918845604553686,16.011910756732895,5.6783296003591204,17.302911089285914,-5.2991411443135839,-1.2910003325530184,4.234666338518426,9.9984769515639123,8.2134820651797575,1.4258296003592115,1.6722340623146041,8.7468211522448751,-160.05156522951594,4.6112057195616307,-85.125159131703711
1801.147,0.8197626334269902,16.061735360357766,4.9927691811236059,17.577227563516047,-4.1730065476966161,-1.5154922031582814,4.2703663281480555,9.9984769515639123,1.4079632722110649,-1.0543520020677875,-1.0121131039014555,5.6435772357902643,-161.63592005925639,3.2514454673892113,-85.65761380479772
1801.157,1.2601244708872925,16.104903993080715,4.2163595479648279,17.094455815397112,-2.9562350770775354,-0.98955182231639682,4.288265291851758,9.9984769515639123,0.70450388927184804,-0.089837312035077943,-0.068702195356922499,4.2081252288745477,-161.96129230364505,2.6952509527623527,-85.873198633935772
1801.166,1.2601244708872925,16.104903993080715,4.2163595479648279,17.094455815397112,-2.9562350770775354,-0.98955182231639682,4.288265291851758,9.9984769515639123,0.70450388927184804,-0.089837312035077943,-0.068702195356922499,4.2081252288745477,-161.96129230364505,2.6952509527623527,-85.873198633935772
1801.176,1.2601244708872925,16.104903993080715,2.6692763664988206,16.405494712870365,-1.4091518956115281,-0.3005907197896498,4.324161001481387,9.993908270190957,-0.10780145351655879,-1.6728813186862705,-1.6761153622917673,3.769249757127584,-162.29006766655633,2.5916159160920427,-85.994202239929123
1801.187,1.2601244708872925,16.104903993080715,1.9669747823937485,16.150600677035925,-0.70685031150645594,-0.045696683955210204,4.342157685185091,9.9756405025982424,-0.12579813722026323,-1.6909105135010849,-1.6946844576176927,3.5826372811585356,-162.48204864152342,2.575917907601577,-86.012645985585436
1801.196,1.7000189384762001,16.134368838568626,2.2128796353702,16.153302114666602,-0.51286069689399993,-0.018933276097975238,4.342157685185091,9.961946980917455,-1.6728813186862705,-2.3932120976061571,-2.443398537166745,3.4067901170108081,-162.57925205952537,2.5668253615492129,-86.01732526636853
1801.206,1.7000189384762001,16.134368838568626,1.9511867686744608,16.003182345497194,-0.25116783019826072,0.13118649307143215,4.378248554814719,9.961946980917455,-2.1653689194445187,-2.4451559098439608,-2.5101169774272964,3.3372603944740056,-162.64124583237719,2.6124886709198094,-85.96869331166468
1801.216,1.7000189384762001,16.134368838568626,1.8241540980767468,16.094528282085861,-0.12413515960054666,0.039840556482765521,4.396342678518422,9.9254615164132201,-2.4451559098439608,-2.5903151219231564,-2.663669799218475,3.3051143578076361,-162.67391664469716,2.6263285658977971,-85.953898090994272
1801.226,2.1391941427162617,16.153200215835177,2.0728024722296539,15.855213549074534,0.066391670486607879,0.297986666760643,4.396342678518422,9.902680687415705,-2.4451559098439608,-2.5903151219231564,-2.663669799218475,3.3251883871338204,-162.65951031967671,2.7520162892779765,-85.868614045048318
1801.236,2.1391941427162617,16.153200215835177,2.1232750581862945,16.05658878374679,0.015919084529967265,0.096611432088387517,4.43262814814805,9.8768834059513786,-2.3598256759183958,-2.3440856452924654,-2.4148804155700172,3.337979031518258,-162.64729951195957,2.8965469541837767,-85.720258261657605
1801.246,2.1391941427162617,16.153200215835177,2.1232750581862945,16.05658878374679,0.015919084529967265,0.096611432088387517,4.43262814814805,9.8768834059513786,-2.3258943615887606,-2.32754437366546,-2.3973212045131227,3.337979031518258,-162.64729951195957,2.8965469541837767,-85.720258261657605
1801.256,3.0172388578231963,16.111757359147223,2.1025779398043483,15.797225524923405,0.91466091801884808,0.3145318342238177,4.469043039999902,9.8162718344766393,-2.3457679818136077,-2.5109533218493105,-2.5813263613037187,3.7566517131056627,-162.28521366046292,3.0967389010414816,-85.546414955508851
1801.268,3.0172388578231963,16.111757359147223,2.5710621681810153,15.69824591187043,0.44617668964218105,0.41351144727679312,4.487298941481381,9.7814760073380551,-2.3847210016770326,-1.9345249370040705,-2.0060665670543814,3.8728556696412162,-162.17244766914138,3.2407817055201704,-85.401751293851291
1801.276,3.0172388578231963,16.111757359147223,2.7994768875312843,15.638305862660545,0.21776197029191202,0.47345149648667828,4.487298941481381,9.7437006478523518,-2.3847210016770326,-1.9345249370040705,-2.0060665670543814,3.9288553041746828,-162.11670318120576,3.4056637924061617,-85.236078012136787
1801.286,3.0172388578231963,16.111757359147223,2.7994768875312843,15.638305862660545,0.21776197029191202,0.47345149648667828,4.5239074999999,9.7437006478523518,-1.9528453318188843,-1.7427832072834288,-1.8013685672379953,3.9288553041746828,-162.11670318120576,3.4056637924061617,-85.236078012136787
1801.296,3.454743635842108,16.052091575542953,2.3252315882380685,15.599799499174068,1.1295120476040394,0.45229207636888447,4.542260094814713,9.7029572627599627,-1.7427832072834288,-2.2354132702803486,-2.2876967664988515,4.2242322853247929,-161.83283656358233,3.5670407334915497,-85.082099036497141
1801.307,3.454743635842108,16.052091575542953,2.9038860434693277,15.507399690933653,0.55085759237278031,0.54469188460929985,4.542260094814713,9.6126169593831889,-1.7427832072834288,-2.2354132702803486,-2.2876967664988515,4.3661052280440513,-161.69226314017521,3.7567599132734095,-84.892046816895899
1801.316,3.454743635842108,16.052091575542953,3.1860494372134269,14.983389652554294,0.26869419862868105,1.0687019229886587,4.579061759999898,9.5630475596303572,-2.2538301717618294,-1.6936247246787195,-1.7612396298315744,4.4350239277954824,-161.6234138454694,4.1289496517070265,-84.519113693447949
1801.326,3.8897865164569856,15.981272571841385,2.6206279798816183,15.236859621522171,1.2691585365753673,0.74441295031921406,4.597510768148047,9.5105651629515364,-1.4114613309346202,-1.9953638719701301,-2.0377077118981686,4.7633676099429518,-161.30119218693565,4.3912886013505883,-84.26272607017988
1801.336,3.8897865164569856,15.981272571841385,3.2709188148164969,15.230542903951914,0.61886770164048865,0.75072966788947149,4.597510768148047,9.4551857559931722,-1.4114613309346202,-1.9953638719701301,-2.0377077118981686,4.9223233029763707,-161.14293966775719,4.6527574324003034,-84.001069294147698
1801.346,3.8897865164569856,15.981272571841385,3.5879941350206366,15.199655845203253,0.30179238143634901,0.78161672663813242,4.634504979999896,9.3969262078590869,-2.0138770001182777,-1.3821313066648813,-1.4425476166684297,4.999688871247578,-161.065618677923,4.9249678298861763,-83.72863128876395
1801.356,4.320478968265714,15.911161758176833,3.6980439686728914,15.684380086356612,0.62243499959282289,0.22678167182022158,4.653050121481378,9.3358042649720172,-1.0650559864607416,-1.6277062232815656,-1.6596579028753877,5.4879356931043581,-160.58063537463497,5.2656878651155523,-83.390748108492545
1801.366,4.320478968265714,15.911161758176833,4.0169786139863675,15.2311216563931,0.30350035427934685,0.68004010178373342,4.67162724518508,9.2050485345244049,-1.6277062232815656,-0.99219235132700323,-1.0410235380254502,5.5657180275459064,-160.50287743961232,5.5025231903619636,-83.153829128443206
1801.376,4.320478968265714,15.911161758176833,4.0169786139863675,15.2311216563931,0.30350035427934685,0.68004010178373342,4.690236319999895,9.2050485345244049,-0.99219235132700323,-0.69189870082834126,-0.72166447136815137,5.5657180275459064,-160.50287743961232,5.5025231903619636,-83.153829128443206
1801.387,4.749852941823082,15.760367751306296,3.7336652348599841,14.651103834514259,1.0161877069630982,1.1092639167920364,4.690236319999895,9.1354545764260067,-0.99219235132700323,-0.69189870082834126,-0.72166447136815137,6.3613893494086629,-159.70973441731616,6.3644712686645528,-82.294320111151521
1801.397,4.749852941823082,15.760367751306296,4.2543799130733078,15.423743928218542,0.49547302874977461,0.33662382308775385,4.727550198518411,9.0630778703665023,-2.0618654885769097,-1.0125897051399084,-1.0744456697972158,6.4883543256527352,-159.5827903997517,6.4817062533024989,-82.177067585028382
1801.408,4.749852941823082,15.760367751306296,4.2543799130733078,15.423743928218542,0.49547302874977461,0.33662382308775385,4.746254939999893,9.0630778703665023,-1.0125897051399084,-0.51061159507473253,-0.54098928622892983,6.4883543256527352,-159.5827903997517,6.4817062533024989,-82.177067585028382
1801.416,5.1741839191727115,15.552646278371197,2.4316108836629269,14.935001972056128,2.7425730355097846,0.61764430631506961,4.76499150814804,8.9879404629916699,-0.51061159507473253,-2.3521489881888158,-2.3674673360410576,7.1917613900859951,-158.88077261481706,6.6970828670792812,-81.962219920145074
1801.426,5.594271586748844,15.34700202016545,1.7808100302426908,14.614082314537598,3.8134615565061534,0.73291970562785203,4.76499150814804,8.8294759285892717,-0.51061159507473253,-2.3521489881888158,-2.3674673360410576,8.16952147784475,-157.90435902728072,6.952477947181416,-81.707104093378305
1801.436,5.594271586748844,15.34700202016545,4.6877303498493745,14.798621239523357,0.90654123689946964,0.54838078064209306,4.802559999999891,8.6602540378443909,-3.0217499697572006,-1.0864352038548457,-1.1770877029475617,8.8782803999503113,-157.19578338937467,7.7728029697295584,-80.886759877608853
1801.446,5.594271586748844,15.34700202016545,4.6877303498493745,14.798621239523357,0.90654123689946964,0.54838078064209306,4.802559999999891,8.6602540378443909,-3.0217499697572006,-1.0864352038548457,-1.1770877029475617,8.8782803999503113,-157.19578338937467,7.7728029697295584,-80.886759877608853
1801.456,6.0068546636933435,15.075344745282342,2.6623337930651019,13.897291363466621,3.3445208706282417,1.1780533818157206,4.840255425185075,8.5716730070211238,-1.1052987675585486,-0.1714203101505154,-0.20457927317727187,9.8486334147228973,-156.22577913667322,8.8304913514206369,-79.829268168149042
1801.466,6.0068546636933435,15.075344745282342,2.6623337930651019,13.897291363466621,3.3445208706282417,1.1780533818157206,4.85915065999989,8.5716730070211238,-2.1968168669347881,-0.50189517956925567,-0.56779968557729932,9.8486334147228973,-156.22577913667322,8.8304913514206369,-79.829268168149042
1801.476,6.0068546636933435,15.075344745282342,4.3761823552454473,14.717846218803345,1.6306723084478962,0.35749852647899694,4.878077534814703,8.3867056794542432,-2.2157437417496011,-0.52085366327295901,-0.58732597552544707,10.26646307898268,-155.80799133778848,8.9549965498475714,-79.704761790420065
1801.488,6.412628381799005,14.77369817635723,2.6028155370146067,13.517875655247877,3.809812844784398,1.2558225211093532,4.897036018518406,8.2903757255504154,0.3147587353437018,-2.3132105429852814,-2.3037677809249701,11.446413485201862,-154.62823596310565,10.074377195375796,-78.58548078217207
1801.496,6.412628381799005,14.77369817635723,2.6028155370146067,13.517875655247877,3.809812844784398,1.2558225211093532,4.897036018518406,8.2903757255504154,0.3147587353437018,-2.3132105429852814,-2.3037677809249701,11.446413485201862,-154.62823596310565,10.074377195375796,-78.58548078217207
1801.507,6.412628381799005,14.77369817635723,4.5550976602310698,14.392599430090883,1.8575307215679349,0.38109874626634799,4.935047688148035,8.1915204428899244,-2.3322321511334287,-0.39900315162066935,-0.46897011615467221,11.922358203319613,-154.15231437032733,10.207101500070278,-78.452755928543198
1801.517,6.810975909870598,14.43805762431113,2.6146872654432798,13.425137001958049,4.1962886444273186,1.0129206223530804,4.954100811851739,7.880107536067225,-0.39900315162066935,0.53377598872622656,0.52180589417760648,13.229622195433297,-152.84515226214862,10.944447495766253,-77.715449147612077
1801.526,6.810975909870598,14.43805762431113,2.6146872654432798,13.425137001958049,4.1962886444273186,1.0129206223530804,4.954100811851739,7.880107536067225,-0.39900315162066935,0.53377598872622656,0.52180589417760648,13.229622195433297,-152.84515226214862,10.944447495766253,-77.715449147612077
1801.536,6.810975909870598,14.43805762431113,5.8134371551710444,12.620830450326011,0.997538754699554,1.8172271739851187,4.992301481481366,7.771459614569709,-2.3776142160380864,-0.24643489864839019,-0.31776332512953276,14.009428338516297,-152.06535934998925,12.415959769821848,-76.243933799805745
1801.547,6.810975909870598,14.43805762431113,6.3246112290972292,13.886591980752833,0.48636468077336925,0.55146564355829675,5.011448965185069,7.6604444311897879,0.8019881899859751,1.2939833890973462,1.3180430347969254,14.134043668822381,-151.94074394552354,12.608017209575191,-76.051875893908019
1801.556,6.810975909870598,14.43805762431113,6.3246112290972292,13.886591980752833,0.48636468077336925,0.55146564355829675,5.011448965185069,7.6604444311897879,0.8019881899859751,1.2939833890973462,1.3180430347969254,14.134043668822381,-151.94074394552354,12.608017209575191,-76.051875893908019
1801.566,7.565708110203232,13.550402596508633,-2.3026818939982263,13.160578864095989,9.8683900042014585,0.38982373241264412,5.049838074814699,7.5470958022277221,1.2747731542825305,-7.3717615325166266,-7.333518337888151,16.662582128851202,-149.41236707054858,12.743785757704103,-75.916118664646177
1801.577,7.565708110203232,13.550402596508633,2.7542320845396659,12.298618279030897,4.8114760256635662,1.2517843174777354,5.049838074814699,7.3135370161916979,1.2747731542825305,-7.3717615325166266,-7.333518337888151,17.895378360681025,-148.17959146446285,13.179741371837828,-75.480162997736201
1801.586,7.931415435816444,13.075184454074213,1.6697519262190781,11.52496781135126,6.2616635095973656,1.5502166427229529,5.088352499999881,7.1933980033865117,-7.3910343939981074,-2.3534245436083623,-2.5751555754283055,20.100800736234937,-145.97418920563507,14.665340941817762,-73.994569899960212
1801.597,7.931415435816444,13.075184454074213,4.8784508821064634,12.604747290359427,3.0529645537099803,0.47043716371478617,5.107656628148028,7.0710678118654711,0.1121466329583356,-3.4572400656326545,-3.4538756666439046,20.883025683414363,-145.19196641753413,14.829178820382232,-73.830731989792795
1801.606,7.931415435816444,13.075184454074213,4.8784508821064634,12.604747290359427,3.0529645537099803,0.47043716371478617,5.107656628148028,7.0710678118654711,-3.4379047019289501,-0.24854110974526922,-0.35167825080313775,20.883025683414363,-145.19196641753413,14.829178820382232,-73.830731989792795
1801.616,7.931415435816444,13.075184454074213,6.4428984154471323,11.709121121582989,1.4885170203693114,1.3660633324912244,5.126991991851733,6.8199836006249832,-3.4572400656326545,-0.26790767789341707,-0.37162487986239667,21.264410347257858,-144.8105819636815,15.304933986802006,-73.354976700709628
1801.626,8.278283586184454,12.523219683162823,1.6860224720040975,10.149791319884862,6.5922611141803564,2.3734283632779611,5.16575630148136,6.6913060635885895,1.2771421139657724,-3.4991627131809668,-3.4608484497619938,22.953469190538836,-143.12153160579624,16.131524124861347,-72.52839183219551
1801.636,8.278283586184454,12.523219683162823,5.0641314552744774,10.516190849438793,3.2141521309099765,2.0070288337240303,5.185185185185064,6.6913060635885895,-3.4991627131809668,-0.1405137247254018,-0.24548860612083079,23.77699266910944,-142.2980091580074,16.830506617056027,-71.829409272354141
1801.646,8.278283586184454,12.523219683162823,6.7111772753958405,11.914155811284559,1.5671063107886134,0.60906387187826461,5.204645179999879,6.5605902899050754,-0.1405137247254018,1.487041020581148,1.4828256088393859,24.17851323657565,-141.89648868728642,17.042623637548079,-71.617292224537508
1801.656,8.612931585886006,11.944988248181046,1.7319054338888407,11.031233192277128,6.8810261519971654,0.91375505590391803,5.224136254814693,6.293203910498379,-0.16000479954021518,1.4675188968774453,1.4627187528912389,25.94155681111198,-140.13344965597372,17.360855163957982,-71.299061746494615
1801.666,8.612931585886006,11.944988248181046,5.2579879232727933,8.9938313816140436,3.3549436626132128,2.9511568665670023,5.243658378518395,6.1566147532565827,1.4675188968774453,-3.5313060861110364,-3.4872805192047132,26.801153329856341,-139.27385368919857,18.388646559624743,-70.27127030011755
1801.676,8.612931585886006,11.944988248181046,6.9771803520081335,9.6835225832583021,1.6357512338778726,2.2614656649227438,5.263211519999877,6.1566147532565827,-0.0052235967270837236,1.6943847038601092,1.6942279959582967,27.220261917887584,-138.85474515301047,19.176241065053251,-69.483675742792499
1801.687,8.924543565587962,11.294034860663995,5.2099465461706842,9.8986704359599429,3.7145970194172779,1.3953644247040522,5.282795648148024,5.7357643635104729,1.6943847038601092,-3.9965463245237958,-3.9457147834079924,30.124050288773514,-135.95095967270754,19.674502584769762,-68.985414231146279
1801.696,8.924543565587962,11.294034860663995,5.2099465461706842,9.8986704359599429,3.7145970194172779,1.3953644247040522,5.282795648148024,5.7357643635104729,1.6943847038601092,-3.9965463245237958,-3.9457147834079924,30.124050288773514,-135.95095967270754,19.674502584769762,-68.985414231146279
1801.706,8.924543565587962,11.294034860663995,8.0415129732720771,8.8702372001049312,0.88303059231588499,2.4237976605590639,5.3220567399998755,5.5919290347074746,-4.0161923326719444,-0.13178709531067145,-0.25227286529082976,30.814335861806061,-135.26067412631429,21.649561601581873,-67.010355145034467
1801.716,8.924543565587962,11.294034860663995,8.0415129732720771,8.8702372001049312,0.88303059231588499,2.4237976605590639,5.341733641481356,5.5919290347074746,1.7717045141781815,2.6800715680870191,2.7332227035123644,30.814335861806061,-135.26067412631429,21.649561601581873,-67.010355145034467
1801.727,9.481429820674443,9.850581182375967,-5.9405267991068769,10.558496924294609,15.421956619781319,-0.70791574191864193,5.361441405185058,5.299192642332045,2.6800715680870191,-11.321706799106749,-11.241304652064139,34.765717541024571,-131.30929670989255,21.403017491433452,-67.256898824938148
1801.736,9.481429820674443,9.850581182375967,5.8153364989037328,7.539301352112453,3.6660933217707097,2.3112798302635138,5.361441405185058,5.1503807491005462,2.6800715680870191,-11.321706799106749,-11.241304652064139,37.631588282995686,-128.44342657103775,23.152648189720537,-65.507268124252562
1801.747,9.749603801043554,9.125426447853538,0.44242593452614187,9.1491889516452218,9.3071778665174119,-0.023762503791683542,5.400949394814687,4.9999999999999982,0.41438710408904544,-4.9783236239922486,-4.9658920108695774,40.016253055681268,-126.0587623816925,23.144372480847121,-65.515543820954932
1801.756,9.749603801043554,9.125426447853538,5.2117548803366702,7.6288300553163921,4.5378489207068835,1.4965963925371462,5.4207495585183905,4.6947156278589093,0.39458694038534237,-4.998154525473729,-4.9863169172621689,41.178930681657093,-124.89608482613633,23.66558805627141,-64.994328258090519
1801.767,9.749603801043554,9.125426447853538,7.5371100539602196,5.6184174562950773,2.2124937470833341,3.507008991558461,5.440580459999871,4.6947156278589093,-0.22882557966320061,2.0766679858122012,2.0698032184223054,41.745810927962246,-124.32920458620828,24.886964582449693,-63.77295175259713
1801.776,9.749603801043554,9.125426447853538,7.5371100539602196,5.6184174562950773,2.2124937470833341,3.507008991558461,5.440580459999871,4.6947156278589093,-0.22882557966320061,2.0766679858122012,2.0698032184223054,42.022201573386219,-124.05281394024118,24.886964582449693,-63.77295175259713
1801.786,9.98872407086009,8.343848597125627,1.4078734272218725,5.6924256792223815,8.5808506436382181,2.6514229179032451,5.480334351851721,4.3837114678907794,3.1905361844858389,-4.0923838527779965,-3.9966677672434212,44.220768242328091,-121.85424755287498,26.181016958389637,-62.478905200132594
1801.796,9.98872407086009,8.343848597125627,1.4078734272218725,5.6924256792223815,8.5808506436382181,2.6514229179032451,5.500257279999869,4.3837114678907794,3.170613256337691,-4.1123373942594776,-4.0172189965693468,44.220768242328091,-121.85424755287498,26.181016958389637,-62.478905200132594
1801.806,9.98872407086009,8.343848597125627,5.8050064742600682,7.5392333962750371,4.1837175966000224,0.80461520085058957,5.500257279999869,4.0673664307580113,3.170613256337691,-4.1123373942594776,-4.0172189965693468,45.292711106213545,-120.78230472246665,26.461238145109249,-62.198684052526865
1801.817,10.387822515033537,6.674401952523565,-7.7002917604114174,5.7093890267629774,18.088114275444955,0.96501292576058795,5.540194945185053,3.90731128489274,2.408697218849138,-13.260501380411284,-13.18824046384581,50.44984913695135,-115.62516726543174,27.984121822620324,-60.675874263807913
1801.826,10.387822515033537,6.674401952523565,1.5687013010045945,6.3815538780206893,8.819121214028943,0.29284807450287609,5.560209619999868,3.7460659341591329,-13.260501380411284,-4.0115535138100871,-4.409368555222426,52.709464856307804,-113.36555161752516,28.086111604519964,-60.573884916209636
1801.836,10.387822515033537,6.674401952523565,1.5687013010045945,6.3815538780206893,8.819121214028943,0.29284807450287609,5.5802548148146816,3.7460659341591329,-13.280546575226099,-4.0316291975137908,-4.4300455947705739,52.709464856307804,-113.36555161752516,28.086111604519964,-60.573884916209636
1801.847,10.576860424320422,5.841509155778853,4.3273298560893778,2.3195771284453741,6.2495305682310445,3.5219320273334791,5.600330498518385,3.2556815445715763,-4.0316291975137908,-7.8614319119734688,-7.9823807878988822,57.594868361630404,-108.48014825972388,29.615020420456613,-59.045306572959191
1801.856,10.576860424320422,5.841509155778853,4.3273298560893778,2.3195771284453741,6.2495305682310445,3.5219320273334791,5.620436639999866,3.2556815445715763,-7.8614319119734688,-1.3132433520586355,-1.5490863094178395,57.594868361630404,-108.48014825972388,29.615020420456613,-59.045306572959191
1801.866,10.732481400716642,4.970692476382148,-1.1783551891374344,3.1322139426563673,11.910836589854076,1.8384785337257803,5.620436639999866,3.0901699437494781,-7.8614319119734688,-1.3132433520586355,-1.5490863094178395,60.646636535772451,-105.42838015096966,30.257250848917739,-58.4069122952884
1801.876,10.870196265913275,4.092981563261177,-0.87606080956045673,4.3256628158714143,11.746257075473732,-0.23268125261023709,5.660740171851716,2.9237170472273637,-0.73555908100003542,-6.5569983095603215,-6.5790650819903229,65.144170112567039,-100.93084662385544,30.945559071968219,-57.715808675523583
1801.886,10.870196265913275,4.092981563261177,5.1431390742068643,2.4990637580939712,5.727057191706411,1.593917805167206,5.680937499999865,2.5881904510252078,-0.75575640914818454,-6.5772259710418011,-6.5998986633162469,66.611544010004934,-99.46347273115056,31.501024496190361,-57.160749173321641
1801.896,10.870196265913275,4.092981563261177,5.1431390742068643,2.4990637580939712,5.727057191706411,1.593917805167206,5.701165161481344,2.5881904510252078,-6.5772259710418011,-0.57828405097818347,-0.77560083010943748,66.611544010004934,-99.46347273115056,31.501024496190361,-57.160749173321641
1801.907,10.870196265913275,4.092981563261177,8.0778868632883487,0.25401360005333373,2.7923094026249267,3.8389679632078435,5.721423125185048,2.419218955996671,-0.57828405097818347,2.3361755032884872,2.3188269817591416,67.326983333884939,-98.748033407510093,32.838753146148846,-55.823766678296934
1801.916,10.989830627310123,3.204347190886592,0.62242179690770172,1.3907764655237891,10.367408830402422,1.8135707253628031,5.721423125185048,2.2495105434386544,-0.57828405097818347,2.3361755032884872,2.3188269817591416,69.983297848459358,-96.091718916480062,33.540889300289436,-55.260856410414235
1801.926,11.091200490633339,2.3100717079654105,-0.41745506332141247,3.4060268064885619,11.508655553954751,-1.0959550985231514,5.762029834814676,2.0791169081775913,0.173020966185085,-6.1998335818397923,-6.1946429528542399,74.227144546233831,-91.847872240634004,33.684662318563454,-54.602381142956219
1801.936,11.091200490633339,2.3100717079654105,-0.41745506332141247,3.4060268064885619,11.508655553954751,-1.0959550985231514,5.762029834814676,2.0791169081775913,0.173020966185085,-6.1998335818397923,-6.1946429528542399,74.227144546233831,-91.847872240634004,33.684662318563454,-54.602381142956219
1801.946,11.091200490633339,2.3100717079654105,5.4799893507476298,0.93877328747585409,5.6112111398857092,1.3712984204895564,5.802757379999861,1.9080899537654563,-6.2202124433212731,-0.34317703740037775,-0.52978341070001589,75.664836623686952,-90.410180165225057,34.173198331132149,-54.12656973474671
1801.956,11.191556655323321,1.424738979873441,-0.49795377158175747,5.0498742619408752,11.689510426905079,-3.6251352820674345,5.823166388148008,1.5643446504023208,-0.34317703740037775,-6.3415592834334689,-6.3518545945554798,78.659897073949608,-87.415119731130716,28.589158828159583,-50.692617467912285
1801.966,11.191556655323321,1.424738979873441,8.4127370140764608,-1.0118654495511556,2.7788196412468604,2.4366044294245963,5.843605511851711,1.2186934340514912,-6.3415592834334689,-0.37190760836374537,-0.56215438686674946,80.832165033252863,-85.242851773557732,30.457765806979253,-49.058545635609867
1801.976,11.191556655323321,1.424738979873441,9.8367030276861609,-1.0460254097336623,1.3548536276371603,2.470764389607103,5.8640747199998575,1.0452846326765444,-0.37190760836374537,2.5281630325951223,2.5170058043442101,81.179302625531548,-84.89571418118561,31.416975865968244,-48.204290057153258
1801.987,11.191556655323321,1.424738979873441,9.8367030276861609,-1.0460254097336623,1.3548536276371603,2.470764389607103,5.8640747199998575,1.0452846326765444,-0.37190760836374537,2.5281630325951223,2.5170058043442101,81.179302625531548,-84.89571418118561,31.416975865968244,-48.204290057153258
1801.996,11.255780592559875,0.5193729761703999,1.4773181788962759,18.865967142454771,9.7784624136635987,-18.346594166284373,5.9051032651850415,0.87155742747658449,2.5076337488914193,3.9110404876863054,3.9862695001530479,83.684718586495279,-82.390298226959445,6.3493583811437624,-22.554424519673777
1802.006,11.255780592559875,0.5193729761703999,8.931253523123722,1.6752608235831188,2.3245270694361526,-1.155887847412719,5.9256625399998555,0.52335956242944492,-4.4483443611035796,0.54189831843345981,0.40844798760035239,85.501855473389227,-80.573161340576661,3.5322140522492163,-23.836513360671493
1802.016,11.255780592559875,0.5193729761703999,8.931253523123722,1.6752608235831188,2.3245270694361526,-1.155887847412719,5.94625177481467,0.52335956242944492,2.9850017483090516,-14.108038146451937,-14.018488094002667,85.501855473389227,-80.573161340576661,3.5322140522492163,-23.836513360671493
1802.026,11.310381965393148,-1.3069861315105273,-8.1411672079335649,29.348897121843024,19.451549173326711,-30.655883253353551,5.9668709385183725,0.34899496702500943,2.9643825846053495,-14.128687207933421,-14.03975573039526,90.485688277328364,-75.589328547073691,-4.4897367980301226,-8.2871803900660481
1802.037,11.310381965393148,-1.3069861315105273,1.8264983880139578,6.1562828940214462,9.4838835773791903,-7.4632690255319734,5.987519999999855,0.17452406437282794,-14.128687207933421,-4.1817005401340435,-4.6055611563720458,92.915627899052424,-73.159388926179588,-7.4596511171131112,-5.7107385118756779
1802.046,11.30031980058061,-2.2271955704727584,-0.14621248484462157,-2.2652857368137869,11.446532285425231,0.038090166341028464,6.008198928148001,-0.17452406437283835,-4.1817005401340435,0.65746993805171083,0.53201892184768951,97.033185157325107,-69.041831665746827,-7.6574940131912275,-5.5462320812777044
1802.056,11.30031980058061,-2.2271955704727584,-0.14621248484462157,-2.2652857368137869,11.446532285425231,0.038090166341028464,6.028907691851706,-0.17452406437283835,0.65746993805171083,-6.1958587448444735,-6.1761346467029226,97.033185157325107,-69.041831665746827,-7.6574940131912275,-5.5462320812777044
1802.066,11.30031980058061,-2.2271955704727584,8.5792606991806117,-4.5051731192942022,2.7210591013999981,2.2779775488214438,6.049646259999852,-0.5233595624294376,-6.1958587448444735,-0.35101684432112013,-0.53689260666645433,99.160300357626056,-66.914716464630914,-6.2204022165189992,-6.9514844872330555
1802.076,11.30031980058061,-2.2271955704727584,8.5792606991806117,-4.5051731192942022,2.7210591013999981,2.2779775488214438,6.049646259999852,-0.5233595624294376,-6.1958587448444735,-0.35101684432112013,-0.53689260666645433,99.160300357626056,-66.914716464630914,-6.2204022165189992,-6.9514844872330555
1802.086,11.271640606746367,-3.1451061267025384,0.79452259383719692,-4.5282468295385634,10.47711801290917,1.383140702836025,6.091212685185036,-0.69756473744125913,2.4880480139955754,-5.3175178861626531,-5.2428764457427857,101.84472430150724,-64.230292516374163,-5.7656227552078523,-7.4619857944415831
1802.096,11.271640606746367,-3.1451061267025384,6.1633704851052578,-5.3069076197374514,5.1082701216411088,2.161801493034913,6.091212685185036,-0.87155742747657705,2.4880480139955754,-5.3175178861626531,-5.2428764457427857,103.15355394492809,-62.921462872071203,-5.0101824923601939,-8.2150753308178537
1802.106,11.271640606746367,-3.1451061267025384,8.7810297724049455,-5.541092559167148,2.4906108343414211,2.3959864324646096,6.132897954814665,-1.045284632676537,-5.3383753609774685,0.0095854065868898886,-0.15056585424243416,103.79169273027128,-62.283324086461398,-4.1726606153241983,-9.0494992678088888
1802.116,11.243248204850467,-4.053837577370021,0.96999283451120988,-5.5814577815770114,10.273255370339257,1.5276202042069906,6.153785078518368,-1.2186934340514661,2.6272446938865777,-5.2047089854886384,-5.1258916446720413,106.42388343977483,-59.651133372296655,-3.6478265704809596,-9.5890274750344524
1802.126,11.243248204850467,-4.053837577370021,8.8010994099229336,-6.4511350235313447,2.4421487949275331,2.3972974461613239,6.153785078518368,-1.3917310096006528,2.6272446938865777,-5.2047089854886384,-5.1258916446720413,108.33296796491052,-57.742048845951025,-2.0466438827279774,-11.189353388476832
1802.136,11.243248204850467,-4.053837577370021,8.8010994099229336,-6.4511350235313447,2.4421487949275331,2.3972974461613239,6.1956481481479955,-1.3917310096006528,0.038726109128717212,2.5844753780712351,2.5856371613450966,108.33296796491052,-57.742048845951025,-2.0466438827279774,-11.189353388476832
1802.147,11.158406177328787,-4.963033053468886,1.5707480770477531,-7.7163456508288188,9.5876581002810344,2.7533125973599333,6.2166240318516985,-1.9080899537654319,2.5844753780712351,3.8149138681034138,3.8924481294455511,111.09457622634112,-54.980440571390936,-0.83730565545969815,-12.404767003950729
1802.157,11.158406177328787,-4.963033053468886,6.4838050751116825,-7.5146509118959699,4.674601102217105,2.5516178584270843,6.237629439999846,-2.0791169081775838,-4.6668813629520933,0.22514073363035614,0.085134292741793349,112.29229215463204,-53.782724641043174,0.0514113162790516,-13.293426098349558
1802.166,11.158406177328787,-4.963033053468886,6.4838050751116825,-7.5146509118959699,4.674601102217105,2.5516178584270843,6.237629439999846,-2.0791169081775838,-4.6668813629520933,0.22514073363035614,0.085134292741793349,112.29229215463204,-53.782724641043174,0.0514113162790516,-13.293426098349558
1802.176,10.916316316978028,-6.725723874676587,-7.5797439274930554,-5.7156801146316862,18.496060244471082,-1.0100437600449004,6.27972870518503,-2.2495105434386473,0.20407636992665257,2.5784144332637542,2.5845367243615538,117.61527533959614,-48.459741357043413,0.56530133117218928,-13.806696990126884
1802.186,10.916316316978028,-6.725723874676587,1.8982951582154186,-8.1231468536222344,9.0180211587626093,1.3974229789456478,6.300822499999844,-2.4192189559966812,2.5784144332637542,-13.901689622307712,-13.8243371893098,119.92585271821653,-46.149163964426961,1.0519775964376876,-14.293375523896975
1802.196,10.916316316978028,-6.725723874676587,6.5194499279283633,-8.8468775813069875,4.3968663890496646,2.1211537066304009,6.321945694814657,-2.756373558169992,-13.901689622307712,-4.4448031003029413,-4.8618537889721729,121.05240807405143,-45.02260860621967,1.7907081394003934,-15.03210396861123
1802.21,10.760067056260462,-7.573639226461561,0.29340709409024157,-10.740931412555216,10.466659962170221,3.1672921860936558,6.34309825851836,-2.9237170472273739,-4.4448031003029413,0.15516976792852155,0.021825674919433324,123.73415245382363,-42.340864170170725,2.8937482920346813,-16.135192890066445
1802.217,10.760067056260462,-7.573639226461561,0.29340709409024157,-10.740931412555216,10.466659962170221,3.1672921860936558,6.364280159999842,-2.9237170472273739,0.15516976792852155,-6.0920842740577479,-6.0874291810198926,123.73415245382363,-42.340864170170725,2.8937482920346813,-16.135192890066445
1802.227,10.760067056260462,-7.573639226461561,5.6568959074938334,-10.208237812486992,5.1031711487666289,2.6345985860254313,6.3854913681479895,-3.0901699437494705,-6.0920842740577479,-0.74983594435785861,-0.93259847257959105,125.04167564627097,-41.033340969508366,3.8112931672033987,-17.0527374848043
1802.237,10.605380288150073,-8.413075424728685,5.3748865380465531,-10.561199869927044,5.2304937501035198,2.1481244451983592,6.406731851851692,-3.4202014332566799,-0.74983594435785861,-6.5504213041160524,-6.5729163824467882,129.13047424348403,-36.944542278612523,5.1252054938960923,-18.366654830534948
1802.247,10.605380288150073,-8.413075424728685,5.3748865380465531,-10.561199869927044,5.2304937501035198,2.1481244451983592,6.406731851851692,-3.4202014332566799,-0.74983594435785861,-6.5504213041160524,-6.5729163824467882,129.13047424348403,-36.944542278612523,5.1252054938960923,-18.366654830534948
1802.256,10.605380288150073,-8.413075424728685,8.0551775589703141,-10.710155823918623,2.5502027291797589,2.2970803991899373,6.449300521481321,-3.4202014332566799,-1.0744139834347681,1.5845489137852891,1.5523164942822461,129.78388153122131,-36.291134988734278,5.9252035245998504,-19.16665278358256
1802.267,10.416242671712434,-9.211896461709204,6.0074602942553526,-10.815803104076544,4.4087823774570811,1.60390664236734,6.470628645185025,-3.7460659341591098,-5.096846952501247,-0.4845256257444861,-0.63743103431952353,133.2303292128689,-32.844687173622781,6.4483597440817366,-19.689808931498032
1802.276,10.416242671712434,-9.211896461709204,6.0074602942553526,-10.815803104076544,4.4087823774570811,1.60390664236734,6.470628645185025,-3.7460659341591098,-5.096846952501247,-0.4845256257444861,-0.63743103431952353,133.2303292128689,-32.844687173622781,6.4483597440817366,-19.689808931498032
1802.286,10.211464463115913,-9.990299229786089,1.5841631868814119,-13.065393616491924,8.6273012762345012,3.0750943867058353,6.513372314814652,-4.0673664307579873,-0.50591202055929951,1.7318893847447718,1.716712024127993,135.99155402811061,-30.083462172370901,8.2543653459412845,-21.495814999562061
1802.296,10.211464463115913,-9.990299229786089,1.5841631868814119,-13.065393616491924,8.6273012762345012,3.0750943867058353,6.534787798518355,-4.0673664307579873,1.7318893847447718,-4.972069153118424,-4.9201124715760809,135.99155402811061,-30.083462172370901,8.2543653459412845,-21.495814999562061
1802.306,10.211464463115913,-9.990299229786089,6.0050991906163347,-10.923484074716843,4.2063652724995784,0.9331848449307536,6.556232339999836,-4.3837114678907723,1.710444843263291,-4.9935427212665697,-4.9422293759686706,137.06929959905315,-29.005716575376873,8.5793630985982272,-21.820812752453516
1802.316,10.211464463115913,-9.990299229786089,8.1605903556422845,-13.436938942739985,2.0508741074736285,3.4466397129538962,6.577705908147982,-4.5399049973954568,-0.57260671753164694,1.5613818837905971,1.5442036822646477,137.59477001355089,-28.480246156436852,9.7797149562741446,-23.021164608339188
1802.327,9.757094547564881,-11.459557562103088,-5.4810526859091055,-12.598170479995808,15.238147233473986,1.1386129178927202,6.5992084718516875,-4.6947156278589022,1.5613818837905971,-12.10179268590894,-12.054951229395222,141.49905360137919,-24.575961139246843,10.176256537658103,-23.417706287165824
1802.34,9.757094547564881,-11.459557562103088,6.134696225300857,-13.568016363368791,3.6223983222640239,2.1084588012657033,6.5992084718516875,-4.8480962024633714,1.5613818837905971,-12.10179268590894,-12.054951229395222,144.33076652860956,-21.744247985775168,11.570055213177207,-24.811504972499748
1802.347,9.492941698712375,-12.120733223087193,1.3791846716578249,-12.099401971920727,8.1137570270545503,-0.021331251166465393,6.642300461481315,-5.0000000000000071,-4.3147845685338693,-0.52919359988416037,-0.65863713694017645,146.40965490594283,-19.665358681715126,11.5626262368545,-24.804075994910885
1802.356,9.492941698712375,-12.120733223087193,1.3791846716578249,-12.099401971920727,8.1137570270545503,-0.021331251166465393,6.663889825185017,-5.0000000000000071,-0.52919359988416037,-5.3063233883420056,-5.3221991963385307,146.40965490594283,-19.665358681715126,11.5626262368545,-24.804075994910885
1802.366,9.492941698712375,-12.120733223087193,5.5369623294247532,-13.633297901113785,3.9559793692876219,1.5125646780265924,6.68550805999983,-5.1503807491005391,-1.1485457305750773,0.85699171411198094,0.82253534219472857,147.42324710670212,-18.651766351453176,12.089403029343522,-25.330852793770422
1802.376,9.492941698712375,-12.120733223087193,7.5641468489266259,-14.083551806788549,1.9287948497857492,1.9628185837013561,6.68550805999983,-5.4463903501502653,-1.1485457305750773,0.85699171411198094,0.82253534219472857,147.91743863740487,-18.157574799720368,12.772988526999265,-26.01443829915717
1802.386,9.492941698712375,-12.120733223087193,8.552529925745759,-15.676476822052749,0.94041177296661616,3.5557435989655559,6.707155134814645,-5.5919290347074675,0.85699171411198094,1.823698907227409,1.8494086586507685,148.15838885506594,-17.916624577307246,14.011337693765476,-27.252787479923676
1802.397,9.231430378348394,-12.775297127461457,5.9439587975162738,-14.784125464929026,3.2874715808321202,2.0088283374675697,6.750535679999829,-5.8778525229247283,1.8019942457459299,-4.2834789257844497,-4.2294190984120714,150.72828112460965,-15.346730811377181,15.365643420691855,-28.607093423727449
1802.406,9.231430378348394,-12.775297127461457,7.6285761485623595,-14.805788679906122,1.6028542297860344,2.0304915524446656,6.772269088147978,-6.0181502315204849,-4.2834789257844497,-0.85007241433540681,-0.97857678210894028,151.13896086868786,-14.936051037579958,16.072797199331358,-29.314247215919583
1802.416,9.231430378348394,-12.775297127461457,7.6285761485623595,-14.805788679906122,1.6028542297860344,2.0304915524446656,6.772269088147978,-6.0181502315204849,-4.2834789257844497,-0.85007241433540681,-0.97857678210894028,151.13896086868786,-14.936051037579958,16.072797199331358,-29.314247215919583
1802.426,8.942580964007147,-13.371418615237609,2.4887185148144226,-14.794458449250641,6.4538624491927248,1.4230398340130321,6.815822019999827,-6.0181502315204849,0.81275412856253215,-4.348922966666886,-4.3245403428100104,152.79255397011286,-13.28245545668516,16.568395269190148,-29.809845599620669
1802.436,8.942580964007147,-13.371418615237609,5.7959071406363876,-13.803262012626107,3.1466738233707598,0.43184339738849786,6.815822019999827,-6.2932039104983737,0.81275412856253215,-4.348922966666886,-4.3245403428100104,153.59878759571498,-12.476221486993605,16.718792196179777,-29.960242532194194
1802.447,8.942580964007147,-13.371418615237609,8.1945565525882955,-14.245880455346452,0.7480244114188519,0.87446184010884309,6.8594895651850125,-6.5605902899050692,0.54888514319873405,1.3131903125884703,1.3296568668844324,154.18353564911624,-11.89147336685688,18.026900892694901,-31.268351273411458
1802.456,8.942580964007147,-13.371418615237609,8.1945565525882955,-14.245880455346452,0.7480244114188519,0.87446184010884309,6.8594895651850125,-6.5605902899050692,0.54888514319873405,1.3131903125884703,1.3296568668844324,154.18353564911624,-11.89147336685688,18.026900892694901,-31.268351273411458
1802.466,8.318587863581854,-14.437900709561019,3.2452110996853776,-15.006216255275376,5.0733767638964764,0.56831554571435738,6.90327147481464,-6.6913060635885699,-8.9902346380931526,-3.6799941388329644,-3.9497011779757591,158.14949933007497,-7.9254836891527987,18.877043699019993,-32.118496614591074
1802.476,8.318587863581854,-14.437900709561019,5.8449897233809338,-15.917522568916851,2.4735981402009202,1.4796218593558326,6.90327147481464,-6.8199836006249779,-8.9902346380931526,-3.6799941388329644,-3.9497011779757591,158.78327895211393,-7.2917036063801026,19.392347585394987,-32.633800562340973
1802.486,8.318587863581854,-14.437900709561019,5.8449897233809338,-15.917522568916851,2.4735981402009202,1.4796218593558326,6.947167499999822,-6.8199836006249779,-3.7019564003144447,-1.124168504767038,-1.2352271967764714,158.78327895211393,-7.2917036063801026,19.392347585394987,-32.633800562340973
1802.498,8.318587863581854,-14.437900709561019,7.1125493527642334,-16.173690166484462,1.2060385108176206,1.7357894569234436,6.969158228147972,-7.0710678118654791,-3.7239471284625942,-1.1461876684707404,-1.2579060823246182,159.09228743220416,-6.9826950391764306,19.996866265263264,-33.238319314155085
1802.506,7.973157254752068,-14.888512341786765,3.2244311933577023,-17.475497288171148,4.7487260613943656,2.5869849463843835,6.991177391851674,-7.0710678118654791,0.1213719609125592,-3.7887937666421179,-3.7851526078147413,160.30898800097711,-5.7659793337339993,20.89782593010537,-34.139284304598235
1802.516,7.973157254752068,-14.888512341786765,5.6578471786266959,-15.673572846849211,2.315310076125372,0.78506050506244662,7.01322495999982,-7.3135370161917059,0.099324392764413183,-3.8108697081236,-3.8078899763406677,160.90221061489771,-5.1727546391887351,21.171236816029442,-34.412695263132271
1802.528,7.973157254752068,-14.888512341786765,6.8442943462119672,-17.551443110584025,1.1288629085401007,2.6629307687972599,7.035300901481302,-7.4314482547739482,-3.8108697081236,-1.399558006558312,-1.51388409780202,161.19144522500656,-4.8835197069783645,22.098648481920961,-35.340107149397603
1802.536,7.631180952010579,-15.334617857690253,2.9616710812150018,-16.875737316489264,4.6695098707955776,1.5411194587990114,7.057405185185008,-7.5470958022277177,-1.399558006558312,-0.23524343378785151,-0.27723017398460087,162.38784179437172,-3.6870930525569339,22.635366786338508,-35.876832072370462
1802.547,7.258883200361686,-15.71074603263016,4.4964615289720484,-17.222967976524721,2.7624216713896379,1.512221943894561,7.079537779999819,-7.6604444311897826,-0.23524343378785151,-4.1400275735996308,-4.147084876613266,164.54723971164634,-1.5275919899646122,23.596668253431616,-36.838146318718906
1802.556,7.258883200361686,-15.71074603263016,4.4964615289720484,-17.222967976524721,2.7624216713896379,1.512221943894561,7.101698654814633,-7.6604444311897826,-5.5085711546436107,-2.6274262495462892,-2.7926833841855974,164.54723971164634,-1.5275919899646122,23.596668253431616,-36.838146318718906
1802.566,6.879933348913437,-16.0614632468329,2.4046673280936375,-16.169679633486425,4.4752660208197996,0.10821638665352395,7.123887778518338,-7.8801075360672188,-5.5307602783473158,-2.6496435910277691,-2.8155663993781888,165.69381038784834,-0.38087593952199938,23.634355339813471,-36.87583576542302
1802.576,6.879933348913437,-16.0614632468329,4.6979516303834146,-18.2909342288619,2.1819817185300225,2.2294709820289995,7.146105119999818,-7.9863551004729221,-2.6496435910277691,-4.7636833200543274,-4.8431726277851608,166.25286331550106,0.17819684557939697,24.410807019683951,-37.652289319665478
1802.586,6.879933348913437,-16.0614632468329,6.3612341767367866,-16.589202704019058,0.51869917217665051,0.52773945718615778,7.168350648147965,-8.1915204428899084,-1.3522744870942924,-0.82939015511488101,-0.86995838972770978,166.65834083644032,0.58367798242054258,25.20025319314658,-38.441737163267746
1802.597,6.879933348913437,-16.0614632468329,6.3612341767367866,-16.589202704019058,0.51869917217665051,0.52773945718615778,7.168350648147965,-8.1915204428899084,-1.3522744870942924,-0.82939015511488101,-0.86995838972770978,166.65834083644032,0.58367798242054258,25.20025319314658,-38.441737163267746
1802.607,6.494785267917581,-16.39086416897921,3.3326158265763581,-18.2733291883292,3.1621694413412227,1.8824650193499899,7.212926139999815,-8.2903757255504136,-1.3968499789461424,-0.87402186474450971,-0.91592736411289399,167.46843442893694,1.3939943864009487,25.855807637441139,-39.097387644024273
1802.616,6.494785267917581,-16.39086416897921,4.9530221225109017,-17.950680084484162,1.5417631454066791,1.5598159155049522,7.235256041481296,-8.3867056794542307,-0.87402186474450971,-3.9249981786086412,-3.9512188345509767,167.86344686548983,1.7890372527036242,26.399040287226629,-39.640623156999496
1802.627,6.103869941876307,-16.699260335364425,4.4238819631584363,-17.979442545461453,1.6799879787178709,1.2801822100970277,7.257614005184999,-8.5716730070211202,-2.3045918826740976,-4.6217950652022735,-4.6909328216824964,169.17641642064041,3.102641588029674,27.237805412502002,-40.479524700137311
1802.636,6.103869941876307,-16.699260335364425,4.4238819631584363,-17.979442545461453,1.6799879787178709,1.2801822100970277,7.279999999999812,-8.5716730070211202,-4.6217950652022735,-2.8785320316561913,-3.0171858836122594,169.17641642064041,3.102641588029674,27.237805412502002,-40.479524700137311
1802.647,5.716863769095447,-17.00457254008579,2.2296702536592647,-17.999989605301181,3.4871935154361822,0.99541706521539197,7.302413994814628,-8.6602540378443873,-2.8785320316561913,-5.0951857048590661,-5.1815416658087514,170.06928446701892,3.9967454947733918,27.584351570316446,-40.82632836630173
1802.656,5.716863769095447,-17.00457254008579,4.8878827528903059,-18.224485013519057,0.82898101620514097,1.2199124734332685,7.324855958518331,-8.8294759285892681,-5.0951857048590661,-3.3307029821476677,-3.4835585532934399,170.71722326112399,4.6448780132142273,28.422907843514363,-41.664904277610148
1802.666,5.716863769095447,-17.00457254008579,4.8878827528903059,-18.224485013519057,0.82898101620514097,1.2199124734332685,7.324855958518331,-8.8294759285892681,-5.0951857048590661,-3.3307029821476677,-3.4835585532934399,170.71722326112399,4.6448780132142273,28.422907843514363,-41.664904277610148
1802.676,4.900950216142197,-17.52182409506818,1.5251786683840294,-18.367376463367862,3.375771547758168,0.84555236829968194,7.3698236681479585,-8.9879404629916664,-2.4819409152576526,-4.8094511959316133,-4.8839094233893432,172.2776949416764,6.2146121989383314,29.040815034405142,-42.284631479657939
1802.686,4.900950216142197,-17.52182409506818,1.5251786683840294,-18.367376463367862,3.375771547758168,0.84555236829968194,7.3698236681479585,-8.9879404629916664,-2.4819409152576526,-4.8094511959316133,-4.8839094233893432,172.2776949416764,6.2146121989383314,29.040815034405142,-42.284631479657939
1802.696,4.900950216142197,-17.52182409506818,3.2549973733187301,-18.557172542285358,1.6459528428234673,1.0353484472171779,7.41490287999981,-9.0630778703665005,-4.832004724079761,-5.9123055530972586,-6.0572656948196517,172.90450992012674,6.8425256983533282,29.40138915553084,-42.645252859944293
1802.707,4.900950216142197,-17.52182409506818,4.0984222014386376,-18.587391025312314,0.80252801470355983,1.0655669302441346,7.437484221481288,-9.1354545764260049,-4.1824868481625579,-3.3616711437463538,-3.4871457491912303,172.90450992012674,6.8425256983533282,29.772491033186306,-43.016395855540949
1802.716,4.482341411490785,-17.75159483155887,3.3630843185275694,-18.696885295763693,1.119257092963216,0.94529046420482388,7.437484221481288,-9.2050485345244013,-4.1824868481625579,-3.3616711437463538,-3.4871457491912303,173.77362665188545,7.7233487089622592,30.386431155865413,-43.633364134317496
1802.726,4.482341411490785,-17.75159483155887,3.3630843185275694,-18.696885295763693,1.119257092963216,0.94529046420482388,7.482730219999807,-9.2050485345244013,-5.2958476240317491,-4.1423104962870525,-4.3011859250080047,173.77362665188545,7.7233487089622592,30.386431155865413,-43.633364134317496
1802.736,4.482341411490785,-17.75159483155887,3.9366001402540292,-18.038458639491424,0.5457412712367562,0.28686380793255495,7.505394814814622,-9.3358042649720154,-5.3185122188465641,-4.1650027799907559,-4.3245581465561527,173.91336099315143,7.8632922077811056,30.486336293882498,-43.733294845019238
1802.746,4.059914458485147,-17.969134043229072,1.9818374355014612,-19.156550334576565,2.0780770229836856,1.1874162913474926,7.528087098518325,-9.3358042649720154,-3.5914869582642961,-5.5689696044983448,-5.6767142132462736,174.43476824617287,8.4069223867790139,30.894832591822702,-44.152115665957481
1802.756,4.059914458485147,-17.969134043229072,3.0465646395492172,-18.329476263674849,1.0133498189359296,0.36034222044577646,7.528087098518325,-9.4551857559931634,-3.5914869582642961,-5.5689696044983448,-5.6767142132462736,174.69294138889336,8.6681133619921198,31.020320030871776,-44.277692966855753
1802.766,4.059914458485147,-17.969134043229072,3.5657751490895464,-19.27230109671639,0.49413930939560036,1.3031670534873179,7.573554608147952,-9.4551857559931634,-4.5269899685987349,-4.030554622762109,-4.1663643218200708,174.81934553464097,8.7949671167801338,31.474168934782533,-44.731812334975459
1802.776,3.197123292217914,-18.358121425390888,0.48106132547911784,-18.855362759214017,2.716061966738796,0.49724133382312985,7.596329771851655,-9.5630475596303501,-5.9774839560302535,-7.1380711745206842,-7.3173956932015916,175.91248159939354,10.127484088272826,31.706996742878708,-44.995429451802814
1802.786,3.197123292217914,-18.358121425390888,0.48106132547911784,-18.855362759214017,2.716061966738796,0.49724133382312985,7.596329771851655,-9.5630475596303501,-5.9774839560302535,-7.1380711745206842,-7.3173956932015916,175.91248159939354,10.127484088272826,31.706996742878708,-44.995429451802814
1802.796,3.197123292217914,-18.358121425390888,1.8717820078234126,-19.033846542945042,1.3253412843945012,0.67572511755415476,7.641962761481282,-9.6592582628906811,-7.1609014360021641,-5.7930385173615733,-6.0078655604416378,176.23965350405888,10.480073121023223,31.942237854636044,-45.231631426096236
1802.806,3.197123292217914,-18.358121425390888,2.5504512665627885,-19.525295421522145,0.64667202565512527,1.1671739961312575,7.641962761481282,-9.7029572627599663,-7.1609014360021641,-5.7930385173615733,-6.0078655604416378,176.40363153394011,10.647786095702489,32.3487166661969,-45.639472568290309
1802.817,2.7575236602409303,-18.52964048028321,0.34039849753554563,-19.300793915059984,2.4171251627053847,0.77115343477677456,7.687705759999799,-9.7437006478523518,-5.1372544934370108,-7.3702199372790682,-7.5243375720821781,176.83660085694436,11.454713457313238,32.567103627380149,-45.959951723345739
1802.826,2.7575236602409303,-18.52964048028321,1.5768231186610535,-19.171112936393456,1.1807005415798768,0.64147245611024672,7.710618434814614,-9.7814760073380569,-5.1601671682518253,-7.3931600209827693,-7.5479650360303241,177.11423689804002,11.783307100401515,32.790283179127051,-46.185351911186046
1802.836,2.3153304331916607,-18.688530298140666,-1.1141626504725082,-19.423756100934639,3.4294930836641688,0.73522580279397332,7.733558518518315,-9.8480775301220795,-5.552732131981422,-8.8706886304723049,-9.0372705944317477,177.48168500981353,13.467414717964841,33.123943970176903,-46.766656557747766
1802.847,2.3153304331916607,-18.688530298140666,0.63690851457997155,-19.229745294477823,1.6784219186116891,0.54121499633715686,7.756525979999798,-9.8768834059513786,-5.5756995934629048,-8.8936834386204531,-9.06095442642434,177.82342445940381,13.988870408178981,33.311925579481112,-46.959243331421213
1802.856,2.3153304331916607,-18.688530298140666,0.63690851457997155,-19.229745294477823,1.6784219186116891,0.54121499633715686,7.779520788147945,-9.8768834059513786,-8.8936834386204531,-7.1656343972716758,-7.4324449004302897,177.82342445940381,13.988870408178981,33.311925579481112,-46.959243331421213
1802.866,2.3153304331916607,-18.688530298140666,1.4935052107304614,-19.140865294814347,0.82182522246119927,0.45233499667368093,7.802542911851647,-9.9026806874157032,-6.309037701121186,-5.9126758004657889,-6.1019469314994241,178.12276020385045,14.320093580555064,33.469412093334043,-47.119834340792949
1802.876,2.3153304331916607,-18.688530298140666,1.9129165195340079,-19.083801399604511,0.40241391365765278,0.39527110146384459,7.825592319999797,-9.9254615164132218,-6.3320871092693354,-5.9357524619472688,-6.1257150752253491,178.12276020385045,14.320093580555064,33.607032701679607,-47.260164517494879
1802.886,1.4177376854072534,-18.959632012581903,-16.902645058988128,-22.113563296810966,18.320382744395381,3.1539312842290634,7.848668981481277,-9.9452189536827316,-5.9357524619472688,-24.774417924173108,-24.952490498031526,156.61420990926064,43.226019637539153,30.448278327093124,-52.266304035389794
1802.896,0.9692292223884028,-19.082609630745303,-25.914081109364446,-23.818399084607407,26.883310331752849,4.7357894538621039,7.87177286518498,-9.9756405025982424,-24.774417924173108,-15.015434738056641,-15.758667275781834,113.98067336056543,94.623505657402504,23.895454638536044,-61.219715725650772
1802.906,0.9692292223884028,-19.082609630745303,-25.914081109364446,-23.818399084607407,26.883310331752849,4.7357894538621039,7.87177286518498,-9.9756405025982424,-24.774417924173108,-15.015434738056641,-15.758667275781834,113.98067336056543,94.623505657402504,23.895454638536044,-61.219715725650772
1802.916,0.9692292223884028,-19.082609630745303,-5.0677083419988094,-19.561036756397769,6.0369375643872125,0.47842712565246615,7.918062174814608,-9.993908270190957,-33.832143284179054,-18.844648314878313,-19.859612613403684,110.81108261641998,105.76167716956292,24.56152465260109,-62.147152909428833
1802.926,0.5131599640017781,-19.181202443907065,-33.702789522120156,-26.188976371597917,34.215949486121936,7.0077739276908524,7.9412475385183106,-9.9984769515639123,-18.844648314878313,-13.032168341998601,-13.597507791444951,59.526248081858064,150.69558694815149,13.320444185242287,-72.349779510841472
1802.936,0.5131599640017781,-19.181202443907065,-33.702789522120156,-26.188976371597917,34.215949486121936,7.0077739276908524,7.964459999999791,-9.9984769515639123,-13.032168341998601,-41.690489050268091,-42.081454100528049,59.526248081858064,150.69558694815149,13.320444185242287,-72.349779510841472
1802.946,0.5131599640017781,-19.181202443907065,-12.996021776393462,-21.342363809441821,13.50918174039524,2.1611613655347561,7.987699528147937,-10.0,-41.690489050268091,-21.006987868245105,-22.257702539753147,54.415305909374702,159.50383605980937,13.867439934589337,-73.592020384381456
1802.956,0.5131599640017781,-19.181202443907065,-6.602200303203432,-19.856950642305577,7.1153602672052099,0.6757481983985123,8.01096609185164,-9.9984769515639123,-21.006987868245105,-14.636459963203221,-15.266669599250573,54.29836875501104,162.82191447599388,14.048576794909163,-73.975669171524956
1802.966,0.06026978677596362,-18.970399378634916,-23.613484910661668,-25.163419332172779,23.673754697437634,6.1930199535378634,8.01096609185164,-9.993908270190957,-21.006987868245105,-14.636459963203221,-15.266669599250573,28.79356519489783,178.67934798867583,6.5059764492989505,-78.753112266770557
1802.977,0.06026978677596362,-18.970399378634916,-5.0277921622310373,-19.453922745460389,5.0880619490070007,0.48352336682547303,8.057580201481269,-9.9862953475457381,-17.348942143650728,-13.108719847416012,-13.629188111725533,24.806922891076205,185.40302607994943,6.5794038863394331,-80.348130390498397
1802.986,0.06026978677596362,-18.970399378634916,-5.0277921622310373,-19.453922745460389,5.0880619490070007,0.48352336682547303,8.057580201481269,-9.9862953475457381,-17.348942143650728,-13.108719847416012,-13.629188111725533,24.806922891076205,185.40302607994943,6.5794038863394331,-80.348130390498397
1802.996,-0.830853328218025,-18.570480631052465,-15.887239219157692,-23.790145376871038,15.056385890939668,5.219664745818573,8.104302079999787,-9.9452189536827333,-13.132094242230824,-10.935370781766808,-11.329333609033734,14.052222518288598,188.91718826976023,2.4352533022949068,-81.272366095078766
1803.007,-0.830853328218025,-18.570480631052465,-15.887239219157692,-23.790145376871038,15.056385890939668,5.219664745818573,8.104302079999787,-9.9452189536827333,-13.132094242230824,-10.935370781766808,-11.329333609033734,14.052222518288598,188.91718826976023,2.4352533022949068,-81.272366095078766
1803.017,-0.830853328218025,-18.570480631052465,-3.6368692679726564,-18.759163673323741,2.8060159397546314,0.18868304227127553,8.151131478518305,-9.9254615164132218,-10.958798905470513,-24.061825639157476,-24.390589606321591,11.373469784746687,191.15647034997906,1.960185831109488,-81.961396422970651
1803.027,-0.830853328218025,-18.570480631052465,-3.6368692679726564,-18.759163673323741,2.8060159397546314,0.18868304227127553,8.174586419999784,-9.9254615164132218,-14.530839660007913,-11.834937416120587,-12.270862605920824,11.373469784746687,191.15647034997906,1.960185831109488,-81.961396422970651
1803.036,-1.2694529314353846,-18.36017945032651,-2.1542788115163773,-18.966530027526545,0.88482588008099272,0.60635057720003616,8.19806814814793,-9.8768834059513786,-14.55432138815606,-11.858445899824291,-12.295075541468973,11.041138145238843,191.32339412125941,1.6446534894531191,-82.114178585221893
1803.046,-1.2694529314353846,-18.36017945032651,-1.7036603647725883,-18.058612794248532,0.43420743333720369,-0.30156665607797706,8.221576631851635,-9.8480775301220813,-11.858445899824291,-10.39939065151616,-10.755144028510889,10.918882398190531,191.43503506557536,1.7486025268505563,-81.993025139333056
1803.057,-1.2694529314353846,-18.36017945032651,-1.4876558860854345,-17.980443506114838,0.21820295465004991,-0.37973594421167078,8.245111839999783,-9.8162718344766393,-9.9487722047723715,-9.7563296275666982,-10.054792793709868,10.863109210557404,191.49575670375421,1.8791149601781567,-81.840141935097336
1803.066,-1.7018029300490234,-18.13298157299472,-0.86651362561275391,-17.769160841312626,-0.83528930443626948,-0.36382073168209317,8.268673741481264,-9.7437006478523536,-9.7563296275666982,-8.2902164686440347,-8.5829063574710354,11.651513061456715,190.94240535044835,2.0299646615241946,-81.691572502324604
1803.076,-1.7018029300490234,-18.13298157299472,-1.2889630244856107,-17.644738084458865,-0.41283990556341266,-0.4882434885358542,8.268673741481264,-9.7437006478523536,-9.7563296275666982,-8.2902164686440347,-8.5829063574710354,11.75799021002692,190.83336202683353,2.1995743577352744,-81.510297868517384
1803.086,-1.7018029300490234,-18.13298157299472,-1.2889630244856107,-17.644738084458865,-0.41283990556341266,-0.4882434885358542,8.31587749999978,-9.7437006478523536,-9.1823911256125346,-9.628482319300204,-9.9039540530685795,11.75799021002692,190.83336202683353,2.1995743577352744,-81.510297868517384
1803.096,-2.129174769945471,-17.927046326202408,0.1329170253231382,-18.064922224278192,-2.262091795268609,0.13787589807578371,8.339519294814593,-9.6592582628906847,-9.2060329204273472,-9.6521506830039101,-9.9283316706167302,12.43071073231391,190.33153813606054,2.1423050861164743,-81.55065001374183
1803.106,-2.129174769945471,-17.927046326202408,-1.0228607426151086,-17.124474578317788,-1.1063140273303622,-0.80257174788462038,8.3631876585183,-9.6126169593831889,-9.6521506830039101,-8.2539655346766398,-8.543530055166757,12.725092751612218,190.05402088429153,2.4219386237502358,-81.263541620432505
1803.117,-2.129174769945471,-17.927046326202408,-1.5865477432025159,-17.217002636852939,-0.54262702674295493,-0.71004368934946882,8.386882559999778,-9.5630475596303537,-9.973430303202294,-8.5465736817917684,-8.8457765908878372,12.864937624360902,189.91354316339007,2.6690914717469751,-81.009298653426342
1803.126,-2.551885959230272,-17.733990973090307,-0.13596971364384558,-17.258041135859429,-2.4159162455864265,-0.47594983723087836,8.386882559999778,-9.5105651629515382,-9.973430303202294,-8.5465736817917684,-8.8457765908878372,13.537120709965807,189.34140656069331,2.8521781603589154,-80.858677510119151
1803.136,-2.551885959230272,-17.733990973090307,-1.9752038286620746,-16.977066697016994,-0.5766821305681975,-0.75692427607331325,8.434351851851629,-9.4551857559931669,-10.020899595054145,-8.5940958936436207,-8.8947228814952446,13.994052736784695,188.89503189546113,3.3489338357068585,-80.35609645396822
1803.148,-2.9689936662202676,-17.517516340277353,-0.20056446692478858,-17.527076902965916,-2.768429199295479,0.0095605626885628681,8.458126179999775,-9.3969262078590869,-9.8302994750564583,-10.457130750143332,-10.752039734395025,14.734816226351866,188.21422318094363,3.3454226382237033,-80.359262824843924
1803.156,-3.381930296140363,-17.30320645379253,0.48133359109178286,-16.947704466610674,-3.8632638872321459,-0.35550198718185655,8.481926921481257,-9.2718385456678796,-10.457130750143332,-8.7063185121097479,-9.0200324346140484,15.75588323241198,187.25379829258017,3.4723534753687639,-80.238284179799408
1803.167,-3.381930296140363,-17.30320645379253,-1.4978028435710655,-15.944444515077066,-1.8841274525692975,-1.3587619387154639,8.481926921481257,-9.2718385456678796,-10.457130750143332,-8.7063185121097479,-9.0200324346140484,16.242522921098725,186.77427723714962,3.9456183844668518,-79.764043439205608
1803.176,-3.381930296140363,-17.30320645379253,-2.4628409775189084,-16.890858408358326,-0.9190893186214546,-0.41234804543420367,8.529607519999772,-9.1354545764260084,-8.0482739289079888,-10.051290158385653,-10.292738376252892,16.478434232744657,186.5388994148532,4.0892237907982079,-79.620106167532143
1803.186,-3.381930296140363,-17.30320645379253,-2.4628409775189084,-16.890858408358326,-0.9190893186214546,-0.41234804543420367,8.529607519999772,-9.1354545764260084,-8.0482739289079888,-10.051290158385653,-10.292738376252892,16.478434232744657,186.5388994148532,4.0892237907982079,-79.620106167532143
1803.196,-3.789402640544938,-17.10296323386998,-0.95232914968102023,-15.819484933586253,-2.8370734908639177,-1.2834783002837256,8.57739339851829,-9.063077870366504,-11.040234376037198,-9.5536548896807911,-9.8848619209619066,17.212944786267499,185.81904721688235,4.5419100799564864,-79.178347326265168
1803.206,-3.789402640544938,-17.10296323386998,-2.4059413630106405,-15.989700439148677,-1.3834612775342974,-1.113262794721301,8.601325739999771,-8.9879404629916788,-9.5536548896807911,-11.031225671158557,-11.317835317848981,17.568344643656896,185.46529844665156,4.9296454153933542,-78.790264350516452
1803.216,-3.789402640544938,-17.10296323386998,-3.1147268356629638,-16.013748480553957,-0.67467580488197409,-1.0892147533160212,8.625284308147917,-8.910065241883677,-9.5776134578289369,-11.055210434862264,-11.342538838597132,17.741302930367411,185.29242665423814,5.3089812895339072,-78.410540704002855
1803.226,-4.192173455409583,-16.8936498836579,-1.3772722081891402,-15.996668257513221,-2.8149012472204431,-0.89698162614467947,8.649269071851624,-8.8294759285892717,-11.763995907514587,-10.050552208188909,-10.403472085414347,18.466242999840301,184.57467253348801,5.6233814174209602,-78.100019919174287
1803.236,-4.192173455409583,-16.8936498836579,-2.8196352998345731,-15.815552442745698,-1.3725381555750102,-1.0780974409122024,8.67327999999977,-8.8294759285892717,-10.050552208188909,-11.516952361315822,-11.818468927561488,18.818369713878909,184.22336730519314,5.9988585755111385,-77.724395141372952
1803.246,-4.192173455409583,-16.8936498836579,-3.522906416937019,-16.566482888664183,-0.6692670384725643,-0.32716699499371771,8.697317061481249,-8.7461970713939667,-11.516952361315822,-12.244286642121972,-12.589795212961446,18.989895483568539,184.05189154717607,6.1127998860494355,-77.61040180315527
1803.257,-4.980558826022937,-16.4115199777328,0.78134449343994561,-14.867888323124788,-5.761903319462883,-1.5436316546080135,8.721380225184953,-8.4804809615642576,-12.587209829644758,-7.9641249665598206,-8.3417412614491635,20.555373874577672,182.49737139382214,6.9776113020744672,-76.750602071697685
1803.266,-4.980558826022937,-16.4115199777328,0.78134449343994561,-14.867888323124788,-5.761903319462883,-1.5436316546080135,8.721380225184953,-8.4804809615642576,-12.587209829644758,-7.9641249665598206,-8.3417412614491635,20.555373874577672,182.49737139382214,6.9776113020744672,-76.750602071697685
1803.277,-4.980558826022937,-16.4115199777328,-3.6108189931231607,-15.054875231334435,-1.3697398328997767,-1.3566447463983664,8.769584734814579,-8.3867056794542432,-10.940846659102625,-12.404545011641442,-12.732770411414521,21.626918426180449,181.42736824895093,7.9308315819756707,-75.797314987105025
1803.286,-4.980558826022937,-16.4115199777328,-3.6108189931231607,-15.054875231334435,-1.3697398328997767,-1.3566447463983664,8.793726018518282,-8.3867056794542432,-10.964987942806328,-12.428712273122926,-12.757661911407116,21.626918426180449,181.42736824895093,7.9308315819756707,-75.797314987105025
1803.296,-5.367318646472323,-16.162527082424717,-1.8238790653835224,-16.000227970970258,-3.5434395810888004,-0.16229911145445897,8.793726018518282,-8.1915204428899138,-10.964987942806328,-12.428712273122926,-12.757661911407116,22.535397657309076,180.52003490952174,7.9873977602232502,-75.740831784210414
1803.306,-5.367318646472323,-16.162527082424717,-3.6396520681508093,-14.161422522792904,-1.7276665783215135,-2.0011045596318127,8.842086488147912,-8.1915204428899138,-10.665965553531434,-12.505957680002425,-12.825936646608367,22.978130012609412,180.07743814711858,8.6843194682536691,-75.043884936627705
1803.318,-5.746241142445462,-15.882741788564658,-3.786908338567514,-13.731770144890035,-1.9593328038779481,-2.1509716436746231,8.866305611851615,-7.9863551004729372,-10.593946313566377,-12.677458958567277,-12.995277347974268,24.51015943956466,178.54614108667977,9.5474565811377925,-74.180816594958998
1803.326,-5.746241142445462,-15.882741788564658,-3.786908338567514,-13.731770144890035,-1.9593328038779481,-2.1509716436746231,8.866305611851615,-7.9863551004729372,-10.593946313566377,-12.677458958567277,-12.995277347974268,24.51015943956466,178.54614108667977,9.5474565811377925,-74.180816594958998
1803.336,-6.118681412615524,-15.575444286530645,-2.2077565578260021,-14.622285141932835,-3.9109248547895215,-0.95315914459781048,8.91482148148124,-7.6604444311897879,-12.701729820048755,-13.73005408118679,-14.111105975788252,25.757126003879197,177.29946857378152,10.106802412558066,-73.621586415218388
1803.347,-6.118681412615524,-15.575444286530645,-2.2077565578260021,-14.622285141932835,-3.9109248547895215,-0.95315914459781048,8.939118165184947,-7.6604444311897879,-13.73005408118679,-11.171197197825762,-11.583098820261366,25.757126003879197,177.29946857378152,10.106802412558066,-73.621586415218388
1803.356,-6.118681412615524,-15.575444286530645,-4.2118506600189107,-13.089562355164539,-1.9068307525966128,-2.4858819313661069,8.939118165184947,-7.5470958022277355,-13.73005408118679,-11.171197197825762,-11.583098820261366,26.245708387644417,176.81092028627847,10.972554517755784,-72.755827513814921
1803.366,-6.118681412615524,-15.575444286530645,-5.6653894349915959,-15.00254227332794,-0.4532919776239277,-0.57290201320270562,8.987788874814573,-7.4314482547739411,-14.176765470812132,-14.677552273509871,-15.102855237634236,26.600058902607731,176.4565720728165,11.829559335462053,-71.898814396031113
1803.376,-6.118681412615524,-15.575444286530645,-5.6653894349915959,-15.00254227332794,-0.4532919776239277,-0.57290201320270562,8.987788874814573,-7.4314482547739411,-14.176765470812132,-14.677552273509871,-15.102855237634236,26.600058902607731,176.4565720728165,11.829559335462053,-71.898814396031113
1803.387,-6.838092359509946,-14.87635229415113,-2.9711484719318833,-12.304316960450905,-3.8669438875780626,-2.5720353337002262,9.036562499999755,-7.193398003386525,-14.225539095997314,-14.726377263139499,-15.153143436019418,29.623189772065547,173.43393746422186,12.945156742579449,-70.783278554041175
1803.396,-6.838092359509946,-14.87635229415113,-2.9711484719318833,-12.304316960450905,-3.8669438875780626,-2.5720353337002262,9.060987828147903,-7.193398003386525,-7.9679364460603086,-12.056587263783491,-12.295625357165301,29.623189772065547,173.43393746422186,12.945156742579449,-70.783278554041175
1803.406,-6.838092359509946,-14.87635229415113,-4.9527071458034868,-14.095828461575849,-1.8853852137064591,-0.78052383257528213,9.060987828147903,-6.9465837045899779,-7.9679364460603086,-12.056587263783491,-12.295625357165301,30.106262555399006,172.95087116648133,13.216987655929723,-70.511447017657019
1803.417,-7.18849589404018,-14.509682957572082,-2.2521866216256115,-12.17136260723899,-4.9363092724145687,-2.3383203503330918,9.109915359999755,-6.819983600624985,-14.062622505803242,-11.386604123106846,-11.808482798280943,31.371058371263047,171.68612555053971,14.031367781329447,-69.697105266862962
1803.426,-7.18849589404018,-14.509682957572082,-4.7817266106451086,-12.534082514797412,-2.4067692833950716,-1.9756004427746703,9.134417501481234,-6.6913060635885904,-11.386604123106846,-13.940671795830045,-14.282269919523252,31.987718688028217,171.06947127707113,14.7194048606625,-69.009067567061621
1803.436,-7.525265169178349,-14.076426814903229,-4.6765389150666863,-12.328322439395016,-2.8487262541116625,-1.7481043755082126,9.134417501481234,-6.5605902899050763,-11.386604123106846,-13.940671795830045,-14.282269919523252,34.214652036498762,168.84257289691976,15.834264039429325,-67.894220165582638
1803.446,-7.525265169178349,-14.076426814903229,-4.6765389150666863,-12.328322439395016,-2.8487262541116625,-1.7481043755082126,9.158945185184937,-6.5605902899050763,-10.841442139266636,-13.860037295066439,-14.185280559244438,34.214652036498762,168.84257289691976,15.834264039429325,-67.894220165582638
1803.456,-7.852521065929222,-13.611720784024163,-2.2010177666660695,-11.241582345415793,-5.6515032992631529,-2.3701384386083699,9.208077054814565,-6.2932039104983808,-13.884615969881251,-15.369008565908608,-15.785547045005046,36.018545832993212,167.03869386990658,16.844463144398013,-66.884031460080166
1803.466,-7.852521065929222,-13.611720784024163,-2.2010177666660695,-11.241582345415793,-5.6515032992631529,-2.3701384386083699,9.23268117851827,-6.2932039104983808,-15.369008565908608,-11.458328486665819,-11.919398743643077,36.018545832993212,167.03869386990658,16.844463144398013,-66.884031460080166
1803.477,-7.852521065929222,-13.611720784024163,-6.5090507559535524,-10.642914938385474,-1.34347030997567,-2.9688058456386894,9.257310719999749,-6.0181502315204778,-14.354359635456957,-15.791016404101452,-16.221647193165161,37.068768813143279,165.98847276826149,18.128894115730787,-65.599600116976646
1803.487,-7.852521065929222,-13.611720784024163,-6.5090507559535524,-10.642914938385474,-1.34347030997567,-2.9688058456386894,9.2819656481479,-6.0181502315204778,-14.379014563605107,-15.815696687805154,-16.247067124713308,37.068768813143279,165.98847276826149,18.128894115730787,-65.599600116976646
1803.496,-8.1696898340964,-13.120120140843191,-2.2814915112720087,-12.71079340846444,-5.8881983228243922,-0.4093267323787515,9.2819656481479,-5.7357643635104738,-14.379014563605107,-15.815696687805154,-16.247067124713308,38.577434054586462,164.47981560965903,18.271449727368339,-65.457045487058778
1803.506,-8.1696898340964,-13.120120140843191,-5.298813669481973,-10.172044947067313,-2.8708761646144279,-2.9480751937758782,9.331351539999748,-5.5919290347074604,-11.612843051271756,-14.6548961109632,-15.003281402501353,39.313004099030017,163.74424653486184,19.298167886027088,-64.430327199646158
1803.516,-8.1696898340964,-13.120120140843191,-6.7699526708124438,-10.787127940519646,-1.399737163283957,-2.3329922003235453,9.356082441481227,-5.4463903501502724,-14.6548961109632,-16.150791275997374,-16.590438159326268,39.671641710204803,163.38560900827937,20.110672743285541,-63.617822212291806
1803.527,-8.476225556906765,-12.6006879282436,-2.2929085396394413,-10.956752287714593,-6.1833170172673242,-1.6439356405290066,9.38083860518493,-5.2991926423320601,-16.150791275997374,-11.698528539639188,-12.18305227791911,41.255919855865649,161.80133551016525,20.683202850832075,-63.04529426852551
1803.536,-8.476225556906765,-12.6006879282436,-5.4614600458502167,-10.629833211119028,-3.0147655110565488,-1.9708547171245723,9.38083860518493,-5.1503807491005631,-16.150791275997374,-11.698528539639188,-12.18305227791911,42.028356688942033,161.02889923515639,21.369587077140931,-62.358909995770176
1803.547,-8.476225556906765,-12.6006879282436,-7.0063330868641316,-10.51448271825334,-1.4698924700426339,-2.0862052099902595,9.43042659481456,-4.9999999999999991,-14.891886640664776,-16.461591445382396,-16.908348044602338,42.404969312281253,160.65228666078528,22.096144099788528,-61.63235291012036
1803.556,-8.76266400901931,-12.01260706221421,-1.8787511973218898,-10.463790112290496,-6.8839128116974209,-1.5488169499237134,9.455258358518265,-4.8480962024633794,-16.461591445382396,-11.35886645732163,-11.852714200683103,44.168751623621731,158.88850716156975,22.635546941255953,-61.092951179442267
1803.566,-9.026141800809054,-11.354754763534306,1.1722091794493252,-10.02355714885698,-10.198350980258379,-1.3311976146773254,9.48011525999974,-4.6947156278589102,-11.35886645732163,-8.3327880886985657,-8.6735540824182138,46.781752177273631,156.2755099151918,23.099159787563973,-60.629338856180155
1803.576,-9.026141800809054,-11.354754763534306,-6.6017991811939538,-9.2185997597379838,-2.4243426196150999,-2.1361550037963219,9.504997268147891,-4.5399049973954799,-13.558785813190953,-16.131703533045545,-16.538467107441274,48.676917431775486,154.38034510557884,24.51797744449517,-59.210521162508734
1803.587,-9.275830694735285,-10.667341367566129,-0.96998514783626888,-10.706505890033881,-8.3058455468990164,0.03916452246775215,9.529904351851593,-4.2261826174069945,-13.583692896894656,-16.156635661193697,-16.564146448100537,50.805023322404992,152.25224031380625,24.504337717655442,-59.224160879679552
1803.596,-9.275830694735285,-10.667341367566129,-0.96998514783626888,-10.706505890033881,-8.3058455468990164,0.03916452246775215,9.529904351851593,-4.2261826174069945,-13.583692896894656,-16.156635661193697,-16.564146448100537,50.805023322404992,152.25224031380625,24.504337717655442,-59.224160879679552
1803.606,-9.275830694735285,-10.667341367566129,-7.3013727354759794,-8.1307472373799072,-1.9744579592593059,-2.5365941301862218,9.57979362148122,-3.9073112848927245,-10.54977876931749,-14.830971538086317,-15.147464901165842,52.348503115987185,150.70876066097134,26.476203699423092,-57.252294869380108
1803.616,-9.275830694735285,-10.667341367566129,-7.3013727354759794,-8.1307472373799072,-1.9744579592593059,-2.5365941301862218,9.57979362148122,-3.9073112848927245,-10.54977876931749,-14.830971538086317,-15.147464901165842,52.348503115987185,150.70876066097134,26.476203699423092,-57.252294869380108
1803.626,-9.523022699722254,-9.986802105557635,-1.5077629503938255,-8.2970216379639687,-8.015259749328429,-1.6897804675936658,9.62978281999974,-3.7460659341591174,-16.931155555475719,-11.162577765208379,-11.67051243187265,54.402155533195291,148.65510890323944,27.064699140251424,-56.66379979259294
1803.636,-9.523022699722254,-9.986802105557635,-7.6176425340677554,-9.3418641800387192,-1.9053801656544991,-0.64493792551891538,9.654814814814554,-3.4202014332567048,-11.162577765208379,-15.29493880187529,-15.629816134831541,55.891635578923896,147.16562894222884,28.0294626955986,-55.699036233298749
1803.646,-9.523022699722254,-9.986802105557635,-7.6176425340677554,-9.3418641800387192,-1.9053801656544991,-0.64493792551891538,9.654814814814554,-3.4202014332567048,-11.162577765208379,-15.29493880187529,-15.629816134831541,55.891635578923896,147.16562894222884,28.0294626955986,-55.699036233298749
1803.656,-9.523022699722254,-9.986802105557635,-8.5940270941568286,-6.5324407306644297,-0.92899560556542582,-3.4543613748932049,9.704953439999736,-3.4202014332567048,-17.32259597406749,-18.324087102304713,-18.843764981526739,56.129660773294113,146.9276037468309,29.232503755513914,-54.49599516560135
1803.666,-9.934821680215718,-8.42708009867538,6.5271422503832923,-8.9385280058603165,-16.461963930599012,0.5114479071849356,9.730060008147884,-3.090169943749479,-17.347702542215639,-18.349218466008416,-18.869649542274885,60.347509302641413,142.70975646917813,29.054382586604671,-54.674115161774189
1803.676,-9.934821680215718,-8.42708009867538,-6.0214987861290297,-5.8081195351556154,-3.9133228940866882,-2.6189605635197655,9.755191371851586,-2.9237170472273819,-11.663744908660183,-15.801846286128763,-16.151758633388567,63.406644934927996,139.65062101033863,31.06181934758558,-52.666678619029597
1803.686,-9.934821680215718,-8.42708009867538,-6.0214987861290297,-5.8081195351556154,-3.9133228940866882,-2.6189605635197655,9.780347499999733,-2.9237170472273819,-11.68890103680833,-15.827027147610243,-16.177694178714493,63.406644934927996,139.65062101033863,31.06181934758558,-52.666678619029597
1803.696,-10.108933200784719,-7.595841098142379,0.28556530419858461,-7.6323376991021306,-10.394498504983304,0.036496600959751824,9.780347499999733,-2.5881904510252096,-11.68890103680833,-15.827027147610243,-16.177694178714493,66.069900395521074,136.98736574802425,31.04910858762975,-52.679389009674317
1803.706,-10.108933200784719,-7.595841098142379,-5.0409454098793987,-4.2516505929418535,-5.0679877909053204,-3.3441905052005252,9.830733925184916,-2.5881904510252096,-9.5451686209863311,-14.896909569879128,-15.183264628508718,67.368409002425707,135.6888571638718,32.213781400610237,-51.51471694572961
1803.716,-10.28130360614803,-6.772914487614707,0.59130344351831354,-6.5811038112272406,-10.872607049666344,-0.19181067638746629,9.85596415999973,-2.2495105434386558,-9.5703988558011446,-14.922164444693943,-15.209276410367977,70.154164350996083,132.90310196859647,32.280588010351728,-51.447920615382806
1803.726,-10.28130360614803,-6.772914487614707,-4.9802070937848555,-3.3279075003474148,-5.3010965123631753,-3.4450069872672922,9.881219034814544,-2.0791169081775922,-14.922164444693943,-9.3151950749999344,-9.762860008340752,71.512399554774746,131.54486678250947,33.480374814168385,-50.248137849553864
1803.736,-10.42084646410551,-5.903453645772191,-0.32652345245884362,-4.2289097006123235,-10.094323011646667,-1.6745439451598676,9.906498518518248,-1.9080899537654576,-17.603175998978855,-10.258326032458575,-10.78642131242794,74.760971831888753,128.29629458732751,35.021359808738502,-48.707697947044387
1803.746,-10.42084646410551,-5.903453645772191,-0.32652345245884362,-4.2289097006123235,-10.094323011646667,-1.6745439451598676,9.906498518518248,-1.9080899537654576,-17.603175998978855,-10.258326032458575,-10.78642131242794,74.760971831888753,128.29629458732751,35.021359808738502,-48.707697947044387
1803.756,-10.42084646410551,-5.903453645772191,-5.4992135694603377,-5.3952873589565407,-4.9216328946451728,-0.50816628681565046,9.957131188147878,-1.7364817766693064,-10.283654640606722,-15.481697881311916,-15.790207520530117,76.021981704272591,127.03528472385422,35.198340527447243,-48.530720668133185
1803.766,-10.42084646410551,-5.903453645772191,-9.2508804292842797,-1.8883766987171988,-1.1699660348212308,-4.0150769470549923,9.957131188147878,-1.3917310096006434,-10.283654640606722,-15.481697881311916,-15.790207520530117,76.936571371303842,126.12069505684516,37.248052639797947,-46.481039119283665
1803.776,-10.42084646410551,-5.903453645772191,-9.2508804292842797,-1.8883766987171988,-1.1699660348212308,-4.0150769470549923,10.007861919999726,-1.3917310096006434,-18.029095223076837,-19.284144410765485,-19.825017267457792,76.936571371303842,126.12069505684516,37.248052639797947,-46.481039119283665
1803.786,-10.646545606028171,-4.124847269014711,7.935651082428592,-4.7086117853170926,-18.582196688456762,0.58376451630238169,10.033263981481205,-1.2186934340514748,-19.284144410765485,-2.1230393827563194,-2.7015637150792839,81.697660693196042,121.35960591074783,37.040589721840597,-46.680291442595006
1803.797,-10.646545606028171,-4.124847269014711,-6.2292029402544813,-1.9194071751281019,-4.4173426657736901,-2.205440093886609,10.058690465184911,-0.87155742747656795,-2.1230393827563194,-11.670668720174696,-11.734359901657385,85.150800229372393,117.90646639742737,38.350343474255382,-45.371329616750515
1803.806,-10.71482272899585,-3.2073374595793327,0.68229165629311694,-1.8429229011771326,-11.397114385288967,-1.3644145584022001,10.084141339999725,-0.69756473744124992,-16.313344280254206,-9.427324918521423,-9.9167252469290492,88.070943619091736,114.98632303264114,38.880333028875917,-44.949593127099398
1803.818,-10.71482272899585,-3.2073374595793327,0.68229165629311694,-1.8429229011771326,-11.397114385288967,-1.3644145584022001,10.10961657481454,-0.69756473744124992,-16.338819515069019,-9.4528244822251253,-9.9429890676771961,88.070943619091736,114.98632303264114,38.880333028875917,-44.949593127099398
1803.826,-10.71482272899585,-3.2073374595793327,-5.1579950953306906,-1.0533432399128735,-5.5568276336651596,-2.1539942196664592,10.135116138518242,-0.34899496702502841,-9.4528244822251253,-15.318635095330411,-15.602219829797164,89.494701675473522,113.56256497848811,39.633360772428254,-44.19986250524412
1803.836,-10.71482272899585,-3.2073374595793327,-8.0055112044604613,0.93204723222410646,-2.7093115245353889,-4.1393846918034392,10.135116138518242,-0.17452406437282914,-9.4528244822251253,-15.318635095330411,-15.602219829797164,92.871963857919866,110.18530281513443,41.079674533135538,-42.758285222334095
1803.846,-10.782417080733852,-2.2990027482383075,-0.31051168465938161,-0.9193560460082506,-10.471905396074471,-1.3796467022300569,10.186188128147869,-4.898587196589413e-15,-18.19169933260833,-10.522272176510954,-11.068023156489204,92.871963857919866,110.18530281513443,41.909850579677638,-42.624896241081544
1803.856,-10.782417080733852,-2.2990027482383075,-5.6766884451065565,-0.13502026025346861,-5.1057286356272957,-2.1639824879848391,10.211760491851573,0.17452406437281937,-10.522272176510954,-15.914045505106277,-16.229713670401605,94.18014232892267,108.87712434582785,42.681291473452575,-41.874227507266909
1803.866,-10.782417080733852,-2.2990027482383075,-8.293045384288213,0.10308130175887564,-2.4893716964456392,-2.4020840499971832,10.23735705999972,0.34899496702500088,-15.914045505106277,-18.556023185769412,-19.033444550922599,94.817963625243706,108.2393030493259,43.534639136895194,-41.037928304164183
1803.876,-10.813741557743443,-1.3787589315135171,-0.36624981427723213,-3.9036916208308527,-10.447491743466211,2.5249326893173354,10.2629778014812,0.52335956242943638,-18.556023185769412,-10.654872499462133,-11.211553195035215,97.494796798331407,105.56246988363479,39.307256877241223,-38.235709540568429
1803.886,-10.813741557743443,-1.3787589315135171,-5.7199161508885723,-0.4005019780681307,-5.0938254068548705,-0.97825695344538643,10.2629778014812,0.69756473744124026,-18.556023185769412,-10.654872499462133,-11.211553195035215,98.799925449679137,104.25734123247975,39.697756824892309,-37.905886644585919
1803.896,-10.784935905673922,0.46669374623858295,8.8516847041271784,-47.984080723211321,-19.636620609801099,48.450774469449904,10.314291679999718,0.87155742747657583,-10.68054149427695,-16.059900905703106,-16.380317150531415,104.46751114513805,98.589755516395144,17.711331016869881,-11.658294203700958
1803.906,-10.784935905673922,0.46669374623858295,-1.210818076751524,-14.07322431924336,-9.5741178289223985,14.539918065481944,10.339984754814534,1.0452846326765357,-1.4883000506873554,-11.576519955269758,-11.621168956790378,106.92057038459829,96.136696272746008,9.2410543944618251,-7.9305356299143313
1803.916,-10.784935905673922,0.46669374623858295,-1.210818076751524,-14.07322431924336,-9.5741178289223985,14.539918065481944,10.339984754814534,1.0452846326765357,-1.4883000506873554,-11.576519955269758,-11.621168956790378,106.92057038459829,96.136696272746008,9.2410543944618251,-7.9305356299143313
1803.926,-10.761638926622298,1.3783446386411264,0.60752348646379772,-1.8506682994555952,-11.369162413086096,3.2290129380967216,10.391443019999713,1.3917310096006517,-16.508379577756529,-9.8096846616840647,-10.30493604901676,111.02957640583369,92.027690239112729,7.1916527082975801,-5.2185127994815161
1803.936,-10.761638926622298,1.3783446386411264,-5.2184396805332867,2.1303391297937821,-5.5431992460890118,-0.75199449115265571,10.417208148147862,1.5643446504022951,-9.8096846616840647,-15.66143691238485,-15.955727452235372,112.44984262462484,90.607424017937191,7.4854558244090796,-5.4793193858695162
1803.946,-10.761638926622298,1.3783446386411264,-5.2184396805332867,2.1303391297937821,-5.5431992460890118,-0.75199449115265571,10.417208148147862,1.5643446504022951,-9.8096846616840647,-15.66143691238485,-15.955727452235372,112.44984262462484,90.607424017937191,7.4854558244090796,-5.4793193858695162
1803.956,-10.761638926622298,1.3783446386411264,-8.0589721192236468,3.3330113449566809,-2.7026668073986517,-1.9546667063155545,10.468810239999712,1.9080899537654481,-9.8612867535359143,-15.713086822014478,-16.008925424620557,113.14231392105197,89.914952720743017,8.2518198474953923,-6.1541945070429094
1803.966,-10.761638926622298,1.3783446386411264,-9.4439147122226714,5.4098187879226192,-1.3177242143996271,-4.0314741492814932,10.494647141481192,2.0791169081775824,-18.553619260704838,-19.964422617407568,-20.521031195228712,113.4799382973349,89.577328344137769,9.8324662504047389,-7.546080545064668
1803.977,-10.701726262399513,2.2857299526056667,-1.0453103121801881,3.5671202917255904,-9.6564159502193245,-1.2813903391199237,10.520507905184896,2.2495105434386287,-19.964422617407568,-11.591702812179898,-12.190635490702125,115.95408376959773,87.10318284878025,10.143607164481857,-8.1396131304077759
1803.986,-10.701726262399513,2.2857299526056667,-5.9936012772941289,4.3785350953894095,-4.7081249851053837,-2.0928051427837429,10.54639249999971,2.4192189559966799,-11.591702812179898,-16.56590217210865,-16.913653256474046,117.16038911211263,85.896877502353604,10.886271179178079,-8.8694544760904872
1803.996,-10.492090465791996,4.057183311591218,3.6052831449984168,5.2326762540285152,-14.097373610790413,-1.1754929424372973,10.572300894814521,2.5881904510252003,-10.048598823072016,-6.9929499135198103,-7.2944078782119703,123.62390611608859,79.433360341729212,11.709491061197083,-9.7643478291026806
1804.006,-10.492090465791996,4.057183311591218,3.6052831449984168,5.2326762540285152,-14.097373610790413,-1.1754929424372973,10.572300894814521,2.5881904510252003,-10.048598823072016,-6.9929499135198103,-7.2944078782119703,123.62390611608859,79.433360341729212,11.709491061197083,-9.7643478291026806
1804.016,-10.492090465791996,4.057183311591218,-3.6187124679807496,4.4139070610841777,-6.8733779978112466,-0.35672374949295982,10.624188959999708,2.9237170472273726,-10.100486888257203,-7.0448854231494398,-7.347900029797156,128.44310996247378,74.614156376951726,11.833792026861637,-9.8885908812532346
1804.026,-10.379738542653657,4.926860649839467,1.5558976245084892,7.5158268483824244,-11.935636167162146,-2.5889661985429573,10.650168568147857,2.9237170472273726,-14.268881036128606,-9.120274227343069,-9.5483406584269268,128.44310996247378,74.614156376951726,12.733077476443693,-10.79270400106566
1804.036,-10.379738542653657,4.926860649839467,-7.5424101153169971,6.8298113536167797,-2.8373284273366597,-1.9029507037773126,10.676171851851558,3.2556815445715688,-9.120274227343069,-15.262545619376638,-15.53615384619693,130.66111559130883,72.396150729562322,13.669527734178168,-11.729063326738419
1804.046,-10.379738542653657,4.926860649839467,-7.5424101153169971,6.8298113536167797,-2.8373284273366597,-1.9029507037773126,10.702198779999705,3.2556815445715688,-15.262545619376638,-18.270659436798184,-18.728535805379483,130.66111559130883,72.396150729562322,13.669527734178168,-11.729063326738419
1804.057,-10.232209507474053,5.775952976270508,-0.50543476051535663,7.1584500311468773,-9.7267747469586965,-1.3824970548763691,10.728249321481185,3.5836794954530009,-18.270659436798184,-11.259758205700242,-11.807877988804188,133.1532881823594,69.903978001085704,14.150725009653323,-12.210832219931714
1804.066,-10.232209507474053,5.775952976270508,-5.4897800735856492,9.4754726394626587,-4.7424294338884039,-3.6995196631921505,10.754323445184886,3.7460659341591245,-11.259758205700242,-16.270201193585351,-16.607993939756359,134.36838292705653,68.688883236130295,15.43916748934825,-13.499257614878525
1804.076,-10.068257307720632,6.606811243487191,-4.969859132247862,8.8005444134726929,-5.0983981754727701,-2.1937331699855021,10.780421119999703,3.9073112848927321,-10.391807892828469,-15.776401447062378,-16.088155683847233,138.35391925391664,64.703346640070706,16.870190665644511,-14.930443302815949
1804.086,-10.068257307720632,6.606811243487191,-4.969859132247862,8.8005444134726929,-5.0983981754727701,-2.1937331699855021,10.780421119999703,3.9073112848927321,-10.391807892828469,-15.776401447062378,-16.088155683847233,138.35391925391664,64.703346640070706,16.870190665644511,-14.930443302815949
1804.096,-10.068257307720632,6.606811243487191,-7.5824596814154006,7.2725334539472044,-2.4857976263052315,-0.66572221046001356,10.832686998518218,4.2261826174070016,-10.444073771346984,-15.828714272247561,-16.142036485387969,138.9908248074351,64.06644108041445,17.102040773583838,-15.162292566497648
1804.107,-9.888193075821553,7.425268836316843,-0.67169464731171047,9.9975036939515434,-9.2164984285098424,-2.5722348576347001,10.858855139999699,4.3837114678907714,-18.441314821415098,-11.556741355459556,-12.109980800102008,141.35225544270898,61.705010126793205,17.997841582566753,-16.058142889119761
1804.116,-9.888193075821553,7.425268836316843,-5.3945562240329252,9.781141708244192,-4.4936368517886276,-2.3558728719273487,10.858855139999699,4.5399049973954551,-18.441314821415098,-11.556741355459556,-12.109980800102008,142.50360509164332,60.553660431924044,18.818315496066624,-16.878616451326952
1804.128,-9.888193075821553,7.425268836316843,-7.6972555619008745,9.7021301147054544,-2.1909375139206784,-2.2768612783886111,10.91126167185155,4.5399049973954551,-16.305817895884474,-18.634755561900569,-19.123930098777102,143.0649622401582,59.992303275289594,19.611272350147825,-17.671572747241044
1804.137,-9.463923585982945,8.990195894208037,6.2819061374322445,10.716847900525948,-15.74582972341519,-1.7266520063179112,10.937499999999696,4.9999999999999902,-18.634755561900569,-19.783731525637414,-20.342774192494431,147.3730204048091,55.684242693477849,20.453239022953927,-18.513548732575309
1804.146,-9.463923585982945,8.990195894208037,6.2819061374322445,10.716847900525948,-15.74582972341519,-1.7266520063179112,10.937499999999696,4.9999999999999902,-18.634755561900569,-19.783731525637414,-20.342774192494431,147.3730204048091,55.684242693477849,20.453239022953927,-18.513548732575309
1804.156,-9.463923585982945,8.990195894208037,-1.7868169942915983,11.03321306589784,-7.6771065916913468,-2.0430171716898027,10.99004662518488,5.150380749100524,-4.7081404877526349,-12.803171854291291,-12.94441606892387,149.34003147325032,53.717231292183435,21.164755059195034,-19.225064810895038
1804.166,-9.463923585982945,8.990195894208037,-5.7208394403365617,11.113988473013741,-3.7430841456463835,-2.1237925788057037,10.99004662518488,5.2991926423320521,-4.7081404877526349,-12.803171854291291,-12.94441606892387,150.29907617067911,52.758186542814173,21.904402555638278,-19.964712293557024
1804.176,-9.237791933331547,9.747495768990719,-0.06592909256529822,11.122812125181397,-9.1718628407662486,-1.3753163561906785,11.042686334814507,5.2991926423320521,-16.763525775151066,-11.13497011108351,-11.637875884338042,152.64906980081963,50.408191429456927,22.383380057523411,-20.443690188648016
1804.187,-9.237791933331547,9.747495768990719,-4.7659177915740401,10.164856740544792,-4.4718741417575067,-0.41736097155407315,11.069041018518211,5.4463903501502644,-11.13497011108351,-15.861336671573731,-16.195385774906235,153.79484337911114,49.262417641515185,22.528733230329099,-20.589043363794627
1804.197,-9.237791933331547,9.747495768990719,-7.0574651361160505,11.346127474519236,-2.1803267972154963,-1.5986317055285166,11.095418879999691,5.7357643635104516,-15.861336671573731,-18.179285024263891,-18.655125124411104,154.35348186203035,48.703779123464678,23.085484356683878,-21.145794496897615
1804.206,-8.980405593212767,10.471344887148327,-0.93624897757364067,13.126365546769271,-8.0441566156391264,-2.6550206596209449,11.095418879999691,5.8778525229247265,-15.861336671573731,-18.179285024263891,-18.655125124411104,156.41453663107569,46.642721915108787,24.010140952078981,-22.070451601573968
1804.216,-8.980405593212767,10.471344887148327,-5.0583608896861136,12.697933471616196,-3.9220447035266535,-2.2265885844678692,11.148244011851544,6.018150231520484,-12.084492989425184,-16.233052109685804,-16.595586899368559,157.41943406661082,45.637824137593036,24.78558891169083,-22.845899586503577
1804.226,-8.709240725762143,11.175602849170845,-0.025572860259117647,12.550015176432325,-8.6836678655030255,-1.3744123272614797,11.17469121999969,6.1566147532565747,-16.233052109685804,-11.226734341740286,-11.713725905030861,159.6443417652084,43.412911520443934,25.264251582401325,-23.32456263915946
1804.236,-8.709240725762143,11.175602849170845,-4.4753930547809517,12.977334696694911,-4.2338476709811914,-1.8017318475240653,11.201161481481169,6.2932039104983728,-11.226734341740286,-15.703047819965827,-16.039849850218037,160.72912850158266,42.328124098229928,25.891735838837786,-23.952046931848937
1804.246,-8.709240725762143,11.175602849170845,-6.644967154264279,13.088257754422031,-2.0642735714978642,-1.9126549052511859,11.227654765184875,6.427876096865397,-15.703047819965827,-17.899138194263966,-18.370229628862941,161.25803205182052,41.799220437296391,26.557850968505505,-24.618162097560745
1804.256,-8.424782988252984,11.856417984386544,-0.89461625115586685,13.102750460997242,-7.530166737097117,-1.2463324766106982,11.227654765184875,6.5605902899050683,-15.703047819965827,-17.899138194263966,-18.370229628862941,163.18739084200413,39.869853880687664,26.99190748545141,-25.052219275865937
1804.267,-8.424782988252984,11.856417984386544,-4.7533414122663658,13.561778737960204,-3.6714415759866181,-1.7053607535736592,11.280710274814503,6.6913060635885691,-12.17532652597037,-16.06061385078457,-16.42587364656368,164.12807894725412,38.929164694538372,27.585828841473713,-25.646140693184925
1804.276,-8.424782988252984,11.856417984386544,-6.6347186131336287,13.68109375867278,-1.7900643751193552,-1.8246757742862361,11.280710274814503,6.8199836006249903,-12.17532652597037,-16.06061385078457,-16.42587364656368,164.58672519822082,38.470518270047414,28.221303717803892,-26.28161563063162
1804.286,-7.803214667201641,13.105516148127325,-1.5905588149521748,14.55098965649411,-6.2126558522494664,-1.4454735083667849,11.333857499999683,7.0710678118654657,-17.968576113133309,-6.4214559666737454,-6.9605132500677449,169.44326023688933,33.613897825950595,28.930682664110286,-26.990996642012256
1804.296,-7.803214667201641,13.105516148127325,-4.7741444010849818,14.7890084644254,-3.0290702661166593,-1.6834923162980751,11.360465428147831,7.1933980033864939,-6.4214559666737454,-12.97765500680371,-13.170298685803923,170.21936121680784,32.837795322344945,29.516987960170447,-27.577302133793101
1804.307,-7.482317210614673,13.695587330005953,-0.42558470453542441,14.839708648677195,-7.056732506079249,-1.1441213186712424,11.387096191851535,7.3135370161917042,-12.97765500680371,-16.187894161084664,-16.577223811288775,172.027394442976,31.029707237463853,29.915445595643561,-27.975764797432486
1804.316,-7.482317210614673,13.695587330005953,-4.0417048696018583,15.244178730171583,-3.4406123410128151,-1.5485914001656305,11.41374975999968,7.4314482547739349,-16.187894161084664,-11.866010806016588,-12.351647630849127,172.90893688020714,30.148157224316954,30.45476929933605,-28.515088874962768
1804.326,-7.482317210614673,13.695587330005953,-4.0417048696018583,15.244178730171583,-3.4406123410128151,-1.5485914001656305,11.41374975999968,7.4314482547739349,-16.187894161084664,-11.866010806016588,-12.351647630849127,172.90893688020714,30.148157224316954,30.45476929933605,-28.515088874962768
1804.336,-7.136553816017826,14.245043323776384,-0.31012758388527573,15.344662917142344,-6.8264262321325502,-1.0996195933659596,11.467125185184868,7.5470958022277168,-15.508830054786726,-11.803974563884957,-12.269239465528559,174.65793159933591,28.399047205699663,30.837725756240939,-28.898055956959656
1804.347,-7.136553816017826,14.245043323776384,-5.513781088313749,15.830745312955543,-1.6227727277040769,-1.5857019891791584,11.493846979999681,7.7714596145697037,-11.803974563884957,-15.328821562911102,-15.682940799827652,175.92648185622929,27.130478639381259,31.908952001089148,-29.969283625946726
1804.356,-7.136553816017826,14.245043323776384,-5.513781088313749,15.830745312955543,-1.6227727277040769,-1.5857019891791584,11.493846979999681,7.7714596145697037,-11.803974563884957,-15.328821562911102,-15.682940799827652,175.92648185622929,27.130478639381259,31.908952001089148,-29.969283625946726
1804.366,-7.136553816017826,14.245043323776384,-6.3453473258261397,15.836400902783652,-0.79120649019168621,-1.5913575790072674,11.547358578518198,7.8801075360672188,-15.355588686614807,-17.087929408313428,-17.548597068911871,176.12920284846612,26.927757138427022,32.463169779971928,-30.523502106251936
1804.376,-6.7809913924775564,14.753525897332548,-4.286971620964465,16.137966610867423,-2.4940197715130914,-1.3844407135348753,11.574148319999678,7.9863551004729221,-13.239881150091589,-15.887932269112289,-16.285128703615037,178.07873484964523,24.978021595908228,33.314812074512552,-31.375168978548935
1804.386,-6.7809913924775564,14.753525897332548,-4.286971620964465,16.137966610867423,-2.4940197715130914,-1.3844407135348753,11.574148319999678,7.9863551004729221,-13.239881150091589,-15.887932269112289,-16.285128703615037,178.07873484964523,24.978021595908228,33.314812074512552,-31.375168978548935
1804.396,-6.7809913924775564,14.753525897332548,-5.5649953496060505,15.173655808046178,-1.215996042871506,-0.42012991071363004,11.627795531851527,8.1915204428899191,-13.293528361943439,-15.941624560964142,-16.340430411822446,178.3902929913105,24.666459654616482,33.461129575590306,-31.521486856921651
1804.409,-6.416206593406996,15.233450845243198,-3.9648096122260483,16.737687370861067,-2.451396981180948,-1.5042365256178698,11.654652939999677,8.2903757255504118,-13.043024251543939,-15.646342453707202,-16.037633181253522,180.306391200288,22.749927755871067,34.576781875742135,-32.637225548406121
1804.416,-6.416206593406996,15.233450845243198,-5.2209911768995028,15.689934659106271,-1.1952154165074935,-0.45648381386307335,11.681532841481154,8.4804809615642611,-13.069904153025416,-15.673244817410906,-16.06534194200167,180.61262310183864,22.443687825225485,34.735760249455979,-32.796204772459369
1804.427,-6.020016060994195,15.623511885729842,-1.9316840814468321,17.273254688968649,-4.0883319795473625,-1.6497428032388068,11.708435205184857,8.5716730070211202,-15.673244817410906,-16.956351176899176,-17.426548521421502,181.65976088079842,21.395812525287365,35.310215404030899,-33.370859224619331
1804.437,-5.627787433905521,16.00967231581162,-0.16252572545769794,17.036568903990585,-5.465261708447823,-1.026896588178964,11.735359999999671,8.6602540378443784,-16.956351176899176,-13.693991276261318,-14.202681811568294,183.05886566339476,19.994304249910467,35.667716617517151,-33.72863614014539
1804.446,-5.627787433905521,16.00967231581162,-0.16252572545769794,17.036568903990585,-5.465261708447823,-1.026896588178964,11.735359999999671,8.6602540378443784,-16.956351176899176,-13.693991276261318,-14.202681811568294,183.05886566339476,19.994304249910467,35.667716617517151,-33.72863614014539
1804.457,-5.2189805996692655,16.334814284001713,-1.0711414484536306,17.233664725896787,-4.147839151215635,-0.89885044189507468,11.789276758518188,8.7461970713939614,-14.75237934761731,-12.887410108453299,-13.329981488881819,184.80223079895396,18.246647780131951,36.397503416437466,-34.45901554497496
1804.466,-5.2189805996692655,16.334814284001713,-3.1966114985625325,16.607584502356531,-2.0223691011067331,-0.27277021835481818,11.816268659999668,8.9100652418836717,-14.779371249098791,-12.914424316601448,-13.357805454074411,185.32013632806979,17.728202078864904,36.492499909881253,-34.554018449456294
1804.476,-5.2189805996692655,16.334814284001713,-3.1966114985625325,16.607584502356531,-2.0223691011067331,-0.27277021835481818,11.843282868147817,8.9100652418836717,-12.914424316601448,-15.066930850414051,-15.454363579912094,185.32013632806979,17.728202078864904,36.492499909881253,-34.554018449456294
1804.486,-5.2189805996692655,16.334814284001713,-4.232932381728574,18.05627237574754,-0.98604821794069153,-1.7214580917458271,11.843282868147817,8.9879404629916664,-12.914424316601448,-15.066930850414051,-15.454363579912094,185.57274298091136,17.475514015703556,37.092027257191042,-35.153580955137542
1804.496,-4.80482047011799,16.63089171220299,-3.3218897551741122,16.936749085199793,-1.482930714943878,-0.3058573729968046,11.897378079999665,9.1354545764260049,-16.130310461728239,-13.687876501634699,-14.171785815486546,186.72820590012813,16.312464990792957,37.548790711813083,-35.611942051109914
1804.506,-4.80482047011799,16.63089171220299,-3.3218897551741122,16.936749085199793,-1.482930714943878,-0.3058573729968046,11.897378079999665,9.1354545764260049,-16.130310461728239,-13.687876501634699,-14.171785815486546,186.72820590012813,16.312464990792957,37.548790711813083,-35.611942051109914
1804.516,-4.80482047011799,16.63089171220299,-4.4522784196030898,17.106713610854968,-0.3525420505149004,-0.47582189865197932,11.95156214518485,9.2718385456678689,-15.273451900358962,-16.060461840302569,-16.518665397313338,187.00371945012597,16.036787618482709,38.260572025106356,-36.323818920425538
1804.526,-4.385870414425315,16.895251375091885,-1.9564359370158684,18.145857537144792,-2.4294344774094467,-1.2506061620529074,11.95156214518485,9.2718385456678689,-15.273451900358962,-16.060461840302569,-16.518665397313338,187.61990099655566,15.40794316610579,38.693747368156544,-36.761866978283884
1804.536,-4.385870414425315,16.895251375091885,-3.2012708833285615,17.274768446051411,-1.1845995310967536,-0.37951707095952614,12.00583481481448,9.3358042649720208,-16.458113234417567,-13.989440235534051,-14.483183632566577,187.92258146211478,15.103539052691493,38.825916979098565,-36.894084703131483
1804.546,-4.385870414425315,16.895251375091885,-3.8082616135683338,17.650079283650641,-0.5776088008569813,-0.75482790855875592,12.033004298518183,9.4551857559931634,-13.989440235534051,-15.261466723328224,-15.681149930394247,188.07045891130429,14.955402768389714,39.088798395601167,-37.157047723739723
1804.557,-3.528410722410627,17.32484271390067,0.45714201933373033,18.373304413272919,-3.9855527417443573,-1.0484616993722504,12.060195839999663,9.51056516295154,-15.261466723328224,-15.895671021716144,-16.353515023415991,189.00735473076074,13.849221510446784,39.437196504606383,-37.539533107101988
1804.567,-3.528410722410627,17.32484271390067,-1.5843221534133534,18.196814772150276,-1.9440885689972736,-0.87197205824960733,12.08740940814781,9.51056516295154,-11.63026738881408,-13.698967125264865,-14.047875146929288,189.49431214814382,13.339487610139109,39.740803763036027,-37.843802047236501
1804.576,-3.528410722410627,17.32484271390067,-2.580175153899944,17.589461245957395,-0.94823556851068291,-0.26461853205672625,12.114644971851511,9.6126169593831854,-13.698967125264865,-14.722077653899603,-15.133046667657549,189.73574320163434,13.094770375747132,39.832960717618008,-37.936118135242936
1804.589,-3.0984453943024612,17.51365115696492,-0.73352147273988066,18.518941184084866,-2.3649239215625806,-1.0052900271199476,12.14190249999966,9.6126169593831854,-14.722077653899603,-12.902703434221019,-13.344365763838008,190.25596929196348,12.402159726691885,40.155085248302399,-38.315507966802386
1804.596,-3.0984453943024612,17.51365115696492,-0.73352147273988066,18.518941184084866,-2.3649239215625806,-1.0052900271199476,12.169181961481138,9.6126169593831854,-14.749357115381082,-12.930004797924724,-13.372485511386156,190.25596929196348,12.402159726691885,40.155085248302399,-38.315507966802386
1804.606,-3.0984453943024612,17.51365115696492,-1.9442444143617479,17.818735687591641,-1.1542009799407134,-0.30508453062672203,12.196483325184843,9.7029572627599663,-12.930004797924724,-14.168050974361403,-14.555951118299145,190.54027867866898,12.094372146035097,40.261290997823536,-38.422231415483438
1804.617,-2.65906270373792,17.682552498232987,0.23853798333811937,18.738841181139804,-2.8976006870760393,-1.0562886829068177,12.223806559999655,9.7437006478523518,-14.168050974361403,-12.01261365147635,-12.437655180707193,191.01792903960657,11.085661942432093,40.554895998750268,-38.867198893597354
1804.626,-2.65906270373792,17.682552498232987,-1.9672201224088042,18.281257808240866,-0.6918425813291158,-0.59870531000787963,12.223806559999655,9.7814760073380533,-14.168050974361403,-12.01261365147635,-12.437655180707193,191.51761466982816,10.502622216472076,41.016647788582418,-39.334013545070924
1804.636,-2.65906270373792,17.682552498232987,-1.9672201224088042,18.281257808240866,-0.6918425813291158,-0.59870531000787963,12.278518518518172,9.7814760073380533,-13.521681121303676,-14.27312730240846,-14.67877773604757,191.51761466982816,10.502622216472076,41.016647788582418,-39.334013545070924
1804.646,-2.65906270373792,17.682552498232987,-2.3210130034714211,17.864259001418162,-0.33804970026649883,-0.18170650318517545,12.305907179999656,9.8480775301220795,-14.27312730240846,-14.654330591619225,-15.082524410691478,191.72777153040772,8.7008690779078144,41.079924120457051,-39.397913288880702
1804.657,-2.2178196681270816,17.80804516823164,1.3786318688773349,18.96492861215647,-3.5964515370044166,-1.1568834439248299,12.333317588147803,9.876883405951375,-14.654330591619225,-10.982117842974167,-11.421747760722745,191.72777153040772,8.7008690779078144,41.272337728603731,-40.015735002218804
1804.666,-2.2178196681270816,17.80804516823164,-0.4566582260171117,18.44725790211443,-1.7611614421099699,-0.63921273388278976,12.360749711851502,9.9026806874157032,-10.982117842974167,-12.844861746016765,-13.17432528130599,192.07122007115788,8.1382178513530281,41.494277313047952,-40.244174511263537
1804.676,-1.7750559914650579,17.91149971310089,5.4736575862021368,19.523467295882213,-7.2487135776671945,-1.6119675827813218,12.388203519999653,9.9452189536827333,-12.844861746016765,-13.770394255246934,-14.155740107627437,190.16629110108804,2.2075441262430173,41.463444786193989,-41.705581087207435
1804.686,-1.7750559914650579,17.91149971310089,5.4736575862021368,19.523467295882213,-7.2487135776671945,-1.6119675827813218,12.415678981481129,9.9452189536827333,-13.770394255246934,-6.9695184789827014,-7.3826303066401096,190.16629110108804,2.2075441262430173,41.463444786193989,-41.705581087207435
1804.696,-1.7750559914650579,17.91149971310089,1.7749587694893592,18.598443809765101,-3.5500147609544168,-0.68694409666420952,12.443176065184838,9.961946980917455,-6.9695184789827014,-10.69573597051029,-10.904821524879772,190.52881124116632,0.7512066334002494,41.700554118428933,-41.960056819850109
1804.706,-1.7750559914650579,17.91149971310089,-0.023656076386401992,18.287378981551839,-1.7513999150786559,-0.37587926845094799,12.443176065184838,9.9756405025982406,-6.9695184789827014,-10.69573597051029,-10.904821524879772,190.89846222912752,0.21335247084676723,41.831203064936261,-42.098442108799212
1804.716,-1.325898217598886,17.98637226119757,14.330773231822377,21.338303088443624,-15.656671449421264,-3.3519308272460542,12.498234974814466,9.9756405025982406,-12.521891051200868,1.8049764933042116,1.4293197617681856,175.38856298013604,-21.433858137849001,39.189631861514272,-46.726653819009819
1804.729,-0.871665101695667,18.02321157866451,35.637052009262732,25.510041673915893,-36.508717110958401,-7.4868300952513813,12.525796738518165,9.993908270190957,1.8049764933042116,23.083672009263083,23.137821304062211,114.04301242209357,-85.787604017852942,27.330900071311063,-60.274808681309445
1804.738,-0.42197431695148035,18.059682502956786,40.242536751739777,27.347017286680824,-40.664511068691255,-9.2873347837240381,12.553379999999647,10.0,23.083672009263083,1.7803410790826053,2.472851239360498,53.190475752531327,-143.90369366188884,14.071767000022428,-73.512724462286599
1804.747,-0.42197431695148035,18.059682502956786,15.49181286824421,20.878376391833655,-15.913787185195691,-2.8186938888768687,12.553379999999647,10.0,23.083672009263083,1.7803410790826053,2.472851239360498,47.496624089974617,-153.63445792477634,14.702788267713663,-75.217552526748349
1804.756,-0.42197431695148035,18.059682502956786,8.0305745097317072,18.922028056365448,-8.4525488266831879,-0.86234555340866237,12.608610891851496,9.9984769515639123,2.8832019763927139,-4.6056839502679345,-4.5191878909761529,47.261218852246131,-157.55335106745696,14.908539397567651,-75.734062725253892
1804.767,0.03168230591345572,18.072209033237506,24.665582863793588,24.722885720759422,-24.633900557880132,-6.6506766875219157,12.636258459999642,9.993908270190957,-4.6056839502679345,12.001655462312463,11.863484943804425,22.944248938094031,-171.46898646433539,7.2159044138741653,-80.132519335870654
1804.776,0.03168230591345572,18.072209033237506,24.665582863793588,24.722885720759422,-24.633900557880132,-6.6506766875219157,12.636258459999642,9.993908270190957,-4.6056839502679345,12.001655462312463,11.863484943804425,22.944248938094031,-171.46898646433539,7.2159044138741653,-80.132519335870654
1804.786,0.03168230591345572,18.072209033237506,9.9797874574189791,20.035103395143423,-9.9481051515055228,-1.9628943619059172,12.691617685184827,9.9756405025982424,-4.6610431754531199,11.946253583793951,11.806422288530356,19.424496473896902,-175.88007026902324,7.1510428880597132,-81.491033125953663
1804.797,0.48459676440538835,18.073113106821985,10.903616652965695,21.188005830651733,-10.419019888560307,-3.1148927238297475,12.719329279999638,9.961946980917455,-7.2621022051818009,-1.843445501848759,-2.0613085680042129,10.975080613219824,-180.55918191845774,4.1649202399361025,-82.61365081088168
1804.807,0.48459676440538835,18.073113106821985,10.903616652965695,21.188005830651733,-10.419019888560307,-3.1148927238297475,12.747062154814454,9.961946980917455,-7.2898350799966174,-1.8711996255524621,-2.0898946779523606,10.975080613219824,-180.55918191845774,4.1649202399361025,-82.61365081088168
1804.817,0.48459676440538835,18.073113106821985,2.9525316667124173,17.954850178748742,-2.4679349023070287,0.11826292807324279,12.774816278518157,9.9026806874157032,-1.8711996255524621,-7.6927622575517969,-7.7488982463183707,8.7784506723216946,-182.85353198068319,3.9815310302737417,-83.009018455063597
1804.827,0.936484062275774,18.062840607881302,4.2147690517217598,18.938650259813741,-3.2782849894459858,-0.87580965193243898,12.802591619999637,9.9026806874157032,-9.8500599532872197,-8.6156190964260269,-8.9111208950246432,6.9733165806476105,-183.2444427911586,3.3108456536413495,-83.126939136821846
1804.836,0.936484062275774,18.062840607881302,4.2147690517217598,18.938650259813741,-3.2782849894459858,-0.87580965193243898,12.802591619999637,9.9026806874157032,-9.8500599532872197,-8.6156190964260269,-8.9111208950246432,6.9733165806476105,-183.2444427911586,3.3108456536413495,-83.126939136821846
1804.847,1.3899216062841855,18.02275648017555,2.2305091919448898,18.00808922480654,-0.84058758566070435,0.014667255369008814,12.858205831851485,9.8162718344766429,-8.6434367801297256,-9.7444127056549075,-10.0037158090588,5.9189731530036971,-183.64581002036013,2.8890525378732002,-83.302012064296804
1804.856,1.3899216062841855,18.02275648017555,1.8091174688047147,17.412183546552527,-0.41919586252052921,0.6105729336230219,12.886044639999637,9.8162718344766429,-10.655535448054748,-11.1047870726764,-11.424453136118043,5.8083006193054318,-183.7575738634377,3.0999392392365688,-83.063230944672171
1804.866,1.3899216062841855,18.02275648017555,1.8091174688047147,17.412183546552527,-0.41919586252052921,0.6105729336230219,12.913904541481115,9.8162718344766429,-11.1047870726764,-11.346779368772339,-11.679922980952631,5.8083006193054318,-183.7575738634377,3.0999392392365688,-83.063230944672171
1804.876,1.8388247748525128,17.983073193746854,1.5950061364124792,18.046544483328773,0.2438186384400336,-0.063471289581919166,12.913904541481115,9.7437006478523536,-11.1047870726764,-11.346779368772339,-11.679922980952631,5.8882019193757804,-183.70904088179867,3.070960561365327,-83.079882969140513
1804.886,1.8388247748525128,17.983073193746854,1.7800374112239865,17.361136152503718,0.058787363628526323,0.62193704124313598,12.969687499999631,9.7029572627599681,-11.160570031194917,-11.402604358401966,-11.737421459337813,5.9360312295292452,-183.66416356069399,3.5332869498072301,-82.594376653159955
1804.896,1.8388247748525128,17.983073193746854,1.7800374112239865,17.361136152503718,0.058787363628526323,0.62193704124313598,12.997610494814445,9.7029572627599681,-11.278110632322672,-11.245517047294163,-11.583860366263844,5.9360312295292452,-183.66416356069399,3.5332869498072301,-82.594376653159955
1804.906,2.2879413159108046,17.899761361705302,1.1484782006437797,17.896458602701315,1.1394631152670249,0.0033027590039864663,13.02555445851815,9.6126169593831889,-11.245517047294163,-11.905041159355854,-12.242406670774679,6.270142863191885,-183.40875302143854,3.5346313638191109,-82.59339337889665
1804.916,2.2879413159108046,17.899761361705302,1.7311896717771162,16.995355851988464,0.55675164413368838,0.9044055097168382,13.053519359999633,9.6126169593831889,-11.905041159355854,-11.35031549637066,-11.707466731151335,6.4178396918058738,-183.26932393484984,3.8497765585461532,-82.272228682135875
1804.926,2.2879413159108046,17.899761361705302,2.0153048595674932,17.62524166324701,0.27263645634331146,0.27451969845829183,13.081505168147777,9.5105651629515435,-11.35031549637066,-11.094206992283988,-11.434716457175108,6.4881311154389065,-183.19907543991511,3.9453532339281034,-82.174664007201713
1804.936,2.7343259192882554,17.802888670123153,1.2634523821635071,16.843206156502532,1.4708735371247483,0.95968251362062063,13.109511851851481,9.4551857559931669,-11.094206992283988,-11.874086997836121,-12.206913207604641,6.8922100480972803,-182.84676213870725,4.3083251703973113,-81.866161348252916
1804.946,2.7343259192882554,17.802888670123153,2.3836836658143454,16.963825159668218,0.35064225347390998,0.83906351045493466,13.137539379999629,9.3969262078590869,-11.12108838510108,-10.781904055666763,-11.115536707219794,7.1696004266694251,-182.5752271023068,4.8949288094357009,-81.274843641138233
1804.956,2.7343259192882554,17.802888670123153,2.3836836658143454,16.963825159668218,0.35064225347390998,0.83906351045493466,13.165587721481108,9.3969262078590869,-11.14913672658256,-10.809973179370466,-11.144447281167944,7.1696004266694251,-182.5752271023068,4.8949288094357009,-81.274843641138233
1804.966,3.1775748957979206,17.679919506402175,2.2952312929062089,16.396402329711336,0.88234360289171176,1.2835171766908395,13.165587721481108,9.2718385456678725,-11.14913672658256,-10.809973179370466,-11.144447281167944,7.8773853982115565,-181.90219588870391,5.3810630909751671,-80.790377732486576
1804.977,3.1775748957979206,17.679919506402175,2.7470538233688444,17.290401106437514,0.43052107242907622,0.3895183999646612,13.221746719999627,9.2050485345244066,-11.853053407304285,-10.954626021908229,-11.310217624127358,7.9878934276074665,-181.79186767117082,5.5167166062333575,-80.654252209509707
1804.986,3.1775748957979206,17.679919506402175,2.9675066604239362,16.893809380585225,0.21006823537398445,0.7861101258169505,13.249857314814438,9.1354545764260084,-10.502803491445594,-10.310481938094204,-10.625566042837573,8.0417138264519981,-181.73793385094251,5.7904867055588838,-80.379528955052749
1804.996,4.052565312323769,17.2837180707975,-0.86389481668356893,16.762007281279466,4.916460129007338,0.52171078951803551,13.27798859851814,8.9879404629916717,-10.530934775149296,-10.338633879575685,-10.654561922830164,9.3318109833371761,-180.50777174991364,5.9776636833752299,-80.203204295533212
1805.006,4.052565312323769,17.2837180707975,-0.86389481668356893,16.762007281279466,4.916460129007338,0.52171078951803551,13.27798859851814,8.9879404629916717,-10.530934775149296,-10.338633879575685,-10.654561922830164,9.3318109833371761,-180.50777174991364,5.9776636833752299,-80.203204295533212
1805.017,4.052565312323769,17.2837180707975,1.6555854944664645,15.650254768829399,2.3969798178573045,1.6334633019681029,13.334313108147771,8.9879404629916717,-14.19820792483134,-11.706920777385008,-12.132867015129948,9.9498559453452025,-179.89728741337152,6.5466287492309352,-79.634065555320788
1805.027,4.4830975966487525,17.061971333787337,1.2687174053872923,15.55098473609047,3.2143801912614602,1.5109865976968671,13.362506271851473,8.8294759285892734,-10.478764647724191,-12.122002594612331,-12.436365534044057,11.076452703167524,-178.77751429819216,7.2476933199645535,-78.937164639895855
1805.036,4.4830975966487525,17.061971333787337,2.915824219749851,16.603437823066201,1.5672733768989016,0.45853351072113568,13.390719999999623,8.6602540378443837,-10.506978375872341,-12.150236856093809,-12.465446207369979,11.478398600787163,-178.37627314377414,7.4073886424094804,-78.777435157020562
1805.047,4.906085544749549,16.778934242419094,0.89021035875208554,15.231682343180196,4.0158751859974631,1.5472518992388977,13.418954261481101,8.5716730070211256,-12.150236856093809,-10.531384805434952,-10.895891911117767,12.509122806327944,-177.34903752558768,7.9472658893469328,-78.239539400452088
1805.057,4.906085544749549,16.778934242419094,2.9480572609059266,15.423585891896337,1.958028283843622,1.3553483505227568,13.418954261481101,8.5716730070211256,-12.150236856093809,-10.531384805434952,-10.895891911117767,13.011028429986872,-176.84754745736797,8.4192935462291008,-77.767468875057318
1805.066,4.906085544749549,16.778934242419094,2.9480572609059266,15.423585891896337,1.958028283843622,1.3553483505227568,13.475484259999618,8.5716730070211256,-12.585273901247533,-10.555722673908505,-10.933280890945932,13.011028429986872,-176.84754745736797,8.4192935462291008,-77.767468875057318
1805.077,4.906085544749549,16.778934242419094,4.4406025300002057,14.804444909193819,0.46548301474934295,1.9744893332252751,13.503779934814432,8.3867056794542343,-9.5523819685843847,-9.0914934885179264,-9.3780649475754583,13.374927730403106,-176.48367779675667,9.2501861267776651,-76.936485269242112
1805.086,4.906085544749549,16.778934242419094,4.4406025300002057,14.804444909193819,0.46548301474934295,1.9744893332252751,13.503779934814432,8.3867056794542343,-9.5523819685843847,-9.0914934885179264,-9.3780649475754583,13.374927730403106,-176.48367779675667,9.2501861267776651,-76.936485269242112
1805.096,5.322241603980713,16.456615936205207,3.437563012267276,14.42091627774083,1.8846785917134374,2.0356996584643774,13.560432479999614,8.0901699437494781,-12.103660670474691,-10.151226275880486,-10.514336095994727,14.84902253465784,-175.01114428346858,10.055471972817738,-76.131346001938113
1805.107,5.322241603980713,16.456615936205207,4.4033298676184813,14.825346136675122,0.91891173636223211,1.6312697995300844,13.588789288147762,8.0901699437494781,-10.151226275880486,-9.2138365442329846,-9.5183733325094,15.084474010017713,-174.77570621586912,10.623589754678267,-75.563201166541205
1805.116,5.322241603980713,16.456615936205207,4.4033298676184813,14.825346136675122,0.91891173636223211,1.6312697995300844,13.588789288147762,8.0901699437494781,-10.151226275880486,-9.2138365442329846,-9.5183733325094,15.084474010017713,-174.77570621586912,10.623589754678267,-75.563201166541205
1805.126,6.126670635668221,15.685126596592324,1.7547879212916371,13.66851999786266,4.3718827143765839,2.0166065987296644,13.645563819999614,7.7714596145697099,-9.2422339523811328,-16.51409160113343,-16.791358619704862,18.503371331071541,-171.3593688633301,11.229428143435447,-74.957240255827784
1805.137,6.518457069611989,15.269399520446498,-0.16208294357022623,13.986735108765366,6.680540013182215,1.2826644116811323,13.673981481481091,7.6604444311897888,-16.51409160113343,-11.94763144389316,-12.443054191927162,20.215224074645516,-169.64786995951096,11.676178622866141,-74.510568705345335
1805.146,6.518457069611989,15.269399520446498,3.2612612455961596,13.770003358469808,3.2571958240158292,1.4993961619766907,13.702419365184797,7.5470958022277248,-11.94763144389316,-13.892960383569834,-14.251389326886629,21.049798416710299,-168.81333918236484,12.198369475044817,-73.988376046105174
1805.156,6.518457069611989,15.269399520446498,3.2612612455961596,13.770003358469808,3.2571958240158292,1.4993961619766907,13.702419365184797,7.5470958022277248,-11.94763144389316,-13.892960383569834,-14.251389326886629,21.049798416710299,-168.81333918236484,12.198369475044817,-73.988376046105174
1805.166,6.518457069611989,15.269399520446498,4.9303627287205529,13.680898305178694,1.5880943408914359,1.5885012152678044,13.759355674814424,7.5470958022277248,-10.498094429218265,-8.8574913097975738,-9.1724341426741223,21.456699136613882,-168.40644285614266,12.75159246868993,-73.435150644613842
1805.176,6.894480794209869,14.800995128039357,1.0601634929468275,14.787373657064471,5.8343173012630416,0.013621470974886307,13.787854038518127,7.3135370161917121,-10.526592792921967,-8.8860097712790562,-9.2018075550667149,22.951607657242722,-166.91163752946267,12.75633658849133,-73.430406929358895
1805.186,6.894480794209869,14.800995128039357,4.0498742700021637,12.461273622017188,2.8446065242077054,2.339721506022169,13.81637249999961,7.1933980033865019,-8.8860097712790562,-12.784747535200927,-13.051327828339298,23.680453065203331,-166.18280450723327,13.571185211236452,-72.615556985362389
1805.197,6.894480794209869,14.800995128039357,5.507551203284379,12.889580387164727,1.3869295909254902,1.9114147408746298,13.844911028147754,7.1933980033865019,-9.7950367581455904,-8.3659183885670796,-8.6597694913114474,24.035809842520205,-165.82744881374666,14.236868426125403,-71.949872404710803
1805.206,6.894480794209869,14.800995128039357,6.2182629442536665,14.220946815520257,0.6762178499562026,0.58004831251910005,13.844911028147754,6.9465837045899779,-9.7950367581455904,-8.3659183885670796,-8.6597694913114474,24.209068923904866,-165.65418961346279,14.438880274627083,-71.747860141317133
1805.216,7.25961693946747,14.276422965554659,4.3632243951836642,13.633203676939829,2.8963925442838061,0.64321928861483002,13.902048159999607,6.6913060635885779,-7.6837852157459405,-12.611561689860185,-12.842075246332563,26.473275389403664,-163.39004020818703,15.401089385297327,-70.785683047772935
1805.226,7.25961693946747,14.276422965554659,4.3632243951836642,13.633203676939829,2.8963925442838061,0.64321928861483002,13.930646701481084,6.6913060635885779,-12.611561689860185,-9.5960407900011226,-9.9743876406969285,26.473275389403664,-163.39004020818703,15.401089385297327,-70.785683047772935
1805.237,7.25961693946747,14.276422965554659,5.847438642010502,11.528451734410417,1.4121782974569683,2.7479712311442412,13.959265185184787,6.5605902899050763,-9.5960407900011226,-8.1404649379891012,-8.4283461616891344,26.83510095352014,-163.02821518121704,16.35811785907088,-69.828653628085547
1805.246,7.944973688715249,13.082800927861886,-5.3651116915121406,12.135363020593516,13.31008538022739,0.94743790726836963,13.959265185184787,6.4278760968654058,-9.5960407900011226,-8.1404649379891012,-8.4283461616891344,30.245425693684357,-159.61797801541385,16.688084952444356,-69.49869738540302
1805.256,7.944973688715249,13.082800927861886,4.7809122601462377,12.592808469380643,3.1640614285690116,0.48999245848124318,14.016561854814418,6.2932039104983817,-19.38167354632656,-12.58979062092158,-13.171240827311376,32.718852436569897,-157.14456371324314,17.421065404277066,-68.765716841797598
1805.266,8.273456341262857,12.458326155983666,0.15754602134286699,11.587385400344388,8.1159103199199905,0.87094075563927831,14.045239978518115,6.0181502315204929,-12.58979062092158,-9.2930256598533632,-9.6707193784810102,34.798298040933666,-155.06512803996884,17.724386454430295,-68.462397509371542
1805.28,8.273456341262857,12.458326155983666,4.316427028121069,9.4434889536263071,3.9570293131417884,3.0148372023573593,14.0739379199996,6.0181502315204929,-13.916391898656734,-9.7862286200266748,-10.203720376986377,35.812159956420516,-154.05126732522882,18.774355633817834,-67.412428223364699
1805.286,8.273456341262857,12.458326155983666,6.3441495262865431,11.543427282224393,1.9293068149763144,0.91489887375927381,14.102655648147744,5.7357643635104605,-13.945109626804877,-9.8149661037303773,-10.233319392534524,36.306482744074891,-153.55694464730743,19.092984979788898,-67.093798835945165
1805.296,8.577409911452655,11.768711017234224,0.43664569414920607,9.3568284328640132,8.1407642173034489,2.4118825843702112,14.131393131851446,5.5919290347074613,-9.8149661037303773,-7.8160008137130514,-8.1104497968249625,38.392293764845064,-151.47113845498978,19.93296604643032,-66.253820248237204
1805.306,8.577409911452655,11.768711017234224,0.43664569414920607,9.3568284328640132,8.1407642173034489,2.4118825843702112,14.131393131851446,5.5919290347074613,-9.8149661037303773,-7.8160008137130514,-8.1104497968249625,38.392293764845064,-151.47113845498978,19.93296604643032,-66.253820248237204
1805.316,8.878323945940554,11.085992029872276,-0.18499371576353951,11.110107876102994,9.0633176617040938,-0.024115846230717608,14.188927241481077,5.299192642332061,-13.75228154733187,-9.6094610458794882,-10.022029492299444,41.731444988666652,-148.13199110195893,20.680403509791486,-65.506382728600641
1805.326,8.878323945940554,11.085992029872276,-0.18499371576353951,11.110107876102994,9.0633176617040938,-0.024115846230717608,14.188927241481077,5.299192642332061,-13.75228154733187,-9.6094610458794882,-10.022029492299444,41.731444988666652,-148.13199110195893,20.680403509791486,-65.506382728600641
1805.336,8.878323945940554,11.085992029872276,6.7238003951709402,8.7117401998461474,2.1545235507696141,2.3742518300261288,14.246539999999593,5.1503807491005329,-9.6382772406943023,-14.460369510577944,-14.749517827798773,43.415686396384999,-146.4477501285086,22.524234102016788,-63.662552074265307
1805.346,9.15208028593843,10.336437653872222,0.33231183097854,10.365489146506647,8.81976845495989,-0.029051492634424747,14.275375794814405,5.0,-9.816003230743032,-7.5804307633471737,-7.8749108602694644,45.675468718964787,-144.18796938355811,22.514116412465079,-63.672669753847202
1805.356,9.15208028593843,10.336437653872222,0.33231183097854,10.365489146506647,8.81976845495989,-0.029051492634424747,14.304231158518114,5.0,-7.5804307633471737,-14.00079422902105,-14.228207151921465,45.675468718964787,-144.18796938355811,22.514116412465079,-63.672669753847202
1805.366,9.396187522138261,9.525204250441163,-1.0568805862315855,6.8299164720192067,10.453068108369846,2.6952877784219567,14.33310605999959,4.5399049973954657,-14.00079422902105,-9.5101256204198386,-9.9301494472904697,49.455520426391629,-140.40791898271854,23.973454030709689,-62.213333059927812
1805.376,9.623423539173373,8.694664619371554,-4.0057527955688954,7.159174224847618,13.629176334742269,1.5354903945239364,14.33310605999959,4.5399049973954657,-14.00079422902105,-9.5101256204198386,-9.9301494472904697,52.947558353869226,-136.91588221066252,24.508215925425382,-61.678572780867519
1805.386,9.623423539173373,8.694664619371554,-4.0057527955688954,7.159174224847618,13.629176334742269,1.5354903945239364,14.39091435185144,4.5399049973954657,-15.447794938083026,-18.425600475568483,-18.889034323710973,52.947558353869226,-136.91588221066252,24.508215925425382,-61.678572780867519
1805.396,9.623423539173373,8.694664619371554,6.3835082957403415,5.4160355617006601,3.2399152434330318,3.2786290576708943,14.39091435185144,4.2261826174070114,-15.447794938083026,-18.425600475568483,-18.889034323710973,55.480275550743052,-134.38316516679896,25.812336736309831,-60.374452034196004
1805.406,9.623423539173373,8.694664619371554,6.3835082957403415,5.4160355617006601,3.2399152434330318,3.2786290576708943,14.44880042148107,4.2261826174070114,-11.470478548087346,-8.0942642494444303,-8.4383786058870509,55.480275550743052,-134.38316516679896,25.812336736309831,-60.374452034196004
1805.416,9.848387196038136,7.87243038461264,-0.17858607964873841,7.6997282699618594,10.026973275686874,0.17270211465078056,14.44880042148107,3.9073112848927423,-11.470478548087346,-8.0942642494444303,-8.4383786058870509,58.049364606114985,-131.81407649421038,25.872483691671022,-60.314305979012737
1805.426,9.848387196038136,7.87243038461264,4.9595916339698078,4.6313079375563149,4.8887955620683279,3.2411224470563251,14.506764019999583,3.9073112848927423,-14.685350099648321,-9.5761831808445912,-10.01674368383404,59.301960989332095,-130.56148015588209,27.001260971552782,-59.18552910276491
1805.436,10.04066418571771,7.003643610080531,4.5488615105064412,3.7325178413644053,5.4918026752112681,3.2711257687161259,14.506764019999583,3.5836794954530111,-14.685350099648321,-9.5761831808445912,-10.01674368383404,63.5950310512819,-126.26841039376085,28.180437681047827,-58.006358297156467
1805.446,10.04066418571771,7.003643610080531,4.5488615105064412,3.7325178413644053,5.4918026752112681,3.2711257687161259,14.564804898518105,3.5836794954530111,-15.787888189629072,-10.044992729493142,-10.518629375182014,63.5950310512819,-126.26841039376085,28.180437681047827,-58.006358297156467
1805.456,10.04066418571771,7.003643610080531,7.3630565166450523,6.0109699987257557,2.6776076690726569,0.99267361135477561,14.593854239999583,3.4202014332566892,-10.044992729493142,-7.259866291502675,-7.5612160733874694,64.281081752891481,-125.58235969431635,28.526153992158697,-57.660642556239175
1805.466,10.215091686775688,6.128190804486486,-0.019370068904450477,5.0680740049604154,10.234461755680138,1.060116799526071,14.593854239999583,3.0901699437494798,-10.044992729493142,-7.259866291502675,-7.5612160733874694,66.903332925523202,-122.96010866726152,28.895458369095451,-57.291535459416053
1805.476,10.215091686775688,6.128190804486486,5.225132123751564,2.5061670727040486,4.989959563024124,3.6220237317824377,14.652010571851434,2.9237170472273832,-7.2889540552063821,-14.70048756890403,-14.919156190560221,68.18184930951989,-121.68159229977401,30.156904312776646,-56.030104785357793
1805.487,10.371500887819481,5.240346020504962,0.15043530859684751,5.2920750572770352,10.221065579222634,-0.0517290367720733,14.68111749999958,2.7563735581699844,-9.4559853762480159,-6.928078689673125,-7.2117582509605658,71.424027233391286,-118.43941447370526,31.101369723321113,-55.08558891001173
1805.496,10.371500887819481,5.240346020504962,0.15043530859684751,5.2920750572770352,10.221065579222634,-0.0517290367720733,14.710243561481061,2.7563735581699844,-6.928078689673125,-14.588953416587914,-14.796795777278108,71.424027233391286,-118.43941447370526,31.101369723321113,-55.08558891001173
1805.506,10.371500887819481,5.240346020504962,5.3880728246791918,3.5826091143947245,4.9834280631402894,1.6577369061102374,14.739388725184762,2.4192189559966906,-6.957223853376826,-14.618117651402731,-14.826834367004036,72.700870127858124,-117.16257159006078,31.678742159194751,-54.508258189261234
1805.516,10.371500887819481,5.240346020504962,7.9417586002867253,1.3657338339206007,2.4297422875327559,3.8746121865843612,14.768552959999578,2.2495105434386393,-9.3804801353203864,-6.8559776345276671,-7.1373920385872784,73.323413309791164,-116.54002840864794,33.028218267772942,-53.158857951985524
1805.527,10.509725731562568,4.348810101527456,9.1868449624118469,2.3822159588214724,1.1846559254076343,1.9665941427059836,14.797736234814392,2.2495105434386393,-6.8559776345276671,-5.6400935561062457,-5.8457728851420754,73.626943224189176,-116.23649849388217,33.720267335427735,-52.480882086574887
1805.536,10.509725731562568,4.348810101527456,0.87854563607630354,3.75201450814669,9.6311800954862647,0.59679559338076604,14.797736234814392,1.908089953765459,-6.8559776345276671,-5.6400935561062457,-5.8457728851420754,76.09462286449461,-113.76881891521684,33.92819118804843,-52.273048463974909
1805.546,10.509725731562568,4.348810101527456,5.8139048513768969,0.75349668866585517,4.6958208801856713,3.5953134128616009,14.856159779999578,1.736481776669325,-5.6693148175877308,-14.006854352071418,-14.17693379659905,77.29777568202347,-112.56566610443083,35.180737644223363,-51.020920863962985
1805.556,10.6124680623667,3.4395310198912856,-0.87258031710496198,1.6295387094856011,11.485048379471662,1.8099923104056845,14.885399988147721,1.736481776669325,-9.0714951367708245,-15.787239428956385,-16.059384283059508,80.240449336655686,-109.62299249810077,35.853543563128618,-50.431805772121059
1805.566,10.679145484023069,2.5196179246302006,3.431251754168624,-0.64982230611344782,7.2478937298544448,3.1694402307436484,14.885399988147721,1.3917310096006625,-9.0714951367708245,-15.787239428956385,-16.059384283059508,85.906296502695668,-103.95714538393167,36.517513331146084,-49.514612407238758
1805.577,10.679145484023069,2.5196179246302006,7.1453302740187006,1.5576614868868806,3.5338152100043683,0.96195643774332007,14.94393711999957,1.2186934340514937,-11.512685365830945,-7.827903707462351,-8.1732842684372802,86.811722800328752,-103.05171908621263,36.856853922578551,-49.179647514002809
1805.586,10.727367233366905,1.600476052102263,-0.23523584840915035,3.7129309918973643,10.962603081776056,-2.1124549397951013,14.973233981481052,0.87155742747658682,-11.541982227312428,-7.8572193911660548,-8.2034788579854272,89.620536662001257,-100.24290523894356,34.236955945694241,-47.933720438396371
1805.596,10.727367233366905,1.600476052102263,-0.23523584840915035,3.7129309918973643,10.962603081776056,-2.1124549397951013,15.002549665184755,0.87155742747658682,-7.8572193911660548,-15.267119988408718,-15.5028365701437,89.620536662001257,-100.24290523894356,34.236955945694241,-47.933720438396371
1805.606,10.727367233366905,1.600476052102263,8.1213473353419339,-0.99916299292156019,2.6060198980249716,2.5996390450238231,15.002549665184755,0.69756473744125125,-7.8572193911660548,-15.267119988408718,-15.5028365701437,91.657723041696656,-98.205718859814382,36.294143887086364,-46.063892335967573
1805.616,10.727367233366905,1.600476052102263,8.1213473353419339,-0.99916299292156019,2.6060198980249716,2.5996390450238231,15.061237374814382,0.69756473744125125,-9.6788455169851808,-6.9692620031761514,-7.2596273686857069,91.657723041696656,-98.205718859814382,36.294143887086364,-46.063892335967573
1805.627,10.757164801741716,0.6810971954190033,5.6405715957766009,1.8062212451679676,5.1165932059651151,-1.1251240497489643,15.090609338518085,0.17452406437283041,-6.9692620031761514,-14.857023947035563,-15.066101807130847,95.657482984231194,-94.205958924511705,10.913785523699854,-22.591399856586715
1805.637,10.757164801741716,0.6810971954190033,8.2624959271745357,-0.72032883465878084,2.4946688745671803,1.4014260300777841,15.119999999999564,0.17452406437283041,-9.4794284042229631,-6.8869134009731781,-7.1712962530998672,96.296661511676035,-93.566780396651225,11.63483687141686,-22.164557526630141
1805.647,10.757164801741716,0.6810971954190033,9.5408529819002954,0.25351229499587791,1.2163118198414207,0.42758490042312536,15.149409328147714,-0.17452406437281814,-9.5088377323711128,-6.9163413646768799,-7.2016064966480133,96.608302229116703,-93.255139678949405,11.854809787858658,-22.034282894274426
1805.656,10.757164801741716,0.6810971954190033,9.5408529819002954,0.25351229499587791,1.2163118198414207,0.42758490042312536,15.178837291851416,-0.17452406437281814,-6.9163413646768799,-5.6674308780992693,-5.874921119039576,96.608302229116703,-93.255139678949405,11.854809787858658,-22.034282894274426
1805.666,10.743489161543327,-1.1438317563903089,-8.0851551037618687,28.082941174610166,18.828644265305194,-29.226772931000475,15.178837291851416,-0.34899496702501742,-6.9163413646768799,-5.6674308780992693,-5.874921119039576,101.43253570820912,-88.43090618756942,3.062341744163616,-7.7398221345723979
1805.676,10.743489161543327,-1.1438317563903089,1.5633118622149826,5.8857676153149878,9.1801772993283439,-7.0295993717052969,15.237749001481044,-0.34899496702501742,-23.322904105242912,-13.703920822969767,-14.403607946127055,103.78466037919628,-86.078781513372434,0.13011630061634971,-5.3378403682648967
1805.686,10.718609894392669,-2.0462138266924415,4.1487428126475265,-2.6216318884080749,6.5698670817451426,0.57541806171563348,15.26723268518475,-0.69756473744123904,-13.703920822969767,-18.052994382747666,-18.464112007436761,108.92047830613835,-80.942963568618069,-0.81308794581341726,-3.9557250213635857
1805.697,10.718609894392669,-2.0462138266924415,4.1487428126475265,-2.6216318884080749,6.5698670817451426,0.57541806171563348,15.296734879999558,-0.69756473744123904,-18.052994382747666,-11.177512742166849,-11.719102573649279,108.92047830613835,-80.942963568618069,-0.81308794581341726,-3.9557250213635857
1805.707,10.718609894392669,-2.0462138266924415,7.51537636391825,-3.9629509667984077,3.2032335304744191,1.9167371401059663,15.296734879999558,-1.0452846326765344,-18.052994382747666,-11.177512742166849,-11.719102573649279,109.74120369835742,-80.122238175402217,-0.12337988356219631,-4.6227831536584469
1805.716,10.718609894392669,-2.0462138266924415,9.156827148549354,-6.1052957589347274,1.5617827458433151,4.059081932242286,15.355794678518077,-1.2186934340514637,-11.20705186587055,-7.8699758560813109,-8.2061874120574281,110.14136021038161,-79.722081662960917,1.3372240961345656,-6.035408168952797
1805.726,10.65729251631295,-2.9485820569011056,0.93345785646188162,-4.8473724686826349,9.7238346598510681,1.8987904117815293,15.385352219999561,-1.3917310096006328,-7.8699758560813109,-6.2581009995983496,-6.4942002752807886,112.63277955411127,-77.230662294346885,1.946356411217451,-6.7527524818576961
1805.736,10.65729251631295,-2.9485820569011056,5.9162965660471052,-5.2552022104667273,4.7409959502658445,2.3066201535656217,15.414928148147704,-1.3917310096006328,-14.481470291685822,-9.528225865804302,-9.9626699745548759,113.84750702230663,-76.015934821915991,2.7537314104684842,-7.5563780558714955
1805.746,10.65729251631295,-2.9485820569011056,8.345751505328419,-3.6486050209042205,2.3115410109845307,0.70002296400311481,15.414928148147704,-1.7364817766692955,-14.481470291685822,-9.528225865804302,-9.9626699745548759,114.43976493431614,-75.423676908873091,2.9988588726557062,-7.8001633867834324
1805.757,10.57816798995786,-3.8385481603579588,5.7280906835266236,-4.6683738987695147,4.8500773064312366,0.82982573841155594,15.474135039999556,-2.0791169081775815,-7.1283835346711371,-14.873159668049373,-15.087011174089508,118.23118317233211,-71.632258626298508,4.2216589401290765,-9.0611771369921978
1805.766,10.57816798995786,-3.8385481603579588,5.7280906835266236,-4.6683738987695147,4.8500773064312366,0.82982573841155594,15.474135039999556,-2.0791169081775815,-7.1283835346711371,-14.873159668049373,-15.087011174089508,118.23118317233211,-71.632258626298508,4.2216589401290765,-9.0611771369921978
1805.776,10.57816798995786,-3.8385481603579588,9.4252120838465672,-6.6586958932625002,1.1529559061112931,2.8201477329045415,15.53341510518474,-2.2495105434386446,-14.902808831753081,-9.8349918164729289,-10.282076081425521,119.13247562503985,-70.73096617174518,6.4868991084102392,-11.324320528436029
1805.786,10.57816798995786,-3.8385481603579588,9.4252120838465672,-6.6586958932625002,1.1529559061112931,2.8201477329045415,15.563082499999553,-2.2495105434386446,-7.3496397108949267,-6.1675560109678003,-6.3880452022946477,119.13247562503985,-70.73096617174518,6.4868991084102392,-11.324320528436029
1805.796,10.481536364506654,-4.711823775471537,5.9967895593853342,-8.0906998666363208,4.4847468051213202,3.3788760911647842,15.592768094814367,-2.5881904510251985,-14.309496583697104,-9.6256822991327304,-10.054967196643643,122.63830650340248,-67.22513523278819,7.6547624359811648,-12.49196265466596
1805.806,10.481536364506654,-4.711823775471537,8.2949333229202438,-5.7371977397193064,2.1866030415864106,1.0253739642477697,15.622471858518065,-2.7563735581699729,-9.6256822991327304,-7.3572604370793044,-7.6460309060532863,123.19855308564948,-66.664888648828182,8.0119240154560352,-12.849066615783965
1805.816,10.481536364506654,-4.711823775471537,8.2949333229202438,-5.7371977397193064,2.1866030415864106,1.0253739642477697,15.622471858518065,-2.7563735581699729,-9.6256822991327304,-7.3572604370793044,-7.6460309060532863,123.19855308564948,-66.664888648828182,8.0119240154560352,-12.849066615783965
1805.826,10.349702611264746,-5.563107682217363,0.90258736230067171,-6.7031232711427009,9.4471152489640744,1.1400155889253378,15.681933768147701,-2.9237170472273548,-7.3870004452274571,-14.809104489550732,-15.030714502907555,125.61907196151492,-64.244369678921032,8.4085461524968732,-13.246516335342715
1805.836,10.349702611264746,-5.563107682217363,5.7436252031153217,-7.5824980077074784,4.6060774081494245,2.0193903254901153,15.711691851851404,-3.0901699437494514,-14.809104489550732,-9.9978427768842284,-10.442115911570751,126.79923089540893,-63.064210730971581,9.1118506616284947,-13.949807499105569
1805.846,10.183708969558747,-6.38370022099226,-0.10198240746927922,-7.8401208793786239,10.285691377028026,1.4564206583863637,15.74146797999955,-3.4202014332566777,-9.9978427768842284,-15.873244528950307,-16.173179812256834,129.43460784480095,-60.428833600991041,9.6189689044204965,-14.457139458805816
1805.856,9.984994992095501,-7.165173131913223,-0.076125395581030375,-9.1540649802470853,10.061120387676532,1.9888918483338625,15.771262121481028,-3.7460659341591236,-15.873244528950307,-10.632302580804854,-11.108499916673363,133.29736175431765,-56.566079356177234,11.614927063749462,-16.453154542039147
1805.866,9.984994992095501,-7.165173131913223,5.0795505127752989,-9.3925974498996254,4.9054444793202023,2.2274243179864026,15.80107424518473,-3.9073112848927312,-10.632302580804854,-15.907029715580578,-16.225998793004724,134.55422384111174,-55.309217225103666,12.390666831411297,-17.228893731938321
1805.876,9.984994992095501,-7.165173131913223,5.0795505127752989,-9.3925974498996254,4.9054444793202023,2.2274243179864026,15.830904319999547,-3.9073112848927312,-15.907029715580578,-10.781201802039059,-11.258412693506475,134.55422384111174,-55.309217225103666,12.390666831411297,-17.228893731938321
1805.886,9.984994992095501,-7.165173131913223,7.5932747253039281,-9.4535729301309672,2.3917202667915731,2.2883997982177444,15.860752314814357,-4.0673664307580184,-10.781201802039059,-8.2973434732141271,-8.6207795272752996,135.16702510149202,-54.696415957032997,13.187642561407376,-18.025868514537336
1805.896,9.771570379104855,-7.918619141492913,1.2844168496516915,-9.4601580916849208,8.4871535294531633,1.5415389501920078,15.890618198518055,-4.2261826174070007,-8.2973434732141271,-14.63608509034785,-14.885005394544274,137.34158455294335,-52.52185608423072,13.724504538186631,-18.562741849585436
1805.906,9.771570379104855,-7.918619141492913,5.6335361597498661,-9.974584792034598,4.1380342193549886,2.055965650541685,15.890618198518055,-4.3837114678907705,-8.2973434732141271,-14.63608509034785,-14.885005394544274,138.40182247708583,-51.461618099989501,14.440530262576454,-19.278767464905634
1805.916,9.771570379104855,-7.918619141492913,7.7540120612318759,-10.11782215146475,2.0175583178729788,2.1992030099718374,15.950403508147689,-4.3837114678907705,-10.316867348397823,-8.2263108106195162,-8.5358168310714504,138.91875679147014,-50.944683775290365,15.206440924040539,-20.044677928903784
1805.926,9.560280012244114,-8.664530690976806,5.5468859055611262,-11.750740082208779,4.0133941066829877,3.0862093912319732,15.980322871851392,-4.8480962024633687,-8.2263108106195162,-14.681495273454651,-14.928284597773237,142.05611997053407,-47.807319870697945,16.253916153483878,-21.092152987048262
1805.936,9.560280012244114,-8.664530690976806,5.5468859055611262,-11.750740082208779,4.0133941066829877,3.0862093912319732,16.01025999999954,-4.8480962024633687,-14.681495273454651,-10.493328955919896,-10.933773814123535,142.05611997053407,-47.807319870697945,16.253916153483878,-21.092152987048262
1805.946,9.303255366103716,-9.345999313177348,1.7915324877518799,-10.933237767100387,7.5117228783518364,1.5872384539230389,16.040214861481022,-4.9999999999999893,-8.4367230824428994,-14.27865493743284,-14.531756629906127,144.48212031960054,-45.381318355906963,17.667045856709244,-22.50528346425093
1805.957,9.048800966424722,-10.020653249155885,-1.1057345195427217,-9.8276712561553481,10.154535485967443,-0.19298199300053653,16.040214861481022,-5.1503807491005524,-8.4367230824428994,-14.27865493743284,-14.531756629906127,147.08389142003205,-42.779544286133834,17.599836564523212,-22.43807412510564
1805.966,9.048800966424722,-10.020653249155885,4.0978105787815196,-11.465897376369632,4.950990387643202,1.4452441272137477,16.100177659999535,-5.2991926423320512,-14.308645172247655,-17.23592005435707,-17.665179409524498,148.35242300233978,-41.511012290248189,18.103167812882763,-22.941405387062083
1805.976,9.048800966424722,-10.020653249155885,6.6348741219285756,-11.947353814265334,2.4139268444961459,1.9267005651094493,16.13018553481435,-5.5919290347074515,-17.23592005435707,-12.062400439736532,-12.579478041367244,148.97091395757451,-40.892521268473779,18.774174588833866,-23.61241217890835
1805.986,9.048800966424722,-10.020653249155885,6.6348741219285756,-11.947353814265334,2.4139268444961459,1.9267005651094493,16.16021101851805,-5.5919290347074515,-12.062400439736532,-9.5553799580709615,-9.9172519712630578,148.97091395757451,-40.892521268473779,18.774174588833866,-23.61241217890835
1805.996,8.767023000813222,-10.647503556289369,5.2742707307392038,-12.961415599301176,3.4927522700740177,2.3139120430118076,16.190254079999537,-5.7357643635104649,-14.586904184687288,-10.946043957408477,-11.383651082949097,151.70127765177955,-38.162153529271983,20.584855162851056,-25.423093626936652
1806.006,8.473753612347718,-11.2463173421179,1.0759374636952828,-11.349696650242052,7.397816148652435,0.1033793081241523,16.22031468814768,-5.8778525229247256,-10.946043957408477,-15.174455348156098,-15.502836666878352,153.5967262097416,-36.266697899969103,20.620858768912157,-25.459097285778057
1806.016,8.473753612347718,-11.2463173421179,1.0759374636952828,-11.349696650242052,7.397816148652435,0.1033793081241523,16.22031468814768,-5.8778525229247256,-10.946043957408477,-15.174455348156098,-15.502836666878352,153.5967262097416,-36.266697899969103,20.620858768912157,-25.459097285778057
1806.026,8.473753612347718,-11.2463173421179,4.8668414855611388,-12.698570982636149,3.6069121267865789,1.4522536405182489,16.280488419999532,-6.0181502315204689,-15.204550956304249,-11.443759995919876,-11.899896524609003,154.52088076878454,-35.342542358073814,21.126631198590356,-25.964869762871139
1806.036,8.169543557674897,-11.816658161367606,1.0117320204316655,-13.090004744115127,7.1578115372432318,1.2733465827475214,16.310601481481015,-6.2932039104983719,-11.443759995919876,-15.32899994475305,-15.672312744630647,156.35483289036358,-33.508577123710175,21.570095554834662,-26.408335389688652
1806.047,8.169543557674897,-11.816658161367606,6.4679950694940658,-14.115336962178972,1.7015484881808316,2.2986788008113663,16.340731965184716,-6.5605902899050541,-15.32899994475305,-11.691230757689691,-12.151100756032283,157.68497190315887,-32.178436004181222,23.463148432167667,-28.3013885850389
1806.056,7.8549183589260965,-12.360508404031362,1.9014044208315113,-13.841372941519566,5.9535139380945852,1.4808645374882037,16.370879839999528,-6.6913060635885815,-11.691230757689691,-9.933050005320279,-10.28378692805097,159.21035773167455,-30.653029311650833,23.978883656762321,-28.817126855761686
1806.066,7.8549183589260965,-12.360508404031362,4.9521964829816199,-14.117057338209747,2.9027218759444766,1.7565489341783849,16.401045074814345,-6.819983600624977,-9.933050005320279,-14.529823217686527,-14.827814717846135,159.95408531378061,-29.909298840025944,24.590632174378591,-29.428875574370164
1806.076,7.530440107522591,-12.876085011160823,1.2838442815683209,-14.180342413946278,6.2465958259542704,1.3042574027854545,16.401045074814345,-6.819983600624977,-9.933050005320279,-14.529823217686527,-14.827814717846135,161.55455220534387,-28.308787386340398,25.044859743152649,-29.883108631811425
1806.087,7.530440107522591,-12.876085011160823,4.4848217054782538,-13.271882049221553,3.0456184020443375,0.39579703806072963,16.46142749999953,-6.9465837045899566,-11.50923101701791,-15.207800346579354,-15.553077277089892,162.33489085263392,-27.528442588489909,25.182702898403445,-30.020951874265489
1806.096,7.196692190528543,-13.36151148712886,1.1911512239651643,-14.262210532893008,6.0055409665633785,0.9006990457641475,16.491644628147675,-7.0710678118654515,-15.207800346579354,-12.037057286373123,-12.493291296770504,163.873574461229,-25.989672515559583,25.496383147806132,-30.334639994614189
1806.106,7.196692190528543,-13.36151148712886,4.2686031788113041,-14.879683587903671,2.9280890117172387,1.5181721007748106,16.521878991851377,-7.1933980033865055,-15.330727767886213,-12.283527381188215,-12.743449214224801,164.62379722045179,-25.239437844102188,26.025112788101755,-30.863370290979347
1806.116,7.196692190528543,-13.36151148712886,5.7690597676068762,-15.045526159785638,1.4276324229216666,1.6840146726567777,16.521878991851377,-7.3135370161916917,-15.330727767886213,-12.283527381188215,-12.743449214224801,164.98958122435852,-24.873651983460352,26.611600001402255,-31.449858162766159
1806.126,7.196692190528543,-13.36151148712886,6.5006292216801285,-15.073941860897023,0.69606296884841434,1.7124303737681625,16.582399301481004,-7.4314482547739455,-12.3137961226697,-10.843625417577829,-11.21303930125792,165.16792479805409,-24.69530802068796,27.207983473876109,-32.046242304488857
1806.137,6.503365027977899,-14.26302263156668,-2.1583511962260218,-15.060378942132473,8.6617162242039214,0.79735631056579415,16.612685185184706,-7.6604444311897701,-10.112055963504577,-18.801339376225545,-19.104701055130683,167.38683351250978,-22.475640379745542,27.485654212381871,-32.323959034233241
1806.146,6.503365027977899,-14.26302263156668,-2.1583511962260218,-15.060378942132473,8.6617162242039214,0.79735631056579415,16.642988179999524,-7.6604444311897701,-10.142358958319395,-18.831659451040352,-19.135930219789934,167.38683351250978,-22.475640379745542,27.485654212381871,-32.323959034233241
1806.157,6.503365027977899,-14.26302263156668,2.2802151955472709,-16.794954484873102,4.2231498324306278,2.531931853306423,16.67330825481433,-7.7714596145697143,-18.831659451040352,-14.423430182970765,-14.988379966501975,168.46882963340187,-21.393541553568916,28.367442871671319,-33.205752356454141
1806.168,6.503365027977899,-14.26302263156668,4.4443052841000394,-16.141528296681976,2.0590597438778593,1.8785056651152967,16.703645378518036,-7.8801075360672179,-14.423430182970765,-12.289694235899479,-12.722397141388601,168.99639046268322,-20.865965572367127,29.021664922372189,-33.859977347421918
1806.176,6.133845904045586,-14.655674351540165,1.5720924092059931,-15.919705963170607,4.5617534948395928,1.2640316116304415,16.733999519999518,-7.9863551004729203,-12.289694235899479,-15.192278238941668,-15.560969066018652,170.16489269559892,-19.69685738239275,29.461830807401192,-34.300257273329528
1806.187,6.133845904045586,-14.655674351540165,3.9096918454118281,-16.101739934891398,2.2241540586337578,1.446065583351233,16.76437064814766,-8.0901699437494816,-15.192278238941668,-12.885066886439542,-13.340835233607793,170.73472050856216,-19.126946482637383,29.96544780641673,-34.803879630023602
1806.196,6.133845904045586,-14.655674351540165,5.0494252004014868,-16.132653747138306,1.0844207036440991,1.476979395598141,16.76437064814766,-8.1915204428899173,-15.192278238941668,-12.885066886439542,-13.340835233607793,171.01256274683226,-18.849091477179773,30.479831384018745,-35.318268047240309
1806.211,5.768021971352596,-15.044399554313916,1.7161336719199483,-16.117700657162899,4.0518882994326475,1.0733011028489834,16.825163739999518,-8.29037572555041,-11.775738539598031,-15.139451969561044,-15.492724125748985,172.05016851960602,-17.810355066962291,30.853525025207237,-35.692172957478725
1806.216,5.768021971352596,-15.044399554313916,3.792455577248063,-16.35866223533985,1.9755663941045327,1.3142626810259337,16.855585641480992,-8.3867056794542485,-15.139451969561044,-13.09356882793664,-13.54775238702347,172.55626911795014,-17.304099515338706,31.311239057550846,-36.14989717146134
1806.226,5.768021971352596,-15.044399554313916,4.8048018366217491,-16.406532473039874,0.96322013473084667,1.3621329187259583,16.886024405184703,-8.4804809615642611,-13.09356882793664,-12.111678163377768,-12.504485228215866,172.80305274925593,-17.057292109486347,31.78562534103331,-36.624292732278612
1806.236,5.385138856977381,-15.395119786198949,1.7873000444228069,-16.396227459250625,3.5978388125545742,1.0011076730516759,16.916479999999517,-8.5716730070211185,-12.111678163377768,-15.159652350391518,-15.523002695292851,173.72375825095725,-16.134317065327519,32.134055673071728,-36.973183000778072
1806.247,4.996246217839373,-15.724100886963779,0.3325400794172424,-16.61243101740277,4.663706138422131,0.88833013043899101,16.946952394814325,-8.6602540378443766,-15.159652350391518,-16.644901479100785,-17.099691049612531,174.91509420069616,-14.935748199240294,32.442988749552789,-37.283030550101977
1806.256,4.996246217839373,-15.724100886963779,2.7223359119186625,-16.879488961005421,2.2739103059207109,1.1553880740416425,16.946952394814325,-8.7461970713939614,-15.159652350391518,-16.644901479100785,-17.099691049612531,175.49723369223983,-14.352624690256338,32.84536957997603,-37.685453900404276
1806.267,4.592622851139497,-16.0170510894138,1.5062047462310488,-16.09508841879537,3.0864181049084483,0.078037329381569265,17.007947459999507,-8.9100652418836717,-14.285611548080844,-13.150924409779034,-13.579492756221459,176.56702191461423,-13.272587347007821,33.293874548148125,-38.134190678428602
1806.276,4.592622851139497,-16.0170510894138,1.5062047462310488,-16.09508841879537,3.0864181049084483,0.078037329381569265,17.007947459999507,-8.9100652418836717,-14.285611548080844,-13.150924409779034,-13.579492756221459,176.56702191461423,-13.272587347007821,33.293874548148125,-38.134190678428602
1806.286,4.592622851139497,-16.0170510894138,3.8588503110482577,-16.521522083138578,0.73377254009123938,0.50447099372477666,17.06900935185136,-8.9879404629916735,-13.981292761038343,-13.240714968951245,-13.660153751782396,177.13985189681071,-12.698171304241944,34.048501384148565,-38.888992116246122
1806.297,4.592622851139497,-16.0170510894138,3.8588503110482577,-16.521522083138578,0.73377254009123938,0.50447099372477666,17.06900935185136,-8.9879404629916735,-13.981292761038343,-13.240714968951245,-13.660153751782396,177.13985189681071,-12.698171304241944,34.048501384148565,-38.888992116246122
1806.306,4.19303571810662,-16.307071789839323,2.7775514226763676,-17.979576742522838,1.415484295430252,1.6725049526835143,17.13013782148099,-9.2050485345243942,-15.83994003595544,-14.383175522508321,-14.858373723586984,178.23426001898503,-11.579452918409608,34.855642489921145,-39.700173465571595
1806.318,4.19303571810662,-16.307071789839323,2.7775514226763676,-17.979576742522838,1.415484295430252,1.6725049526835143,17.13013782148099,-9.2050485345243942,-15.83994003595544,-14.383175522508321,-14.858373723586984,178.23426001898503,-11.579452918409608,34.855642489921145,-39.700173465571595
1806.326,4.19303571810662,-16.307071789839323,3.85647956567135,-17.340191285920611,0.3365561524352696,1.0331194960812873,17.191332619999503,-9.3358042649720137,-14.413781197323136,-13.719129504266839,-14.151542940186532,178.49710713227358,-11.316079211030846,35.634578364472219,-40.479464814401879
1806.337,3.354667205923505,-16.796247625145696,-1.2162637895542616,-17.330804606284389,4.5709309954777666,0.53455698113869232,17.221954814814318,-9.3969262078590763,-13.719129504266839,-13.396113932846667,-13.807687817974672,179.53401044818949,-10.009547278351148,35.808211652153979,-40.678587541746111
1806.346,3.354667205923505,-16.796247625145696,1.1246455828585908,-17.569690987419392,2.2300216230649141,0.77344336227369581,17.252593498518017,-9.3969262078590763,-18.468857288072279,-16.158603057140908,-16.712668775783076,180.08759953400175,-9.4196406274734308,36.077482645882391,-40.948696052933919
1806.356,3.354667205923505,-16.796247625145696,2.2667927873706333,-17.030967421373589,1.0878744185528717,0.23471979622789263,17.2832486399995,-9.5105651629515346,-18.499512429553761,-16.189274625289055,-16.744259998175668,180.36389936192907,-9.1380891476421553,36.159226511098623,-41.030639801905522
1806.366,2.925955368385308,-17.011366314281183,0.078242337349166746,-18.123061803682063,2.8477130310361414,1.1116954894008799,17.313920208147646,-9.5630475596303501,-16.189274625289055,-15.077815384480715,-15.563493623239387,180.94924657524061,-8.2627257364784175,36.500814344844869,-41.465323155176122
1806.376,2.925955368385308,-17.011366314281183,0.078242337349166746,-18.123061803682063,2.8477130310361414,1.1116954894008799,17.313920208147646,-9.5630475596303501,-16.189274625289055,-15.077815384480715,-15.563493623239387,180.94924657524061,-8.2627257364784175,36.500814344844869,-41.465323155176122
1806.386,2.925955368385308,-17.011366314281183,1.5355975605656909,-17.873572676395909,1.3903578078196173,0.86220636211472623,17.375312499999502,-9.6126169593831818,-17.297070162650336,-15.870435600915286,-16.389347705794798,181.28622894755568,-7.8861764226347244,36.800903211772479,-41.767494025395131
1806.396,2.4939813426427677,-17.213564829479942,-0.84536712209273901,-17.997264381409281,3.3393484647355067,0.78369955192933816,17.375312499999502,-9.6592582628906811,-17.297070162650336,-15.870435600915286,-16.389347705794798,181.90219554792841,-6.4413428557608787,37.257220209656857,-42.388650816299126
1806.406,2.4939813426427677,-17.213564829479942,-0.84536712209273901,-17.997264381409281,3.3393484647355067,0.78369955192933816,17.436770125184683,-9.6592582628906811,-15.189572571394809,-18.312890482092239,-18.768577659234083,181.90219554792841,-6.4413428557608787,37.257220209656857,-42.388650816299126
1806.416,2.4939813426427677,-17.213564829479942,0.86102893179847229,-17.451424191380198,1.6329524108442954,0.23785936190025581,17.4675233599995,-9.702957262759961,-18.312890482092239,-16.637263903015835,-17.186650617478602,182.26542264807918,-5.9652622757124849,37.33992324617909,-42.472734271765432
1806.426,2.4939813426427677,-17.213564829479942,2.1034560832631257,-18.153295606797471,0.390525259379642,0.93973077731752852,17.4675233599995,-9.7814760073380551,-18.312890482092239,-16.637263903015835,-17.186650617478602,182.5611246836782,-5.6493733011940037,37.844450436100374,-42.984192654216919
1806.436,2.4939813426427677,-17.213564829479942,2.1034560832631257,-18.153295606797471,0.390525259379642,0.93973077731752852,17.529078518518013,-9.7814760073380551,-15.833662437061143,-15.456424296736369,-15.931434169848202,182.5611246836782,-5.6493733011940037,37.844450436100374,-42.984192654216919
1806.446,1.6212276965867884,-17.579726326638003,-12.613721620649613,-19.83193946503566,14.234949317236403,2.2522131383976571,17.559880379999495,-9.848077530122076,-15.864464298542625,-15.487242304884518,-15.963176233840796,172.4041991559796,11.128559066480801,36.671187626964127,-45.637991651598988
1806.456,1.6212276965867884,-17.579726326638003,-5.2289355030948172,-18.929191627478289,6.8501631996816057,1.3494653008402864,17.590698388147644,-9.8768834059513786,-15.487242304884518,-30.235254132500955,-30.699871401647492,172.27818357554571,14.706892598556475,37.133302367486024,-46.150215230204374
1806.467,1.1742974329048956,-17.73048142376646,-18.707573872056656,-21.755735898997443,19.881871304961553,4.0252544752309838,17.621532511851342,-9.9026806874157014,-22.850468014946159,-19.419524166825692,-20.105038207274077,148.85747630103864,46.276186257959978,33.100274379803352,-52.746249364290463
1806.477,1.1742974329048956,-17.73048142376646,-18.707573872056656,-21.755735898997443,19.881871304961553,4.0252544752309838,17.65238271999949,-9.9026806874157014,-19.419524166825692,-36.390822853537628,-36.973408578542397,148.85747630103864,46.276186257959978,33.100274379803352,-52.746249364290463
1806.486,1.1742974329048956,-17.73048142376646,-3.5067587316770528,-18.527187395656867,4.681056164581948,0.79670597189040748,17.683248981480972,-9.9452189536827333,-25.808453326833927,-21.220889996861729,-21.995143596666747,147.70050728810736,54.160359457711863,33.779517177573631,-53.589531127567142
1806.496,1.1742974329048956,-17.73048142376646,-3.5067587316770528,-18.527187395656867,4.681056164581948,0.79670597189040748,17.683248981480972,-9.9452189536827333,-25.808453326833927,-21.220889996861729,-21.995143596666747,147.70050728810736,54.160359457711863,33.779517177573631,-53.589531127567142
1806.506,0.7318364718598217,-17.87972896992363,-13.078588840556392,-20.269795726552928,13.810425312416214,2.3900667566292988,17.745029539999486,-9.9756405025982442,-50.189134837750636,-30.85453261537069,-32.360206660503209,88.316946527710883,117.26064762587669,23.012929290789174,-66.783401813080573
1806.516,0.7318364718598217,-17.87972896992363,-13.078588840556392,-20.269795726552928,13.810425312416214,2.3900667566292988,17.745029539999486,-9.9756405025982442,-50.189134837750636,-30.85453261537069,-32.360206660503209,88.316946527710883,117.26064762587669,23.012929290789174,-66.783401813080573
1806.527,0.281244449500681,-18.00241258357044,-35.236634259195256,-26.345756476867422,35.517878708695939,8.3433438932969821,17.806873938518006,-9.9984769515639123,-30.885462779074398,-24.248119311952536,-25.174683195324768,42.640120175543132,154.85506630813444,11.524518980386356,-76.184554841223218
1806.536,0.281244449500681,-18.00241258357044,-35.236634259195256,-26.345756476867422,35.517878708695939,8.3433438932969821,17.837819999999482,-9.9984769515639123,-24.248119311952536,-53.105416187342882,-53.832859766701461,42.640120175543132,154.85506630813444,11.524518980386356,-76.184554841223218
1806.546,-0.16959772369596016,-17.81304021673085,-30.438455980330332,-25.736220329540771,30.26885825663437,7.92318011280992,17.868781928147627,-10.0,-53.105416187342882,-48.338215672181661,-49.931378157801944,17.055773199959933,169.03417914465547,3.4644135085377759,-80.356582749316331
1806.556,-0.16959772369596016,-17.81304021673085,-11.961424895620183,-20.225404590514117,11.791827171924224,2.4123643737832658,17.899759691851333,-9.9984769515639123,-48.338215672181661,-29.892178155619664,-31.342324625785114,13.141122297351433,173.78479146470784,3.1703641201039714,-81.979730122927251
1806.566,-0.16959772369596016,-17.81304021673085,-6.5531897890386972,-18.537629332107414,6.3835920653427367,0.72458911537656334,17.93075325999948,-9.993908270190957,-29.892178155619664,-24.51495239051966,-25.411717735188251,12.071633903876384,176.40841408944888,3.0882270847427451,-82.46830505665173
1806.577,-0.6152395512390836,-17.62124723312363,-3.3215121414709472,-18.012518513645858,2.7062725902318636,0.39127128052222915,17.961762601480963,-9.9862953475457381,-24.378720259936223,-21.31429982665561,-22.045661434453695,7.6455800545114068,178.35501758052098,1.6011153547175327,-82.999348735711166
1806.586,-0.6152395512390836,-17.62124723312363,-3.3215121414709472,-18.012518513645858,2.7062725902318636,0.39127128052222915,17.992787685184663,-9.9862953475457381,-24.409745343639923,-21.34534062147042,-22.077632981779619,7.6455800545114068,178.35501758052098,1.6011153547175327,-82.999348735711166
1806.596,-0.6152395512390836,-17.62124723312363,-2.0457404695466721,-17.740703472158117,1.4305009183075885,0.11945623903448777,17.992787685184663,-9.961946980917455,-24.409745343639923,-21.34534062147042,-22.077632981779619,7.3048217565430749,178.83294513234944,1.5661444067718771,-83.063177375519075
1806.606,-1.0564249605067757,-17.43137217935248,-0.81665698231125816,-17.371359634164918,-0.23976797819551754,-0.060012545187561273,18.05488495481429,-9.9254615164132201,-20.100625424360963,-19.467100953105618,-20.070119715836448,7.2658453570278354,179.0717337296625,1.3367877837434281,-83.087509646455302
1806.616,-1.0564249605067757,-17.43137217935248,-0.81665698231125816,-17.371359634164918,-0.23976797819551754,-0.060012545187561273,18.085957078517996,-9.9254615164132201,-19.467100953105618,-18.933701802310733,-19.517714830903902,7.2658453570278354,179.0717337296625,1.3367877837434281,-83.087509646455302
1806.626,-1.0564249605067757,-17.43137217935248,-0.99746274388888878,-17.137889336153123,-0.05896221661788692,-0.29348284319935658,18.085957078517996,-9.9026806874157032,-19.467100953105618,-18.933701802310733,-19.517714830903902,7.3177202271656494,179.02665639412729,1.5088576579713977,-82.868120588528228
1806.636,-1.0564249605067757,-17.43137217935248,-0.99746274388888878,-17.137889336153123,-0.05896221661788692,-0.29348284319935658,18.148148148147623,-9.9026806874157032,-19.088678620773305,-19.176729775740213,-19.749390134363413,7.3177202271656494,179.02665639412729,1.5088576579713977,-82.868120588528228
1806.646,-1.9212332820616238,-16.965221165985163,2.363931171940834,-17.604200290875283,-4.2851644540024578,0.63897912489012043,18.179267031851325,-9.8768834059513804,-19.176729775740213,-15.846470268058642,-16.42177216133085,9.2449881296874707,178.63162247324343,1.0946852550574961,-82.916503069569771
1806.656,-1.9212332820616238,-16.965221165985163,0.1225383647573608,-16.901060046102998,-2.0437716468189846,-0.064161119882164996,18.179267031851325,-9.8162718344766393,-19.176729775740213,-15.846470268058642,-16.42177216133085,9.8697512806183738,178.18986632843021,1.1171046125378497,-82.893300229328261
1806.666,-2.3456678065861185,-16.775175275061436,0.74781450216187295,-16.366211488088396,-3.0934823087479915,-0.40896378697303959,18.241551341480953,-9.8162718344766393,-18.119012976723592,-17.524902203022783,-18.06847259232449,10.788573082037061,177.5093303664533,1.2778458136357476,-82.766284753361774
1806.676,-2.3456678065861185,-16.775175275061436,-0.83483720719590337,-16.651045562328704,-1.5108305993902151,-0.12412971273273143,18.272716705184656,-9.7814760073380587,-17.524902203022783,-19.138734707195372,-19.664481773286056,11.191053013062181,177.13314329635648,1.3210930199928228,-82.722292814561371
1806.686,-2.3456678065861185,-16.775175275061436,-1.6061863024230831,-16.389540113697848,-0.73948150416303537,-0.385635161363588,18.30389749999947,-9.7029572627599645,-17.556082997837596,-19.16993090201019,-19.696613391945316,11.381997990589458,176.94313445221255,1.4553628284903937,-82.585537376645618
1806.696,-2.765579767363321,-16.59886271923349,-0.52341035057278873,-16.082539325746453,-2.2421694167905324,-0.51632339348703837,18.335093694814287,-9.6592582628906847,-19.94127999723737,-20.349973613540318,-20.948212013457439,12.083895608413465,176.30592800005769,1.9628081352551974,-82.097738043783863
1806.706,-2.765579767363321,-16.59886271923349,-1.6712344403471207,-16.442163171550462,-1.0943453270162005,-0.15669954768302929,18.366305258517986,-9.6126169593831943,-20.349973613540318,-18.920942510572257,-19.531441718978467,12.368463976936301,176.02837792339216,2.0173980612674565,-82.042754779742964
1806.716,-2.765579767363321,-16.59886271923349,-1.6712344403471207,-16.442163171550462,-1.0943453270162005,-0.15669954768302929,18.397532159999468,-9.6126169593831943,-18.920942510572257,-20.100008808494735,-20.667637083811904,12.368463976936301,176.02837792339216,2.0173980612674565,-82.042754779742964
1806.728,-3.181086930091543,-16.41740682619454,-0.74557861468909437,-15.432124267668314,-2.4355083154024486,-0.98528255852622593,18.428774368147614,-9.455185755993174,-20.100008808494735,-20.691139059085376,-21.294139323340218,13.149533561293214,175.28524688771776,2.5528164607593693,-81.531276597495193
1806.736,-3.181086930091543,-16.41740682619454,-1.9930511423928863,-15.564602261886108,-1.1880357876986567,-0.85280456430843188,18.460031851851316,-9.3969262078590923,-20.691139059085376,-19.236883194688559,-19.85761736646112,13.456333432869849,174.98262941641764,2.8498707471761944,-81.23330968884629
1806.746,-3.181086930091543,-16.41740682619454,-1.9930511423928863,-15.564602261886108,-1.1880357876986567,-0.85280456430843188,18.491304579999465,-9.3969262078590923,-19.236883194688559,-20.515643663873831,-21.092750159714488,13.456333432869849,174.98262941641764,2.8498707471761944,-81.23330968884629
1806.757,-3.9974543180143383,-16.037036800313732,0.86775658902547548,-15.559550381425368,-4.8652109070398133,-0.47748641888836474,18.522592521480945,-9.2718385456678796,-20.515643663873831,-21.155307119736086,-21.770776429652301,14.880123485396362,173.61505154650061,3.3138700891536232,-80.777543623951033
1806.766,-3.9974543180143383,-16.037036800313732,0.86775658902547548,-15.559550381425368,-4.8652109070398133,-0.47748641888836474,18.553895645184646,-9.2718385456678796,-21.155307119736086,-17.717457330973986,-18.352116544566069,14.880123485396362,173.61505154650061,3.3138700891536232,-80.777543623951033
1806.783,-3.9974543180143383,-16.037036800313732,-1.6254089145920432,-15.252477967183054,-2.3720454034222951,-0.78455883313067787,18.58521391999946,-9.2050485345243995,-17.717457330973986,-20.24195622940632,-20.773479949335538,15.491522212210294,173.0106763756709,3.5871433922258773,-80.504162174357049
1806.786,-3.9974543180143383,-16.037036800313732,-2.8407706545400799,-15.131048388706589,-1.1566836634742583,-0.90598841160714372,18.616547314814277,-9.1354545764260102,-20.24195622940632,-21.488666453058059,-22.095925139940249,15.78832908189437,172.71464125251825,3.9026686139504236,-80.188424542367088
1806.796,-4.39892345963845,-15.854920751657142,-1.6181261606407418,-15.067610955566025,-2.7807972989977081,-0.78730979609111706,18.616547314814277,-9.0630778703665058,-20.24195622940632,-21.488666453058059,-22.095925139940249,16.503513841826937,172.00469108689165,4.1780489835226158,-79.915334047578568
1806.806,-4.39892345963845,-15.854920751657142,-3.0430450501247037,-14.892231575100737,-1.3558784095137462,-0.96268917655640429,18.67925933999946,-9.0630778703665058,-20.297385500640203,-21.753682958272311,-22.362604523291516,16.851248463892766,171.65756363828976,4.5133287991194235,-79.579967292840749
1806.816,-4.794394854065225,-15.636885607000986,-1.8990211828462122,-14.236900520211165,-2.895373671219013,-1.3999850867898207,18.710637908147607,-8.8294759285892734,-21.753682958272311,-22.479833552342033,-23.132444041090203,17.763810255382694,170.74754850209237,5.1036975163465614,-78.991612980096988
1806.826,-4.794394854065225,-15.636885607000986,-3.3826846226821772,-14.40614474240104,-1.4117102313830481,-1.2307408645999462,18.710637908147607,-8.8294759285892734,-21.753682958272311,-22.479833552342033,-23.132444041090203,18.12567557301422,170.3859741748854,5.5323285982516648,-78.562932371580814
1806.836,-4.794394854065225,-15.636885607000986,-3.3826846226821772,-14.40614474240104,-1.4117102313830481,-1.2307408645999462,18.773439999999457,-8.8294759285892734,-20.672461182845669,-22.187548084163112,-22.807721919648483,18.12567557301422,170.3859741748854,5.5323285982516648,-78.562932371580814
1806.847,-4.794394854065225,-15.636885607000986,-4.4587842347313824,-14.690756197028179,-0.33561061933384284,-0.94612940997280681,18.804863461480934,-8.6602540378443837,-22.910938162444566,-23.295086059916024,-23.982414204789361,18.388042412723596,170.12362170327825,5.9919078227371552,-78.103290201523649
1806.857,-4.794394854065225,-15.636885607000986,-4.4587842347313824,-14.690756197028179,-0.33561061933384284,-0.94612940997280681,18.804863461480934,-8.6602540378443837,-22.910938162444566,-23.295086059916024,-23.982414204789361,18.388042412723596,170.12362170327825,5.9919078227371552,-78.103290201523649
1806.867,-5.572207229494289,-15.198535934191366,-2.9769219094566779,-14.098008236882535,-2.5952853200376111,-1.1005276973088307,18.867755059999453,-8.4804809615642682,-23.326539294730836,-19.148471565928791,-19.848267744770716,20.418790188349142,168.09672832839126,6.622007809877811,-77.473982717441359
1806.876,-5.572207229494289,-15.198535934191366,-4.3068308702860065,-13.95264325794254,-1.2653763592082825,-1.2458926762488254,18.899223134814267,-8.2903757255504189,-19.148471565928791,-21.907627927974648,-22.482082074952512,20.743029678627629,167.77253853571497,7.0559114241044307,-77.040066592903031
1806.886,-5.95154446077098,-14.95506366055405,-2.5208469120460393,-12.919506557917529,-3.4306975487249405,-2.0355571026365205,18.899223134814267,-8.2903757255504189,-19.148471565928791,-21.907627927974648,-22.482082074952512,21.622227459388508,166.89371647009472,7.7650101995839584,-76.331319973818822
1806.896,-5.95154446077098,-14.95506366055405,-2.5208469120460393,-12.919506557917529,-3.4306975487249405,-2.0355571026365205,18.96220367999945,-8.2903757255504189,-23.269034550285458,-21.51456300019364,-22.212634036702202,21.622227459388508,166.89371647009472,7.7650101995839584,-76.331319973818822
1806.906,-5.95154446077098,-14.95506366055405,-4.2788548551155827,-14.337342352111477,-1.672689605655397,-0.61772130844257234,18.9937160881476,-8.0901699437494674,-23.300546958433607,-21.54609012389734,-22.245106532650347,22.0508244018304,166.4651643648283,7.9801425794859737,-76.116185224725697
1806.916,-5.95154446077098,-14.95506366055405,-5.1359981001216113,-12.765548750455764,-0.81554636064936847,-2.1895149100982856,19.0252432118513,-8.0901699437494674,-23.304098066966883,-24.192783120121057,-24.891906062130062,22.259784592978143,166.25620796036659,8.7426789449293771,-75.353638544827447
1806.926,-6.327088319734903,-14.714026109653107,-3.1436955255795453,-14.290683986223229,-3.1833927941553579,-0.42334212342987776,19.056785019999445,-7.9863551004729283,-24.192783120121057,-22.232037007060477,-22.957820500664109,23.075509919227734,165.44064593050413,8.8901342232077063,-75.206220467050017
1806.936,-6.327088319734903,-14.714026109653107,-5.5703333178644527,-12.211042947189227,-0.75675500187045053,-2.5029831624638792,19.08834148148093,-7.7714596145697223,-23.863319152023813,-24.690245883049084,-25.406145457609799,23.667094015295945,164.84908294553355,10.168136526605901,-73.928210525151286
1806.946,-6.327088319734903,-14.714026109653107,-5.5703333178644527,-12.211042947189227,-0.75675500187045053,-2.5029831624638792,19.11991256518463,-7.7714596145697223,-23.894890235727512,-24.721831557863897,-25.438678264935721,23.667094015295945,164.84908294553355,10.168136526605901,-73.928210525151286
1806.956,-6.694146951507284,-14.42243986090838,-3.0423371163688273,-13.954490972047005,-3.6518098351384563,-0.46794888886137542,19.151498239999444,-7.5470958022277257,-24.721831557863897,-22.225435591183086,-22.967090537919002,24.602800540467189,163.91347022471035,10.33111841591208,-73.765249342257704
1806.966,-7.05072858744542,-14.086391297866705,-1.5532063261496205,-12.036811572434345,-5.4975222612957992,-2.0495797254323591,19.151498239999444,-7.4314482547739544,-24.721831557863897,-22.225435591183086,-22.967090537919002,26.011416428153364,162.50495867514019,11.044942613244471,-73.051469347775537
1806.976,-7.05072858744542,-14.086391297866705,-4.3703316468136677,-12.307939217115049,-2.680396940631752,-1.7784520807516557,19.214713238517966,-7.3135370161917246,-22.257050354886793,-20.79954882614906,-21.467260336795665,26.698188529620989,161.81819944924851,11.664319382268225,-72.43209184256412
1806.987,-7.05072858744542,-14.086391297866705,-5.743861942226232,-12.367580174848996,-1.3068666452191877,-1.7188111230177086,19.24634249999944,-7.1933980033865152,-20.79954882614906,-23.648317874961258,-24.27230433974573,27.033031805985711,161.48335748666193,12.262925060284296,-71.833485266010484
1806.996,-7.399654677818198,-13.729605632104915,-2.8457104257241781,-12.363410658390166,-4.5539442520940199,-1.3661949737147498,19.27798622814759,-7.0710678118654871,-23.648317874961258,-25.053506334077529,-25.762955870326365,28.199848475653631,160.31657055558509,12.738733819551133,-71.357691646415319
1807.006,-7.399654677818198,-13.729605632104915,-5.1793131539515969,-12.091710766242443,-2.2203415238666011,-1.6378948658624726,19.309644391851297,-6.9465837045899921,-25.053506334077529,-22.187027385723617,-22.938632575745942,28.768741369028394,159.74768123591952,13.309159060284367,-70.787266071101087
1807.016,-7.740405733517086,-13.34241388915067,-2.9999302676938839,-11.935007680458895,-4.7404754658232022,-1.4074062086917749,19.34131695999944,-6.8199836006249868,-25.658411901586994,-22.372934169174801,-23.142686526222413,30.260714849035516,158.25572394441201,14.405958522724204,-69.690474325063633
1807.027,-7.740405733517086,-13.34241388915067,-2.9999302676938839,-11.935007680458895,-4.7404754658232022,-1.4074062086917749,19.373003901480917,-6.8199836006249868,-25.690098843068473,-22.404635452878509,-23.175338418170561,30.260714849035516,158.25572394441201,14.405958522724204,-69.690474325063633
1807.036,-7.740405733517086,-13.34241388915067,-5.4291183494881636,-12.915314754964939,-2.3112873840289225,-0.42709913418573109,19.373003901480917,-6.5605902899050905,-25.690098843068473,-22.404635452878509,-23.175338418170561,30.852908798074001,157.66353190513738,14.554703184299548,-69.541729619775779
1807.053,-8.066121789216037,-12.883388492751973,-2.6007202112841128,-11.18877363242278,-5.4654015779319245,-1.6946148603291924,19.436420779999438,-6.2932039104983826,-24.865539129487601,-26.081654768607876,-26.827620942492505,32.541979078615,155.97447131868708,16.093405622081118,-68.003031956295729
1807.056,-8.066121789216037,-12.883388492751973,-2.6007202112841128,-11.18877363242278,-5.4654015779319245,-1.6946148603291924,19.468150654814252,-6.2932039104983826,-26.081654768607876,-22.100614989802065,-22.8830646328603,32.541979078615,155.97447131868708,16.093405622081118,-68.003031956295729
1807.066,-8.388580684357999,-12.428953350317261,-0.85703789608336933,-11.022411107811934,-7.5315427882746295,-1.4065422425053278,19.49989477851795,-6.1566147532565996,-22.100614989802065,-20.388691016082802,-21.051709465776863,34.471699482860096,154.04476119805415,16.583259430169512,-67.513180420173001
1807.077,-8.388580684357999,-12.428953350317261,-4.7164682212992375,-10.636224828905881,-3.6721124630587614,-1.7927285214113802,19.49989477851795,-6.0181502315204796,-22.100614989802065,-20.388691016082802,-21.051709465776863,35.412560660400004,153.1039012927275,17.207608130779363,-66.888831669639259
1807.086,-8.388580684357999,-12.428953350317261,-6.598189206817807,-10.50027699806887,-1.7903914775401919,-1.9286763522483916,19.56342564814758,-6.0181502315204796,-24.279893869446816,-26.193401538669093,-26.921798354752497,35.871290874294765,152.64517121029226,17.879303005925479,-66.21713672509452
1807.097,-8.693453829470286,-11.913670561008031,-5.6068634831968751,-10.489449995229826,-3.086590346273411,-1.4242205657782048,19.595212331851286,-5.7357643635104765,-26.193401538669093,-21.989836396928805,-22.775638443088877,38.284152147470849,150.23231347107338,18.399692210475987,-65.69674755871003
1807.106,-8.693453829470286,-11.913670561008031,-5.6068634831968751,-10.489449995229826,-3.086590346273411,-1.4242205657782048,19.62701313999943,-5.7357643635104765,-21.989836396928805,-25.265691524677788,-25.925386616585651,38.284152147470849,150.23231347107338,18.399692210475987,-65.69674755871003
1807.116,-8.693453829470286,-11.913670561008031,-7.1885421336416897,-10.060587258094323,-1.5049116958285964,-1.8530833029137082,19.62701313999943,-5.4463903501502742,-21.989836396928805,-25.265691524677788,-25.925386616585651,38.669737308379275,149.84672834387686,19.04506049980148,-65.051379233191113
1807.127,-8.987035154406508,-11.362103558511796,-5.7969050321426039,-9.0087052567584109,-3.1901301222639038,-2.3533983017533853,19.69065700518461,-5.1503807491005338,-26.879199138826301,-22.166543340799748,-22.972919314964539,41.163537253743989,147.3529303979987,20.876221924137383,-63.220219184755045
1807.136,-8.987035154406508,-11.362103558511796,-7.4316411540867477,-9.1598095948905325,-1.5553940003197599,-2.2022939636212637,19.69065700518461,-5.1503807491005338,-26.879199138826301,-22.166543340799748,-22.972919314964539,41.562056868701795,146.95441080194288,21.643208862107496,-62.453232223042754
1807.147,-8.987035154406508,-11.362103558511796,-8.2286803526426127,-10.693783470389441,-0.75835480176389503,-0.66832008812235522,19.75435699481424,-5.0000000000000009,-25.551262026956845,-27.217869112604699,-27.984406973413403,41.756360855236025,146.76010681343161,21.87596288424594,-62.220478193691378
1807.156,-8.987035154406508,-11.362103558511796,-8.2286803526426127,-10.693783470389441,-0.75835480176389503,-0.66832008812235522,19.78622795851795,-5.0000000000000009,-27.217869112604699,-28.04679321264204,-28.863329286020182,41.756360855236025,146.76010681343161,21.87596288424594,-62.220478193691378
1807.166,-9.268626718903564,-10.7769898578018,-2.7661518765881112,-9.6554843554012422,-6.5024748423154524,-1.1215055024005576,19.818112859999427,-4.694715627858896,-22.584264736587539,-25.948262906401425,-26.625790848499051,43.422411048451416,145.0940576153267,22.266546725099147,-61.82989467609999
1807.177,-9.268626718903564,-10.7769898578018,-7.7228643838662094,-9.7472764565570387,-1.5457623350373542,-1.0297134012447611,19.850011668147573,-4.383711467890782,-22.616163544735684,-25.980175590105123,-26.658660496447194,44.63076949343921,143.88569930019898,23.806896454415245,-60.289544925657502
1807.187,-9.526999757103406,-10.125773559853066,-2.0028053179463825,-7.3544661481763285,-7.5241944391570232,-2.7713074116767373,19.850011668147573,-4.383711467890782,-22.616163544735684,-25.980175590105123,-26.658660496447194,46.558602245396351,141.95786720792717,24.772052453121706,-59.324389498885907
1807.196,-9.759486460670724,-9.40715841296132,1.3276811434076734,-9.2847782683478073,-11.087167604078397,-0.12238014461351199,19.913850879999423,-4.2261826174070123,-27.636715263865632,-21.948596539427282,-22.77769799734325,49.399332146046511,139.11713809745186,24.814673473794691,-59.281768517482533
1807.206,-9.759486460670724,-9.40715841296132,1.3276811434076734,-9.2847782683478073,-11.087167604078397,-0.12238014461351199,19.9457912214809,-4.2261826174070123,-21.948596539427282,-18.650064201776932,-19.308522097959749,49.399332146046511,139.11713809745186,24.814673473794691,-59.281768517482533
1807.216,-9.759486460670724,-9.40715841296132,-4.3537778487735324,-7.7947317647271888,-5.4057086118971913,-1.6124266482341305,19.9457912214809,-3.9073112848927432,-21.948596539427282,-18.650064201776932,-19.308522097959749,50.784370871159886,137.73209946880726,25.37622893244734,-58.720213065203957
1807.226,-9.976932917694459,-8.661719311685339,-4.9513778037803462,-6.1593269677867326,-5.0255551139141126,-2.502392343898606,20.009713219999426,-3.7460659341591365,-18.682032076591753,-24.395472663587768,-24.955933625885521,54.712964414697211,133.80350631816617,27.269056258144069,-56.82738914819442
1807.237,-9.976932917694459,-8.661719311685339,-7.5266509771917498,-7.9023297387967553,-2.450281940502709,-0.75938957288858333,20.041694814814235,-3.5836794954529956,-24.993072618594582,-27.600341075709689,-28.350133254267526,55.340770222879129,133.17570051346098,27.533526818168117,-56.562918602896055
1807.246,-9.976932917694459,-8.661719311685339,-7.5266509771917498,-7.9023297387967553,-2.450281940502709,-0.75938957288858333,20.041694814814235,-3.5836794954529956,-24.993072618594582,-27.600341075709689,-28.350133254267526,55.340770222879129,133.17570051346098,27.533526818168117,-56.562918602896055
1807.256,-10.178760798522022,-7.887124148053108,-1.0363110303921985,-6.807419045269139,-9.1424497681298238,-1.0797051027839686,20.10569903999942,-3.2556815445715803,-25.057076843779765,-27.664372585339315,-28.416084890652709,57.683228519398739,130.83324239055861,27.90955578893298,-56.186895539658515
1807.266,-10.178760798522022,-7.887124148053108,-8.0054260665236257,-5.1372163270596296,-2.1733347319983967,-2.749907820993478,20.137721608147565,-3.0901699437494976,-25.858949051208036,-28.175183838374895,-28.950952309911138,59.382174850099496,129.13429608160209,30.123679825094218,-53.972772218002724
1807.276,-10.37857040054131,-7.120274936057198,-1.4506280142608006,-7.052677555060658,-8.9279423862805096,-0.067597380996540224,20.16975777185127,-2.9237170472273677,-28.175183838374895,-21.652435514260215,-22.497691029411463,61.669672511539957,126.84679853657943,30.147222681897279,-53.949231131678992
1807.286,-10.37857040054131,-7.120274936057198,-1.4506280142608006,-7.052677555060658,-8.9279423862805096,-0.067597380996540224,20.16975777185127,-2.9237170472273677,-28.175183838374895,-21.652435514260215,-22.497691029411463,61.669672511539957,126.84679853657943,30.147222681897279,-53.949231131678992
1807.296,-10.37857040054131,-7.120274936057198,-6.0256232163012982,-5.4352325021409591,-4.352947184240012,-1.6850424339162391,20.233870761480894,-2.5881904510252292,-21.684498775741694,-26.291570741485899,-26.942105704758148,62.784974994516681,125.73149606723329,30.734068705088518,-53.362386089343836
1807.307,-10.532345988248084,-6.274155612021298,-0.88259860055478612,-4.2574764488163481,-9.6497473876932975,-2.0166791632049499,20.233870761480894,-2.4192189559967092,-21.684498775741694,-26.291570741485899,-26.942105704758148,65.8011937315447,122.71527740141016,32.783187977029023,-51.313578756948203
1807.317,-10.684583820077789,-5.436497481225757,2.5491089265924955,-5.663744877933901,-13.233692746670284,0.22724739670814387,20.29803775999941,-2.249510543438658,-21.180636360554196,-17.781032508221731,-18.416451599038357,69.191901192276305,119.32457003630917,32.70394938826994,-51.392628804082484
1807.326,-10.684583820077789,-5.436497481225757,2.5491089265924955,-5.663744877933901,-13.233692746670284,0.22724739670814387,20.29803775999941,-2.249510543438658,-21.180636360554196,-17.781032508221731,-18.416451599038357,69.191901192276305,119.32457003630917,32.70394938826994,-51.392628804082484
1807.337,-10.684583820077789,-5.436497481225757,-7.5386825806055668,-3.2384820602664313,-3.1459012394722219,-2.1980154209593259,20.36225851851793,-1.9080899537654774,-24.594564414203287,-27.933071560604976,-28.670908493031074,71.651125381893905,116.86534585876402,34.036521606709755,-50.060113748732455
1807.346,-10.684583820077789,-5.436497481225757,-7.5386825806055668,-3.2384820602664313,-3.1459012394722219,-2.1980154209593259,20.36225851851793,-1.9080899537654774,-24.594564414203287,-27.933071560604976,-28.670908493031074,71.651125381893905,116.86534585876402,34.036521606709755,-50.060113748732455
1807.356,-10.803265661796418,-4.561293504376363,-0.39871450764796634,-3.0682364881062867,-10.404551154148452,-1.4930570162700763,20.426532788147558,-1.7364817766693086,-27.965215368753125,-20.857404419499229,-21.696360880561823,74.31695642586169,114.19951484904199,34.560321567438393,-49.5438362906119
1807.366,-10.803265661796418,-4.561293504376363,-8.3299053536998429,-2.1816512676956528,-2.4733603080965754,-2.3796422366807102,20.458689911851263,-1.3917310096006812,-26.189066470984766,-28.820765673699249,-29.606437667828793,76.250439719558997,112.26603155912998,36.144896462122787,-47.959660922702554
1807.376,-10.803265661796418,-4.561293504376363,-8.3299053536998429,-2.1816512676956528,-2.4733603080965754,-2.3796422366807102,20.458689911851263,-1.3917310096006812,-26.189066470984766,-28.820765673699249,-29.606437667828793,76.250439719558997,112.26603155912998,36.144896462122787,-47.959660922702554
1807.386,-10.904100447414134,-3.6749440834821008,-5.9454475215389877,0.2480000520600445,-4.9586529258751462,-3.9229441355421453,20.52304398148089,-0.87155742747657028,-28.852949335180732,-21.289089808900933,-22.154678288956354,80.12673407992601,108.38973722422746,38.063009546468891,-46.090610525222779
1807.396,-10.904100447414134,-3.6749440834821008,-8.4864376363661123,-0.74717679550902361,-2.4176628110480216,-2.9277672879730772,20.52304398148089,-0.87155742747657028,-28.852949335180732,-21.289089808900933,-22.154678288956354,80.746182284689468,107.77028901946929,39.083960318632066,-45.070973357313292
1807.406,-10.969609045488228,-2.7685434353949283,-0.66132757129866349,-3.0821461649316824,-10.308281474189565,0.31360272953675405,20.587450939999407,-0.69756473744125247,-26.532898461538394,-29.10611181118033,-29.902098765026484,83.387347313820712,105.12912400319223,38.943348450193056,-45.149404422682551
1807.416,-10.969609045488228,-2.7685434353949283,-0.66132757129866349,-3.0821461649316824,-10.308281474189565,0.31360272953675405,20.619674174814218,-0.69756473744125247,-29.10611181118033,-21.313238109816584,-22.186421464151994,83.387347313820712,105.12912400319223,38.943348450193056,-45.149404422682551
1807.426,-11.016897093805639,-1.8584331577718136,3.1574451566287784,-2.9126599454857782,-14.174342250434417,1.0542267877139646,20.65191053851792,-0.52335956242944859,-21.313238109816584,-17.52671484337062,-18.166111986665118,87.019065864238783,101.49740546862321,37.938971396256882,-44.865827219994586
1807.436,-11.016897093805639,-1.8584331577718136,-4.105991926399529,-0.43634802560545261,-6.9109051674061099,-1.422085132166361,20.684159999999398,-0.17452406437283161,-21.345487571298062,-17.558977371518768,-18.199341998657712,88.789762663291668,99.726708670941747,38.462513859666529,-44.375816282388833
1807.446,-11.016897093805639,-1.8584331577718136,-7.6473855221788405,2.0617124886500733,-3.3695115716267985,-3.9201456464218869,20.716422528147547,-7.3478807948841184e-15,-17.558977371518768,-24.854690018250775,-25.381459339396336,89.653091446837976,98.863379887233734,39.893831566501476,-43.012561887012552
1807.456,-11.04592208028396,-0.94580568851065,-0.24776839908296999,-8.1557955377112545,-10.79815368120099,7.2099898492006043,20.748698091851246,0.17452406437285242,-24.854690018250775,-28.428372182178236,-29.174012882725759,92.419770442375693,96.096700896145748,25.70195706958182,-30.600325095256508
1807.466,-11.04592208028396,-0.94580568851065,-8.4789949426615987,-1.0772153062490744,-2.5669271376223612,0.13140961773842441,20.780986659999396,0.52335956242943393,-26.562113044299998,-29.292283144142473,-30.089146535471475,94.426397101341507,94.090074237023941,25.444225248830755,-30.781726530934428
1807.477,-11.056678754920725,-0.03515653374571215,-0.68788815474043896,-19.128896435138039,-10.368790600180287,19.093739901392325,20.813288201480876,0.6975647374412377,-26.594414585781479,-29.324597627846181,-30.122430065419625,97.083065638437191,91.433405700690173,11.471236723720127,-13.219019635187923
1807.486,-11.056678754920725,-0.03515653374571215,-0.68788815474043896,-19.128896435138039,-10.368790600180287,19.093739901392325,20.813288201480876,0.6975647374412377,-26.594414585781479,-29.324597627846181,-30.122430065419625,97.083065638437191,91.433405700690173,11.471236723720127,-13.219019635187923
1807.496,-11.056678754920725,-0.03515653374571215,-6.0012252268465902,-4.0310458070646646,-5.0554535280741346,3.9958892733189524,20.877930079999395,0.87155742747659115,-29.356925022660995,-21.598158509554647,-22.478866260234476,98.378362731685868,90.138108607068716,8.7036217880401772,-13.279282254540115
1807.506,-11.056678754920725,-0.03515653374571215,-9.8549010031596573,0.12249650899041065,-1.2017777517610675,-0.15765304273612279,20.91027035481421,1.2186934340514626,-26.911495581660798,-29.534442891589432,-30.341787759039256,99.317820357510897,89.198650980815984,9.168443065624146,-13.262994203075261
1807.516,-11.056678754920725,-0.03515653374571215,-9.8549010031596573,0.12249650899041065,-1.2017777517610675,-0.15765304273612279,20.91027035481421,1.2186934340514626,-26.911495581660798,-29.534442891589432,-30.341787759039256,99.317820357510897,89.198650980815984,9.168443065624146,-13.262994203075261
1807.529,-11.067327862811123,0.8663861294715763,-6.3808488479109204,0.44851789675139742,-4.6864790149002022,0.41786823272017892,20.974989419999392,1.56434465040231,-30.82989042315905,-22.462676181698484,-23.387572894393255,102.98135002724891,85.535121311396409,7.7509063534379861,-7.7584807423957631
1807.537,-11.067327862811123,0.8663861294715763,-6.3808488479109204,0.44851789675139742,-4.6864790149002022,0.41786823272017892,20.974989419999392,1.56434465040231,-30.82989042315905,-22.462676181698484,-23.387572894393255,102.98135002724891,85.535121311396409,7.7509063534379861,-7.7584807423957631
1807.546,-11.067327862811123,0.8663861294715763,-8.7823673709221683,2.4652240649489237,-2.2849604918889543,-1.5988379354773472,21.039759631851243,1.7364817766692942,-27.420608479762166,-29.854531210921557,-30.677149465314422,103.56679753787708,84.949673800514546,8.4973678354345061,-8.280699882926017
1807.557,-11.023419090001056,1.7726500019355356,-0.89062366287180339,1.0513044173300266,-10.132795427129253,0.72134558460550902,21.072163839999387,1.9080899537654283,-29.854531210921557,-21.995204404352677,-22.890840340680324,106.1629999096842,82.353471418784721,8.3708556398872336,-7.8823464093363382
1807.566,-11.023419090001056,1.7726500019355356,-8.6146603030659037,3.9375804516578583,-2.4087587869351523,-2.1649304497223225,21.104580741480873,2.0791169081775975,-27.187609156507492,-29.751670608250475,-30.5672988829457,108.04598268832872,80.470488637876244,9.7179235754439048,-9.1568954719018016
1807.577,-11.023419090001056,1.7726500019355356,-8.6146603030659037,3.9375804516578583,-2.4087587869351523,-2.1649304497223225,21.13701030518457,2.0791169081775975,-27.220038720211189,-29.784112803065291,-30.600713964671627,108.04598268832872,80.470488637876244,9.7179235754439048,-9.1568954719018016
1807.586,-10.863823526622863,3.562357428431837,8.0480803130141609,1.9310800994743538,-18.911903839637024,1.6312773289574833,21.13701030518457,2.4192189559966604,-27.220038720211189,-29.784112803065291,-30.600713964671627,112.89154871796617,75.624922530644341,9.2560304299186758,-8.481438659033179
1807.596,-10.863823526622863,3.562357428431837,-1.6430518203056224,6.4683639755418518,-9.2207717063172403,-2.9060065471100147,21.201907294814202,2.5881904510251803,-29.816567597880105,-13.18629434550374,-14.080791373440142,115.25407439366803,73.262396843538411,10.268772241109772,-9.4944443650413284
1807.606,-10.863823526622863,3.562357428431837,-6.3681031813827573,6.1339609608671246,-4.4957203452401053,-2.5716035324352875,21.2343746585179,2.7563735581699884,-22.877426478823523,-27.634957741382138,-28.321280535746844,116.40595789112567,72.11051334397321,11.165808208685981,-10.390045640611021
1807.616,-10.748542103632841,4.440735256688107,-5.4533728251276727,6.5906224074697057,-5.2951692785051687,-2.1498871507815984,21.26685455999938,3.0901699437494501,-21.154946432886625,-26.752719793275205,-27.387368186261803,120.54531487443569,67.971156309174788,12.458132812658789,-11.689131650435014
1807.626,-10.748542103632841,4.440735256688107,-5.4533728251276727,6.5906224074697057,-5.2951692785051687,-2.1498871507815984,21.26685455999938,3.0901699437494501,-21.154946432886625,-26.752719793275205,-27.387368186261803,120.54531487443569,67.971156309174788,12.458132812658789,-11.689131650435014
1807.636,-10.748542103632841,4.440735256688107,-8.1668058871771478,6.7576827036060898,-2.5817362164556936,-2.3169474469179825,21.33185185185124,3.2556815445715657,-26.785224676978913,-29.53117506717653,-30.334731807485898,121.20680160271208,67.309669579568592,13.265272800533189,-12.496047638572254
1807.646,-10.6161365157719,5.30717573746429,-5.8425091682574504,7.4042145943860582,-4.7736273475144504,-2.0970388569217686,21.364369179999382,3.4202014332566764,-26.817742005127055,-29.563704808658013,-30.368237068811826,124.93845711699981,63.578013996178086,14.513452333684272,-13.745682322209413
1807.656,-10.6161365157719,5.30717573746429,-8.2886855959797998,5.9435548924474375,-2.3274509197921009,-0.6363791549831479,21.396898921480865,3.5836794954529823,-22.222273424268561,-27.271950213442018,-27.938618416170076,125.53479143025432,62.98167968123127,14.735093199133757,-13.967312316534812
1807.667,-10.6161365157719,5.30717573746429,-9.4813542234642085,7.1350755415352509,-1.1347822923076922,-1.8278998040709613,21.429441045184568,3.7460659341590894,-29.718126641164368,-30.943349743463589,-31.83489354269852,125.82554283284128,62.690928278167334,15.371722016568302,-14.60390986326933
1807.676,-10.28335989460207,6.982766156978725,6.6930473094103462,7.4850526365414858,-16.976407204012418,-0.50228647956276085,21.46199551999938,4.0673664307579847,-30.943349743463589,-14.801515005403846,-15.729815497707754,130.1752000352771,58.341270652968639,15.546583127262572,-14.778908947996278
1807.686,-10.28335989460207,6.982766156978725,6.6930473094103462,7.4850526365414858,-16.976407204012418,-0.50228647956276085,21.494562314814193,4.0673664307579847,-30.975916538278401,-14.834094089107552,-15.763371585255904,130.1752000352771,58.341270652968639,15.546583127262572,-14.778908947996278
1807.696,-10.28335989460207,6.982766156978725,-6.2477440220625908,9.5922201813019257,-4.0356158725394788,-2.6094540243232007,21.527141398517898,4.3837114678907687,-14.834094089107552,-23.56600024805002,-24.011023070723247,133.32993481178551,55.186535808137997,17.627441562824892,-16.859768410699328
1807.706,-10.28335989460207,6.982766156978725,-6.2477440220625908,9.5922201813019257,-4.0356158725394788,-2.6094540243232007,21.527141398517898,4.3837114678907687,-14.834094089107552,-23.56600024805002,-24.011023070723247,133.32993481178551,55.186535808137997,17.627441562824892,-16.859768410699328
1807.717,-10.101617071503584,7.802301352103412,-5.2351233116115878,9.8338824962500269,-4.8664937598919966,-2.0315811441466147,21.592336308147527,4.5399049973954533,-21.712721342217439,-26.860075383462814,-27.511457023729335,137.13418606067643,51.382284287601905,18.8739494223233,-18.10629066375315
1807.726,-10.101617071503584,7.802301352103412,-5.2351233116115878,9.8338824962500269,-4.8664937598919966,-2.0315811441466147,21.592336308147527,4.5399049973954533,-21.712721342217439,-26.860075383462814,-27.511457023729335,137.13418606067643,51.382284287601905,18.8739494223233,-18.10629066375315
1807.736,-10.101617071503584,7.802301352103412,-7.7288877906987921,8.4188160029222416,-2.3727292808047924,-0.6165146508188295,21.657579999999374,4.8480962024633678,-21.777965034069286,-26.925343373092442,-27.578682324114521,137.74212149344476,50.774348848880983,19.08866137680786,-18.321002547341863
1807.747,-10.101617071503584,7.802301352103412,-8.9447586601428526,11.071304288012222,-1.1568584113607319,-3.2690029359088095,21.690220061480854,5.0000000000000187,-29.419107852179646,-30.667630885327409,-31.550204120892797,138.0385291899766,50.477941150841502,20.227148530172514,-19.4594893240311
1807.756,-9.88634468107784,8.60100789588137,-5.8220873552681951,10.624456139853109,-4.0642573258096455,-2.0234482439717389,21.690220061480854,5.1503807491005515,-29.419107852179646,-30.667630885327409,-31.550204120892797,141.2156534896545,47.300816446890153,21.528204998828834,-20.760549517301516
1807.767,-9.88634468107784,8.60100789588137,-5.8220873552681951,10.624456139853109,-4.0642573258096455,-2.0234482439717389,21.755536459999366,5.1503807491005515,-23.306044826054023,-27.610300090082379,-28.309481434864001,141.2156534896545,47.300816446890153,21.528204998828834,-20.760549517301516
1807.776,-9.638606540505958,9.365124640645865,-0.26358943701195869,9.2150534623731204,-9.3750171034939989,0.15007117827274463,21.788212734814184,5.4463903501502617,-27.610300090082379,-22.084490455529846,-22.912799458232318,143.61769920720008,44.898769964453763,21.475940154075509,-20.708284597448099
1807.786,-9.3763955891615,10.110533709426853,2.386409912172212,12.27967912655393,-11.762805501333712,-2.1691454171270763,21.788212734814184,5.5919290347074799,-27.610300090082379,-22.084490455529846,-22.912799458232318,146.63153821517452,41.884929062973058,22.231382364163906,-21.46372716777153
1807.796,-9.3763955891615,10.110533709426853,-3.6412699540398989,12.224181205050009,-5.7351256351216016,-2.1136474956231552,21.853601279999364,5.5919290347074799,-19.467191367827152,-25.527583442187414,-26.111599183222229,148.100979263266,40.41548775207481,22.967496638882771,-22.199841452317159
1807.806,-9.3763955891615,10.110533709426853,-6.5801522919458364,10.751952658780034,-2.7962432972156641,-0.64141894935318078,21.886313488147515,5.735764363510464,-25.527583442187414,-28.49918990379706,-29.265017407062683,148.81742650266276,39.699040470819071,23.19088187516909,-22.423226691072976
1807.816,-9.100219292669262,10.831307704839709,-0.80530527378977013,11.743535664484575,-8.2949140188794921,-0.91222795964486636,21.919037611851223,5.8778525229247247,-28.49918990379706,-22.757078893789132,-23.612054590903043,150.9427299108913,37.573734896642684,23.50858096788518,-22.740925914720506
1807.826,-9.100219292669262,10.831307704839709,-7.1283599569620293,14.13412668395533,-1.9718593357072329,-3.3028189791156208,21.95177361999936,6.2932039104983701,-22.757078893789132,-27.040435684696913,-27.723148051510588,152.48417805573882,36.032286401263981,25.250102049708012,-24.482447039740357
1807.836,-9.100219292669262,10.831307704839709,-8.1388108050177408,13.199490664098519,-0.96140848765152143,-2.3681829592588102,21.98452148148085,6.427876096865381,-29.11288143844288,-30.15609197020229,-31.029478413355577,152.73050800301158,35.785956443139462,26.074862698117403,-25.307207708064301
1807.846,-9.100219292669262,10.831307704839709,-8.1388108050177408,13.199490664098519,-0.96140848765152143,-2.3681829592588102,22.01728116518455,6.427876096865381,-29.145641122146579,-30.188863445017102,-31.063232678681498,152.73050800301158,35.785956443139462,26.074862698117403,-25.307207708064301
1807.856,-8.826804759141947,11.544873960298439,-1.4958053789374759,12.896691690238512,-7.3309993802044708,-1.3518177299400733,22.01728116518455,6.560590289905079,-29.145641122146579,-30.188863445017102,-31.063232678681498,154.60883875297884,33.907622338663508,26.545656439587077,-25.778001766019681
1807.866,-8.826804759141947,11.544873960298439,-5.2524701524828714,13.282245841575389,-3.5743346066590753,-1.7373718812769496,22.082835874814172,6.560590289905079,-23.578641253751648,-27.368100991000748,-28.075460228613299,155.52464661810382,32.991814006422892,27.150726225483702,-26.383071579747753
1807.877,-8.826804759141947,11.544873960298439,-7.0840863104055387,12.07210626812396,-1.742718448736408,-0.52723230782552122,22.115630838517877,6.8199836006249761,-27.368100991000748,-29.232523810404899,-30.05356684013492,155.97116204281829,32.545298506605214,27.334343989501971,-26.566689351642637
1807.886,-8.524006444869977,12.211917400852565,-1.3066772188691402,14.298804823569867,-7.217329226000837,-2.086887422717302,22.14843749999936,6.8199836006249761,-29.232523810404899,-23.48793304701665,-24.364908761328795,157.82036682047982,30.69608702565138,28.061138126208096,-27.29348450232488
1807.896,-8.524006444869977,12.211917400852565,-5.0050933315502988,12.845215593574018,-3.5189131133196785,-0.63329819272145293,22.18125582814751,7.0710678118654755,-23.48793304701665,-27.219179123401506,-27.923817114812007,158.7219744922069,29.794478426102192,28.281695167125058,-27.514041562073924
1807.906,-8.524006444869977,12.211917400852565,-6.8083095316741549,14.914943622729659,-1.7156969131958224,-2.703026221877094,22.214085791851208,7.1933980033865037,-27.219179123401506,-29.055236891673509,-29.871812265375553,159.16156648770936,29.354886283990858,29.223070768386552,-28.45541723761006
1807.916,-7.8245417239086885,13.356422466439378,0.47582699947659535,14.445275504285206,-8.300368723385283,-1.0888530378458281,22.246927359999354,7.4314482547739216,-29.055236891673509,-24.055028280518876,-24.926685387269082,162.92912651886968,25.587272957190727,30.10808866029549,-29.34043940223884
1807.926,-7.8245417239086885,13.356422466439378,0.47582699947659535,14.445275504285206,-8.300368723385283,-1.0888530378458281,22.246927359999354,7.4314482547739216,-29.055236891673509,-24.055028280518876,-24.926685387269082,162.92912651886968,25.587272957190727,30.10808866029549,-29.34043940223884
1807.936,-7.8245417239086885,13.356422466439378,-5.8513854226817728,14.97099164893018,-1.9731563012269158,-1.6145691824908024,22.31264518518454,7.6604444311897693,-21.836818185707944,-26.123098191637069,-26.778202737208307,164.4715856140779,24.044807551973683,31.19611424322018,-30.428465350266244
1807.946,-7.8245417239086885,13.356422466439378,-5.8513854226817728,14.97099164893018,-1.9731563012269158,-1.6145691824908024,22.345521379999354,7.6604444311897693,-26.123098191637069,-28.22979447749594,-29.013487423245053,164.4715856140779,24.044807551973683,31.19611424322018,-30.428465350266244
1807.956,-7.473128924295953,13.904171374887675,-1.3849581330550507,14.979884858164638,-6.088170791240902,-1.0757134832769637,22.345521379999354,7.7714596145696913,-26.123098191637069,-28.22979447749594,-29.013487423245053,166.03145650678334,22.484882679818543,31.570747397352729,-30.803104062543625
1807.967,-7.473128924295953,13.904171374887675,-6.0258541320489769,14.340127902812327,-1.4472747922469757,-0.43595652792465245,22.411308178517874,7.9863551004729194,-23.796266311572925,-26.948971610887803,-27.662859600234992,167.16282070261224,21.353509929039998,32.222895357608778,-31.455252479016128
1807.976,-7.099151777612723,14.388292116138814,-1.9261616176140421,16.185447117162369,-5.1729901599986805,-1.7971550010235546,22.44421871999935,7.9863551004729194,-28.470072852048325,-24.403302265761539,-25.257404451322987,168.48818177388296,20.028045927590338,32.848775185846492,-32.081154079215928
1807.987,-7.099151777612723,14.388292116138814,-1.9261616176140421,16.185447117162369,-5.1729901599986805,-1.7971550010235546,22.477140648147497,7.9863551004729194,-28.502994780196474,-24.436235549465241,-25.291325392871137,168.48818177388296,20.028045927590338,32.848775185846492,-32.081154079215928
1807.996,-7.099151777612723,14.388292116138814,-4.5769848826649593,14.933666542367249,-2.5221668949477634,-0.54537442622843457,22.477140648147497,8.1915204428899173,-28.502994780196474,-24.436235549465241,-25.291325392871137,169.13439898957404,19.381814619605901,33.038711239188423,-32.27109042303973
1808.006,-7.099151777612723,14.388292116138814,-6.4995842235920236,16.049675067975514,-0.59956755402069906,-1.6613829518366998,22.543018539999345,8.29037572555041,-27.120003422664304,-28.445406966441013,-29.259007069120941,169.60309368815643,18.913117330380938,34.389479357275199,-33.621860384085323
1808.016,-7.099151777612723,14.388292116138814,-6.4995842235920236,16.049675067975514,-0.59956755402069906,-1.6613829518366998,22.575974441480824,8.29037572555041,-28.445406966441013,-29.108525828776553,-29.961888037769782,169.60309368815643,18.913117330380938,34.389479357275199,-33.621860384085323
1808.026,-6.315046888824805,15.226689430616196,1.5780278444495934,14.892642561621187,-7.893074733274398,0.33404686899500824,22.60894160518453,8.4804809615642611,-28.478374130144719,-29.141504223591362,-29.995855447495703,171.6248690813627,16.890194059185553,34.273156984427693,-33.505506811474177
1808.036,-6.315046888824805,15.226689430616196,-2.4666575892939306,17.026370105995525,-3.8483892995308739,-1.7996806753793297,22.641919999999338,8.5716730070211185,-21.063892155549745,-25.141567184108091,-25.773483948774583,172.6108193530944,15.904089101296639,34.899926459648128,-34.132281200196864
1808.046,-5.917855760417815,15.609812022499149,-0.60611019573354952,16.685027847518114,-5.3117455646842657,-1.0752158250189652,22.67490959481416,8.6602540378443944,-25.141567184108091,-23.314020554251414,-24.068267569774658,173.97115825464221,14.542490517378885,35.274310897262133,-34.50682712178191
1808.056,-5.917855760417815,15.609812022499149,-3.32802798013131,16.821913218563367,-2.5898277802865053,-1.2121011960642178,22.67490959481416,8.7461970713939614,-25.141567184108091,-23.314020554251414,-24.068267569774658,174.63463513549314,13.878842031422232,35.696445623423891,-34.928968832560599
1808.071,-5.917855760417815,15.609812022499149,-4.6551437381546634,16.837073230672274,-1.2627120222631518,-1.2272612081731253,22.740922259999348,8.7461970713939614,-26.068950240130658,-27.429089006302153,-28.211157513506073,174.95815283709564,13.55529848058479,36.1238605187595,-35.356389922375236
1808.076,-5.504438215510241,15.929374173095148,-2.1033201700693098,15.982916249391124,-3.4011180454409313,-0.05354207629597596,22.740922259999348,8.9100652418836859,-26.068950240130658,-27.429089006302153,-28.211157513506073,175.82865704021742,12.682934042771628,36.142497834013746,-35.375047125071561
1808.087,-5.504438215510241,15.929374173095148,-4.6959147206774219,16.431588371265889,-0.80852349483281927,-0.50221419817074064,22.80697935185119,9.0630778703664987,-24.9102995219205,-26.686184470644164,-27.433493456301779,176.46055578827807,12.050743846988407,36.893758944422487,-36.126336062053404
1808.097,-5.085935454308662,16.21476962421367,-2.2486237831381004,17.613504540039969,-2.8373116711705615,-1.3987349158262994,22.840024479999343,9.1354545764260031,-26.686184470644164,-27.568995342158239,-28.369580876277563,177.18569935933434,11.321919605402485,37.380274937279772,-36.614124120715353
1808.106,-5.085935454308662,16.21476962421367,-2.2486237831381004,17.613504540039969,-2.8373116711705615,-1.3987349158262994,22.840024479999343,9.1354545764260031,-26.686184470644164,-27.568995342158239,-28.369580876277563,177.18569935933434,11.321919605402485,37.380274937279772,-36.614124120715353
1808.116,-5.085935454308662,16.21476962421367,-3.7025361523633933,17.363004747417051,-1.3833993019452686,-1.1482351232033814,22.906147745184516,9.1354545764260031,-25.154771528322616,-26.641761972362726,-27.396405118212403,177.53990825143092,10.967209990382878,37.780165004102365,-37.014049783766815
1808.126,-4.662935813741816,16.47033538115102,-2.1833321279352162,17.688206669227682,-2.4796036858066,-1.2178712880766618,22.939225819999333,9.3358042649720137,-26.641761972362726,-27.383742391999874,-28.182995251170755,178.34419823136523,10.155155952718125,38.324337165762643,-37.560958294186804
1808.136,-4.662935813741816,16.47033538115102,-2.1833321279352162,17.688206669227682,-2.4796036858066,-1.2178712880766618,22.939225819999333,9.3358042649720137,-26.641761972362726,-27.383742391999874,-28.182995251170755,178.34419823136523,10.155155952718125,38.324337165762643,-37.560958294186804
1808.146,-4.662935813741816,16.47033538115102,-4.0734362891097078,17.387824810814152,-0.58949952463210842,-0.91748942966313152,23.00541469851785,9.3969262078590763,-27.416842275703569,-25.221857567934546,-26.044362836205654,178.80443419409855,9.6937186778917219,38.995347848912523,-38.232099477358439
1808.156,-4.662935813741816,16.47033538115102,-4.0734362891097078,17.387824810814152,-0.58949952463210842,-0.91748942966313152,23.03852543999933,9.3969262078590763,-26.49243962808016,-27.145083297257191,-27.939856486099597,178.80443419409855,9.6937186778917219,38.995347848912523,-38.232099477358439
1808.166,-4.236040540337801,16.698008978721347,-3.1729287034163747,17.298848972403221,-1.0631118369214265,-0.60083999368187335,23.071647008147483,9.5630475596303484,-27.145083297257191,-25.160598596782652,-25.974951095700369,179.62628718390465,8.8533907165741716,39.225368006801524,-38.462556281371171
1808.176,-4.236040540337801,16.698008978721347,-3.1729287034163747,17.298848972403221,-1.0631118369214265,-0.60083999368187335,23.071647008147483,9.5630475596303484,-27.145083297257191,-25.160598596782652,-25.974951095700369,179.62628718390465,8.8533907165741716,39.225368006801524,-38.462556281371171
1808.186,-3.7918846470005274,16.857261993107482,-2.2831746717806709,17.104401428022712,-1.5087099752198565,-0.24713943491522983,23.13792249999933,9.6126169593831907,-26.855578836991963,-25.454251033261485,-26.259918398371244,180.13133755802485,8.3194653974402328,39.748846511659686,-38.989783137067619
1808.196,-3.7918846470005274,16.857261993107482,-2.2831746717806709,17.104401428022712,-1.5087099752198565,-0.24713943491522983,23.171076361480814,9.6126169593831907,-26.888732698473447,-25.487415596965185,-26.294077577919388,180.13133755802485,8.3194653974402328,39.748846511659686,-38.989783137067619
1808.206,-3.3458196050987077,16.99114856391596,-2.4227515137817193,18.044754545818847,-0.92306809131698841,-1.0536059819028871,23.204240925184514,9.7437006478523465,-25.487415596965185,-24.691182284231726,-25.455804752140683,180.7980082087509,7.5427348774195861,40.279378171890031,-39.53917323051288
1808.217,-3.3458196050987077,16.99114856391596,-2.8955143415571172,17.718324383270016,-0.45030526354159051,-0.72717581935405562,23.237416159999324,9.7814760073380551,-24.691182284231726,-25.693353548595866,-26.434089017122819,180.91250224947268,7.426313625964541,40.532625528287795,-39.793050681040356
1808.226,-2.8982719285218854,17.110065141365144,-1.2896290449066043,17.734617117481633,-1.6086428836152811,-0.62455197611648927,23.270602034814146,9.8162718344766375,-25.693353548595866,-26.199312860074961,-26.970113466532837,181.23142737547059,6.9201149651867757,40.722059707953655,-40.039773512963677
1808.236,-2.8982719285218854,17.110065141365144,-1.2896290449066043,17.734617117481633,-1.6086428836152811,-0.62455197611648927,23.270602034814146,9.8162718344766375,-25.693353548595866,-26.199312860074961,-26.970113466532837,181.23142737547059,6.9201149651867757,40.722059707953655,-40.039773512963677
1808.246,-2.8982719285218854,17.110065141365144,-2.514795561268329,17.591246205002193,-0.38347636725355638,-0.48118106363704882,23.337005579999325,9.848077530122076,-25.449826468641529,-25.885018749415799,-26.648513543475044,181.51677371595434,6.6055030069439207,41.076695259349293,-40.396812098178998
1808.256,-2.8982719285218854,17.110065141365144,-2.514795561268329,17.591246205002193,-0.38347636725355638,-0.48118106363704882,23.337005579999325,9.848077530122076,-25.449826468641529,-25.885018749415799,-26.648513543475044,181.51677371595434,6.6055030069439207,41.076695259349293,-40.396812098178998
1808.267,-2.4551997287108307,17.227792553039833,-1.2434365921365043,17.88930387746538,-1.2117631365743264,-0.66151132442554683,23.403451311851175,9.9254615164132183,-25.918246873119504,-23.414215603240152,-24.191763009433735,182.06137908043536,5.2571949916155303,41.395896238139827,-40.8080130234599
1808.277,-2.4551997287108307,17.227792553039833,-1.2434365921365043,17.88930387746538,-1.2117631365743264,-0.66151132442554683,23.436689919999324,9.9254615164132183,-23.414215603240152,-24.713375573617306,-25.41580204171451,182.06137908043536,5.2571949916155303,41.395896238139827,-40.8080130234599
1808.286,-2.4551997287108307,17.227792553039833,-1.8624707992106835,17.656380111075151,-0.59272892950014722,-0.42858755803531778,23.436689919999324,9.9452189536827298,-23.414215603240152,-24.713375573617306,-25.41580204171451,182.20662324524611,5.0975191868140879,41.545130987495384,-40.959466145557343
1808.296,-2.0006214624893355,17.29537815668751,2.3910953472772292,18.440248278567822,-4.3917168097665646,-1.144870121880313,23.503198465184507,9.961946980917455,-24.746635057321011,-25.398939139210011,-26.141338190929641,181.72398777788547,2.392357093512226,41.598119577747262,-41.705716254819258
1808.306,-1.550588978930055,17.362287904298707,4.0105251134066862,18.268994101913862,-5.5611140923367408,-0.90670619761515425,23.536468339999328,9.9862953475457399,-13.595625734054391,-19.559223461407445,-19.967092233429078,173.72261030909766,-13.653382999052841,40.899844286570087,-44.741027236561393
1808.316,-1.550588978930055,17.362287904298707,4.0105251134066862,18.268994101913862,-5.5611140923367408,-0.90670619761515425,23.536468339999328,9.9862953475457399,-13.595625734054391,-19.559223461407445,-19.967092233429078,173.72261030909766,-13.653382999052841,40.899844286570087,-44.741027236561393
1808.326,-1.0958348495013035,17.404280552557477,20.253613221306665,22.268433946858607,-21.34944807080797,-4.8641533943011304,23.603039138517836,9.993908270190957,-22.39561684398641,-3.3827267786926534,-4.0545952840122457,143.60529089288249,-50.65174785942466,34.861709743209573,-53.205713783599869
1808.336,-1.0958348495013035,17.404280552557477,20.253613221306665,22.268433946858607,-21.34944807080797,-4.8641533943011304,23.603039138517836,9.993908270190957,-22.39561684398641,-3.3827267786926534,-4.0545952840122457,143.60529089288249,-50.65174785942466,34.861709743209573,-53.205713783599869
1808.346,-1.0958348495013035,17.404280552557477,8.6507321219465609,18.878936117870026,-9.746566971447864,-1.474655565312549,23.66965112814746,10.0,-3.4160379068407956,-15.052240369904606,-15.15472150710983,141.11034928141544,-57.469842697846921,35.347773819747992,-53.843383898690632
1808.358,-0.6456282613668394,17.44585327433366,36.736470692110458,26.053644826121371,-37.382098953477296,-8.6077915517877095,23.66965112814746,9.9984769515639123,-3.4160379068407956,-15.052240369904606,-15.15472150710983,80.179083960946343,-114.5509991782406,20.998194126302629,-68.01125538191657
1808.366,-0.6456282613668394,17.44585327433366,7.1316314607778963,18.234998700067862,-7.7772597221447359,-0.78914542573420121,23.736304059999313,9.993908270190957,13.000166632111146,-9.4615276325900339,-9.0715226336266994,74.415269543214194,-128.64031431367221,21.967843206596427,-69.804517863239454
1808.376,-0.6456282613668394,17.44585327433366,7.1316314607778963,18.234998700067862,-7.7772597221447359,-0.78914542573420121,23.736304059999313,9.993908270190957,-9.428185891108555,-16.638014340702895,-16.92085991743615,74.415269543214194,-128.64031431367221,21.967843206596427,-69.804517863239454
1808.386,-0.6456282613668394,17.44585327433366,3.4967971800226394,17.641022155840176,-4.142425441389479,-0.19516888150651468,23.8029976851845,9.9756405025982424,-16.671366224406604,-20.339562499976672,-20.839703486708871,74.971576933853399,-130.2541902034433,22.026114645688136,-69.906978988433949
1808.396,-0.19572425298534407,17.47578360612102,11.606249818585439,19.788038400500042,-11.801974071570784,-2.3122547943790224,23.836359679999312,9.9619469809174568,6.1780769560337703,-12.26348193622869,-12.078139627547676,34.001843659629785,-162.00060129988682,11.410277312726853,-79.229520557395375
1808.407,-0.19572425298534407,17.47578360612102,11.606249818585439,19.788038400500042,-11.801974071570784,-2.3122547943790224,23.836359679999312,9.9619469809174568,6.1780769560337703,-12.26348193622869,-12.078139627547676,34.001843659629785,-162.00060129988682,11.410277312726853,-79.229520557395375
1808.416,-0.19572425298534407,17.47578360612102,6.1859467231415408,18.184768274887659,-6.3816709761268848,-0.70898466876663946,23.90311387851782,9.9254615164132201,-12.296864059932382,-17.750559296857773,-18.119465218655744,33.445415082538545,-164.91677817782636,11.501770244624437,-79.703433528384878
1808.426,0.2536472884663483,17.489563449920965,18.284827582743958,22.407578330805961,-18.031180294277611,-4.9180148808849964,23.936506019999314,9.9254615164132201,-17.750559296857773,-5.6850805654035028,-6.2175973443092358,17.742918631024871,-171.48114510887203,6.3370721910742933,-81.851457426942261
1808.437,0.2536472884663483,17.489563449920965,7.820838418396022,18.976932180423432,-7.5671911299296735,-1.4873687305024674,23.96990814814746,9.8768834059513804,-17.78396142500592,-5.7184926491072048,-6.2520114918573828,15.008164012642201,-174.26658781501021,6.0835819396041542,-82.820036996087552
1808.446,0.7056660736769562,17.47124922718847,7.4650376545768324,19.381779058272997,-6.7593715808998764,-1.9105298310845278,24.003320231851163,9.8480775301220795,-5.7184926491072048,-16.21590382160328,-16.387458601076496,9.8353603535402989,-176.86199886659892,4.427118567048705,-83.121527448530529
1808.456,0.7056660736769562,17.47124922718847,7.4650376545768324,19.381779058272997,-6.7593715808998764,-1.9105298310845278,24.036742239999302,9.8480775301220795,-19.680506682013817,-16.605136486903955,-17.195551687364368,9.8353603535402989,-176.86199886659892,4.427118567048705,-83.121527448530529
1808.466,1.1591827651142654,17.42929021871405,5.5035051931172347,18.992908882873948,-4.3443224280029691,-1.5636186641598968,24.070174141480788,9.7814760073380587,-19.713938583495302,-16.638578250607654,-17.229996408112513,7.6089179099962845,-177.33441994767134,3.5126154389051201,-83.459546432059639
1808.476,1.1591827651142654,17.42929021871405,2.1897838477646019,16.993442515943926,-1.0306010826503365,0.43584770277012552,24.103615905184487,9.7437006478523571,-16.638578250607654,-18.633562306882069,-19.132719654400297,6.6893150127998995,-178.10164631389168,3.726814253059235,-83.19914190671733
1808.486,1.6128965502464045,17.35211132147534,1.5976307880868887,17.679901490173776,0.015265762159515806,-0.32779016869843502,24.137067499999304,9.7029572627599645,-20.933388057724997,-21.980745047049517,-22.608746688781267,6.6947252683766072,-178.09885043942879,3.563540039833359,-83.276601332414813
1808.496,1.6128965502464045,17.35211132147534,1.6054235038647278,17.044210284924844,0.0074730463816767845,0.30790103655049705,24.17052889481412,9.6592582628906847,-21.980745047049517,-22.606369270430932,-23.265791621842418,6.6968133066044615,-178.09700808178133,3.6706405432728006,-83.161137980325179
1808.506,1.6128965502464045,17.35211132147534,1.6054235038647278,17.044210284924844,0.0074730463816767845,0.30790103655049705,24.20400005851782,9.6592582628906847,-22.606369270430932,-22.632057456134572,-23.310248534247499,6.6968133066044615,-178.09700808178133,3.6706405432728006,-83.161137980325179
1808.516,1.6128965502464045,17.35211132147534,1.6091943463196401,16.821600263026468,0.003702203926764458,0.53051105844887303,24.2374809599993,9.6126169593831943,-22.632057456134572,-22.661777221827801,-23.340738945511838,6.6977724784394015,-178.09602755607614,3.8547483697396174,-82.96180255328818
1808.526,2.063880265505208,17.25293117719486,1.5038284749132345,16.649136922894201,0.56005179059197374,0.60379425430065936,24.27097156814744,9.5105651629515382,-22.661777221827801,-23.385911872271624,-24.065765188926459,7.2012385875351184,-177.71310847509949,4.2186847740599021,-82.645682629121552
1808.536,2.063880265505208,17.25293117719486,1.7889719644547313,16.544809775144458,0.27490830105047692,0.70812140205040208,24.30447185185115,9.455185755993174,-23.385911872271624,-22.834153305086062,-23.53573066125421,7.2722453190916498,-177.6419344928803,4.4651345872360588,-82.391160708514519
1808.546,2.063880265505208,17.25293117719486,1.7889719644547313,16.544809775144458,0.27490830105047692,0.70812140205040208,24.337981779999296,9.455185755993174,-22.834153305086062,-22.582529357026043,-23.267553956178624,7.2722453190916498,-177.6419344928803,4.4651345872360588,-82.391160708514519
1808.557,2.063880265505208,17.25293117719486,1.9288998848983283,16.484168455373606,0.13498038060687989,0.76876272182125405,24.371501321480775,9.396926207859094,-22.582529357026043,-22.476130560286151,-23.153606440996931,7.3067237631674038,-177.60661564132985,4.7326879387421572,-82.114840713964497
1808.566,2.95709346372543,16.98161616386676,-0.52309272844203747,16.561613556886968,3.4801861921674675,0.42000260697979286,24.40503044518448,9.335804264972019,-22.476130560286151,-24.961661848441334,-25.635945765249918,8.3341197488087815,-176.84348254546333,4.906084195398436,-81.994760511299049
1808.576,2.95709346372543,16.98161616386676,2.1297171821182133,16.117781529714179,0.82737628160721677,0.86383463415258177,24.438569119999297,9.2050485345244137,-23.176667513345105,-22.342400132695897,-23.03770015809625,8.9997395998722354,-176.21420244212564,5.4644033540115791,-81.433894992454128
1808.586,2.95709346372543,16.98161616386676,2.1297171821182133,16.117781529714179,0.82737628160721677,0.86383463415258177,24.47211731481411,9.2050485345244137,-23.210215708159918,-22.375957816399598,-23.072264287644394,8.9997395998722354,-176.21420244212564,5.4644033540115791,-81.433894992454128
1808.596,3.397459220463055,16.796425776942748,2.096354016399971,15.155896269174519,1.3011052040630839,1.6405295077682283,24.50567499851781,8.9879404629916806,-22.375957816399598,-23.809574185488458,-24.480852919980446,10.034956248562075,-175.21399131283579,6.2959491165875505,-80.614078411827492
1808.607,3.397459220463055,16.796425776942748,2.7627805791510696,15.547195105538137,0.63467864131198537,1.2492306714046109,24.53924213999929,8.9100652418836788,-23.809574185488458,-22.476464691747466,-23.19075191731212,10.197777691346321,-175.05137014054299,6.7310096852211752,-80.178043263222719
1808.617,3.397459220463055,16.796425776942748,3.0878590611672223,15.63856564441511,0.30960015929583262,1.1578601325276381,24.572818708147437,8.8294759285892752,-22.476464691747466,-21.843624092700068,-22.517918033452492,10.277102051689909,-174.97194195569836,7.1342490323758838,-79.773900094912989
1808.626,3.833421319633304,16.613087293887975,1.4264162484689109,15.648432358045113,2.4070050711643929,0.96465493584286222,24.572818708147437,8.8294759285892752,-22.476464691747466,-21.843624092700068,-22.517918033452492,10.900384258536315,-174.36135657770188,7.4747422621823709,-79.4421622471814
1808.637,3.833421319633304,16.613087293887975,1.4264162484689109,15.648432358045113,2.4070050711643929,0.96465493584286222,24.639999999999294,8.8294759285892752,-21.552140938832071,-23.247188413011862,-23.893752641176825,11.201922480317068,-174.06127207427346,7.4747422621823709,-79.4421622471814
1808.647,3.833421319633304,16.613087293887975,2.6597005977049548,16.320344819435761,1.173720721928349,0.29274247445221491,24.673604661480773,8.6602540378443855,-23.247188413011862,-22.047518027479523,-22.744933679869877,11.201922480317068,-174.06127207427346,7.5767011966142226,-79.340121460898914
1808.656,4.685306683794556,16.06352205830074,-1.9326750876862206,15.193055827850941,6.6179817714807765,0.87046623044980009,24.673604661480773,8.5716730070211273,-23.247188413011862,-22.047518027479523,-22.744933679869877,13.056701193030779,-172.2310555680404,8.5028883433813203,-78.418804634901932
1808.666,4.685306683794556,16.06352205830074,-1.9326750876862206,15.193055827850941,6.6179817714807765,0.87046623044980009,24.74084185999929,8.5716730070211273,-21.47980070112872,-26.707149422500326,-27.351543443534187,13.056701193030779,-172.2310555680404,8.5028883433813203,-78.418804634901932
1808.676,4.685306683794556,16.06352205830074,3.1120453394592857,14.1336861413713,1.5732613443352701,1.9298359169294415,24.74084185999929,8.3867056794542378,-21.47980070112872,-26.707149422500326,-27.351543443534187,14.28831517249912,-171.00288992441247,9.2669878940386692,-77.654583452073751
1808.686,4.685306683794556,16.06352205830074,3.1120453394592857,14.1336861413713,1.5732613443352701,1.9298359169294415,24.774474334814105,8.3867056794542378,-23.315832567281806,-21.696070679058515,-22.395545656076969,14.28831517249912,-171.00288992441247,9.2669878940386692,-77.654583452073751
1808.696,4.685306683794556,16.06352205830074,3.9182115633579997,15.477882440872975,0.76709512043655614,0.58563961742776627,24.841766879999287,8.2903757255504189,-21.729721540540002,-20.957215324789431,-21.60910697100563,14.484879125319353,-170.80634771354832,9.4709468392326794,-77.45058975338695
1808.714,5.0992199011131,15.72463836348871,0.92383659030505783,14.923409192024835,4.1753833108080425,0.80122917146387529,24.87542688814743,8.0901699437494692,-20.957215324789431,-23.985259421546079,-24.613975881289761,15.555816898999566,-169.73761285526592,9.7503591309413267,-77.171897629724313
1808.716,5.0992199011131,15.72463836348871,3.0634294867285519,13.47943498603999,2.0357904143845484,2.2452033774487195,24.87542688814743,7.9863551004729292,-20.957215324789431,-23.985259421546079,-24.613975881289761,16.077563714320899,-169.21612541866247,10.532294864854501,-76.389913953265534
1808.727,5.508993986258459,15.389143505624798,1.2609894770484118,14.140819891466847,4.2480045092100474,1.2483236141579503,24.942774219999276,7.8801075360672268,-24.018937629694218,-21.91303199475221,-22.633600123643035,17.420867491786069,-167.87392289355299,11.566164829650008,-75.356540432954304
1808.737,5.508993986258459,15.389143505624798,1.2609894770484118,14.140819891466847,4.2480045092100474,1.2483236141579503,24.97646148148076,7.8801075360672268,-20.869836588934653,-23.749168288136055,-24.375263385804093,17.420867491786069,-167.87392289355299,11.566164829650008,-75.356540432954304
1808.746,5.508993986258459,15.389143505624798,4.4991502426750571,14.187704501024008,1.009843743583402,1.2014390046007897,25.010157765184466,7.660444431189779,-23.749168288136055,-21.606054918464853,-22.318529967108933,18.210359180808744,-167.08457029208353,12.116518791808012,-74.806169261861868
1808.756,5.508993986258459,15.389143505624798,4.4991502426750571,14.187704501024008,1.009843743583402,1.2014390046007897,25.043863039999284,7.660444431189779,-21.606054918464853,-20.578427032139036,-21.22660867969298,18.210359180808744,-167.08457029208353,12.116518791808012,-74.806169261861868
1808.767,6.287808760074822,14.511319659468448,-3.7611403586191443,13.914710111116023,10.048949118693965,0.59660954835242563,25.077577274814093,7.4314482547739562,-20.578427032139036,-28.872440797136939,-29.48979360810111,20.785965902671386,-164.51072025099441,12.324388908199644,-74.598478781301893
1808.776,6.287808760074822,14.511319659468448,1.3882986056954678,12.04030750743037,4.899510154379354,2.4710121520380781,25.111300438517794,7.3135370161917015,-28.872440797136939,-23.756733894303803,-24.62290711821791,22.041421741223743,-163.2554875598924,13.184963426854155,-73.737902028415718
1808.786,6.287808760074822,14.511319659468448,3.898978459567644,12.582340446178975,2.3888303005071778,1.9289792132894732,25.14503249999927,7.1933980033865152,-23.756733894303803,-21.279794968579782,-21.992496985408895,22.65349679780639,-162.643438559695,13.856763763163308,-73.066097063971625
1808.796,6.658765839998526,13.999570776287943,0.0056914533319343263,12.724601133606292,6.6530743866665913,1.2749696426816506,25.14503249999927,7.0710678118654871,-23.756733894303803,-21.279794968579782,-21.992496985408895,24.358229757135472,-160.93889564497729,14.300823412448214,-72.622094836311263
1808.806,7.018327109613601,13.457159431741033,-0.34686975117915608,13.51095241938372,7.3651968607927571,-0.053792987642687251,25.212523191851126,6.9465837045899921,-21.797561474372351,-25.593151511178426,-26.247078355409599,27.076510988114357,-158.22074374470176,14.842872500849344,-72.080043079440173
1808.816,7.018327109613601,13.457159431741033,-0.34686975117915608,13.51095241938372,7.3651968607927571,-0.053792987642687251,25.24628175999927,6.9465837045899921,-21.831320042520495,-25.626918852659909,-26.281858453935524,27.076510988114357,-158.22074374470176,14.842872500849344,-72.080043079440173
1808.826,7.018327109613601,13.457159431741033,5.2674782463718941,10.531570646255318,1.750848863241707,2.925588785485715,25.24628175999927,6.6913060635885921,-21.831320042520495,-25.626918852659909,-26.281858453935524,28.445197586552219,-156.85207113073372,16.289611616254099,-70.633301784326335
1808.836,7.365851992741305,12.880366954534624,0.39677324280140169,12.56935743577835,6.9690787499399036,0.31100951875627381,25.313825185184456,6.4278760968653934,-21.886507033471091,-20.080131733627375,-20.736726944631506,30.230823001777175,-155.06649174975405,16.397927866191562,-70.524989067493536
1808.846,7.365851992741305,12.880366954534624,0.39677324280140169,12.56935743577835,6.9690787499399036,0.31100951875627381,25.34760997999927,6.4278760968653934,-20.080131733627375,-24.984630212012682,-25.587034164021503,30.230823001777175,-155.06649174975405,16.397927866191562,-70.524989067493536
1808.857,7.690650846043299,12.231845101948158,-0.77603812385444826,10.705591570475583,8.4666889698977474,1.5262535314725749,25.381403454814084,6.1566147532566005,-24.984630212012682,-21.447228968150533,-22.196767874510915,33.2707540063425,-152.02659698734115,17.879786622164666,-69.043138346127989
1808.866,7.690650846043299,12.231845101948158,3.5625941364568519,10.402788340897743,4.1280567095864473,1.8290567610504151,25.415205578517792,6.1566147532566005,-26.19124370237224,-21.886422183542418,-22.672159494613584,34.328437518446435,-150.96891716740308,18.516787278106879,-68.406137476611519
1808.876,8.001454266880787,11.550769073447613,-1.1327966183534812,11.676793191269937,9.1342508852342679,-0.12602411782232359,25.44901631999927,5.877852522924738,-21.886422183542418,-26.615632266500892,-27.272224932007166,36.66880400630864,-148.6285682842842,18.472897007209532,-68.450027370007632
1808.886,8.001454266880787,11.550769073447613,3.547918227410392,8.8013907335156887,4.4535360394703947,2.7493783399319245,25.48283564814741,5.7357643635104774,-21.920241511690559,-26.649460150204604,-27.307067395555322,37.809880266352742,-147.48749413670726,19.430415555116276,-67.49250864922989
1808.896,8.001454266880787,11.550769073447613,3.547918227410392,8.8013907335156887,4.4535360394703947,2.7493783399319245,25.516663531851123,5.7357643635104774,-26.649460150204604,-22.002581712588874,-22.802065517095013,37.809880266352742,-147.48749413670726,19.430415555116276,-67.49250864922989
1808.907,8.297607820001339,10.83975519858329,-0.16737121918481535,9.4280356658295261,8.4649790391861544,1.4117195327537644,25.550499939999266,5.5919290347074933,-19.720431561044347,-25.751716060665562,-26.343329007496891,40.535110355027079,-144.76227229902059,20.70749283508545,-66.215433542110986
1808.917,8.297607820001339,10.83975519858329,4.1703850108807217,10.411347120865443,4.1272228091206173,0.42840807771784739,25.550499939999266,5.4463903501502751,-19.720431561044347,-25.751716060665562,-26.343329007496891,41.592578748866359,-143.70480486291837,20.856693354703204,-66.066233007709897
1808.926,8.297607820001339,10.83975519858329,4.1703850108807217,10.411347120865443,4.1272228091206173,0.42840807771784739,25.618198205184452,5.4463903501502751,-25.785569424369267,-21.481674989118545,-22.255242071849622,41.592578748866359,-143.70480486291837,20.856693354703204,-66.066233007709897
1808.937,8.297607820001339,10.83975519858329,6.2853207095760126,9.2543613106795846,2.0122871104253264,1.5853938879037059,25.652059999999267,5.2991926423320637,-21.481674989118545,-19.400609485238061,-20.045059734911618,42.108162547978893,-143.18922114208237,21.408834178655251,-65.514092115720388
1808.948,8.57855999758314,10.103495970807552,4.3734815590406129,6.7423040764767848,4.2050784385425271,3.3611918943307675,25.652059999999267,5.0000000000000018,-21.481674989118545,-19.400609485238061,-20.045059734911618,45.395372811389038,-139.90201603322652,23.003209630423225,-63.919717795445763
1808.956,8.57855999758314,10.103495970807552,4.3734815590406129,6.7423040764767848,4.2050784385425271,3.3611918943307675,25.719808758517786,5.0000000000000018,-25.7659106241167,-21.380214100958653,-22.153191419682155,45.395372811389038,-139.90201603322652,23.003209630423225,-63.919717795445763
1808.967,8.57855999758314,10.103495970807552,6.5283132740642884,9.0834904215015371,2.0502467235188515,1.0200055493060152,25.719808758517786,4.6947156278588977,-25.7659106241167,-21.380214100958653,-22.153191419682155,45.92068251358625,-139.37670637517954,23.358444194091025,-63.564483207857279
1808.976,8.57855999758314,10.103495970807552,7.5789325971375945,6.7411158250198184,0.99962740044554543,3.3623801457877338,25.787590868147408,4.6947156278588977,-19.25927759408312,-18.24256175471352,-18.820340082536013,46.176804831086102,-139.12058405018047,24.529451199636082,-62.393476123376935
1808.986,9.07908170161072,8.516485054972344,-7.7789298701516429,9.0831357155369545,16.858011571762361,-0.56665066056461022,25.787590868147408,4.3837114678907838,-19.25927759408312,-18.24256175471352,-18.820340082536013,50.496131242383633,-134.80126568515684,24.332104631275605,-62.590821349117796
1808.997,9.07908170161072,8.516485054972344,5.0716106992425409,7.6248785159404875,4.0074710023681792,0.89160653903185683,25.855406079999256,4.0673664307579989,-33.634335950150898,-25.029611227630873,-26.0386413061354,53.628865126261047,-131.66853292492141,25.665860229691059,-61.25706585711194
1809.006,9.296607081585096,7.678938772055301,-1.250280980713498,5.0824844508013953,10.546888062298594,2.5964543212539057,25.855406079999256,4.0673664307579989,-33.634335950150898,-25.029611227630873,-26.0386413061354,56.331165987562763,-128.96623321081105,26.570130151420958,-60.352815190432125
1809.016,9.296607081585096,7.678938772055301,-1.250280980713498,5.0824844508013953,10.546888062298594,2.5964543212539057,25.92325414518444,4.0673664307579989,-20.8516434459419,-27.207471400712752,-27.833020704091009,56.331165987562763,-128.96623321081105,26.570130151420958,-60.352815190432125
1809.026,9.296607081585096,7.678938772055301,4.1543195492172202,6.8910046371998988,5.1422875323678756,0.78793413485540231,25.957190419999254,3.9073112848927445,-27.207471400712752,-21.83681526559684,-22.653039407618223,57.648711570120156,-127.64868776189232,26.84454196371145,-60.078403519271767
1809.036,9.296607081585096,7.678938772055301,6.7894105585182558,5.8392765400005189,2.50719652306684,1.8396622320547822,25.957190419999254,3.5836794954529965,-27.207471400712752,-21.83681526559684,-22.653039407618223,58.291099911820766,-127.00629942973582,27.485236406055002,-59.437709340528897
1809.046,9.496758228251357,6.836726327130763,-0.34793690404247002,3.8844587308718701,9.8446951322938272,2.9522675962588929,26.025087298517768,3.4202014332566915,-21.870767749300548,-19.269637281480996,-19.925760313960012,60.813486199502563,-124.48391378410022,28.513476530748559,-58.409590670721435
1809.057,9.496758228251357,6.836726327130763,7.1564863674530272,4.4235499395247331,2.3402718607983299,2.4131763876060299,26.059047839999252,3.0901699437494656,-26.406984744041722,-21.396181407321162,-22.188390949642415,62.642931197877019,-122.65446886413118,30.235268283571973,-56.687803375491058
1809.066,9.496758228251357,6.836726327130763,7.1564863674530272,4.4235499395247331,2.3402718607983299,2.4131763876060299,26.059047839999252,3.0901699437494656,-26.406984744041722,-21.396181407321162,-22.188390949642415,62.642931197877019,-122.65446886413118,30.235268283571973,-56.687803375491058
1809.076,9.496758228251357,6.836726327130763,8.3557248985363799,4.4492946860606395,1.1410333297149773,2.3874316410701235,26.126992971851102,2.9237170472273686,-21.430157971024869,-19.004491132546217,-19.647395871676963,62.935284227596064,-122.36211583260986,31.066734524862188,-55.856339041600791
1809.086,9.859927394465853,5.117394135707547,-8.2528905912590815,4.4515760670452629,18.112817985724934,0.66581806866228455,26.160977499999245,2.9237170472273686,-34.413868091258323,-25.166208436720499,-26.19862447945825,67.57611095462596,-117.72129041830409,31.29916146657434,-55.624984235086906
1809.096,9.859927394465853,5.117394135707547,1.0287615247602275,4.9153412035738953,8.8311658697056252,0.20205293213365216,26.160977499999245,2.58819045102523,-34.413868091258323,-25.166208436720499,-26.19862447945825,69.838812776815999,-115.45858875857566,31.36953571289029,-55.554616626759099
1809.106,9.859927394465853,5.117394135707547,5.5541649943353377,1.7008120436752918,4.305762400130515,3.4165820920322556,26.228970325184434,2.4192189559966759,-25.200208800424207,-20.708813565663917,-21.464819829676642,70.942025681739892,-114.35537587047054,32.559504557387768,-54.364733343940145
1809.116,10.006243060276734,4.236220440709014,4.6150533750429759,1.984846990517255,5.3911896852337584,2.2513734501917586,26.262978559999254,2.0791169081776131,-20.708813565663917,-27.348140705270602,-27.969405112240519,75.156444193276727,-110.14095758772886,33.987886705349439,-52.952134451824762
1809.127,10.006243060276734,4.236220440709014,7.37769070666441,1.8490668411559241,2.6285523536123243,2.3871535995530895,26.296994634814062,1.9080899537654439,-27.348140705270602,-21.715965143474794,-22.536409364632913,75.829926050173597,-109.46747573180289,34.819600501887507,-52.120768975157937
1809.137,10.117096900917772,3.3234482250435917,-0.40306767852059977,1.9148656851536145,10.520164579438372,1.4085825398899772,26.33101851851777,1.7364817766693099,-21.715965143474794,-18.987359473334831,-19.638838427639076,78.525379350632207,-106.7720225436437,35.349600071889526,-51.66848164273302
1809.146,10.117096900917772,3.3234482250435917,-0.40306767852059977,1.9148656851536145,10.520164579438372,1.4085825398899772,26.33101851851777,1.7364817766693099,-21.715965143474794,-18.987359473334831,-19.638838427639076,78.525379350632207,-106.7720225436437,35.349600071889526,-51.66848164273302
1809.157,10.117096900917772,3.3234482250435917,4.9878388013056991,1.1798981589663882,5.1292580996120734,2.1435500660772036,26.399089588147394,1.564344650402326,-26.802157266667994,-21.445297910545396,-22.249362628545434,79.839586494558091,-105.457815411251,36.098345204777289,-50.922254386028563
1809.166,10.2268422031524,2.4198037315348246,-0.13867049039384938,1.5339385369886394,10.365512693546249,0.88586519454618529,26.433136711851095,1.2186934340514783,-21.445297910545396,-18.850938446661381,-19.494297383977742,83.136175881222954,-102.16122611526832,37.391234720062208,-49.941498306646977
1809.176,10.2268422031524,2.4198037315348246,5.1729868635831622,0.4205602965550117,5.0538553395692372,1.9992434349798129,26.46719151999924,1.045284632676549,-18.850938446661381,-26.639924471874568,-27.205452625274411,84.431063495822798,-100.86633851003599,38.10018242186645,-49.247113167330873
1809.186,10.2268422031524,2.4198037315348246,5.1729868635831622,0.4205602965550117,5.0538553395692372,1.9992434349798129,26.50125398148072,1.045284632676549,-26.639924471874568,-21.36233720160126,-22.161534935757498,84.431063495822798,-100.86633851003599,38.10018242186645,-49.247113167330873
1809.197,10.2268422031524,2.4198037315348246,7.7627620800242454,0.078905943316003757,2.4640801231281539,2.3408977882188209,26.535324065184422,0.87155742747660692,-21.36233720160126,-18.806639659975001,-19.44750977602304,85.062404641724555,-100.23499736414767,38.928282954198387,-48.432030851689632
1809.206,10.28241948564901,1.4879894978454202,-0.29269794329840693,3.9119549182753914,10.575117428947417,-2.4239654204299712,26.535324065184422,0.69756473744128911,-21.36233720160126,-18.806639659975001,-19.44750977602304,87.771937801952632,-97.525464242827695,35.559647308187543,-46.571517554547277
1809.216,10.28241948564901,1.4879894978454202,7.7685123182725988,-0.55928576750649128,2.5139071673764111,2.0472752653519115,26.603486974814047,0.52335956242944981,-18.840724894789801,-26.930277681816165,-27.495499428659858,89.737117518373239,-95.560284528487003,36.735638108512717,-45.520845450313068
1809.227,10.28241948564901,1.4879894978454202,7.7685123182725988,-0.55928576750649128,2.5139071673764111,2.0472752653519115,26.637579738517758,0.52335956242944981,-21.511211406617448,-18.903167681726643,-19.548504023925165,89.737117518373239,-95.560284528487003,36.735638108512717,-45.520845450313068
1809.236,10.28241948564901,1.4879894978454202,9.0567277580565388,0.86599830487694263,1.225691727592471,0.6219911929684776,26.67167999999924,0.17452406437283283,-18.903167681726643,-17.649059970090843,-18.216155000542642,90.051161534923281,-95.246240511301963,36.974174665515775,-45.30545808430653
1809.246,10.355654436279872,-0.3648435489607349,-8.843514648254752,54.55245906718266,19.199169084534624,-54.917302616143395,26.70578772814738,8.572527594031473e-15,-17.649059970090843,-35.583417540105835,-36.112889339208557,94.970330112557932,-90.327072019920749,9.1463478459291494,-14.950629317377871
1809.257,10.355654436279872,-0.3648435489607349,0.99482241080443368,14.371192235106793,9.3608320254754389,-14.736035784067528,26.739902891851084,-0.1745240643728157,-35.583417540105835,-25.779203049194795,-26.846705575397969,97.36874174313779,-87.928660397055495,0.049400567582965849,-11.723022532165237
1809.266,10.355654436279872,-0.3648435489607349,5.7916456593950176,2.4010422300545109,4.5640087768848545,-2.765885779015246,26.739902891851084,-0.34899496702501498,-35.583417540105835,-25.779203049194795,-26.846705575397969,98.538121952263239,-86.759280187205206,-1.6608616044541566,-11.125252064658614
1809.277,10.354754021559108,-1.2940724152814527,4.739651601036682,0.43565383281005543,5.615102420522426,-1.7297262480915081,26.808155401480718,-0.52335956242943271,-27.970037989043533,-22.102641084147727,-22.941742223819034,102.92757813772347,-82.369823993330655,-3.1163400856284125,-6.7868952382819572
1809.287,10.354754021559108,-1.2940724152814527,7.6170297828714393,-2.5119204572634435,2.7377242386876688,1.2178480419819908,26.84229268518441,-0.69756473744123648,-22.102641084147727,-19.259407497127789,-19.922486729652221,103.62903177136783,-81.668370358271289,-2.6291748720248069,-7.2059707910011035
1809.296,10.354754021559108,-1.2940724152814527,7.6170297828714393,-2.5119204572634435,2.7377242386876688,1.2178480419819908,26.87643727999923,-0.69756473744123648,-22.136785678962546,-19.293559371942607,-19.957662942311483,103.62903177136783,-81.668370358271289,-2.6291748720248069,-7.2059707910011035
1809.306,10.316438560288564,-2.2165812863436667,-0.20515167720473571,-2.5680111013581399,10.521590237493299,0.35142981501447323,26.87643727999923,-1.0452846326765322,-22.136785678962546,-19.293559371942607,-19.957662942311483,106.32485027646079,-78.972551818820165,-2.5413958454826187,-7.3667451095485834
1809.316,10.316438560288564,-2.2165812863436667,7.81525582762632,-5.038535750830043,2.5011827326622438,2.8219544644863763,26.94474827851775,-1.2186934340514612,-21.758262917080085,-19.163658792372914,-19.816406679885315,108.28008300091992,-77.017319085877347,-0.25969188327147141,-9.5987800670118517
1809.326,10.259780907085316,-3.1326716494819538,-0.063952845265703218,-2.8842726338057894,10.32373375235102,-0.2483990156761644,26.978914619999234,-1.5643446504023091,-21.792429258561569,-19.197832320521048,-19.851605198277895,110.92520714645241,-74.372194886369883,-0.3397703469440963,-9.505488482462745
1809.336,10.259780907085316,-3.1326716494819538,-0.063952845265703218,-2.8842726338057894,10.32373375235102,-0.2483990156761644,27.013088148147368,-1.5643446504023091,-27.077040993413071,-21.820973338562332,-22.633284568364726,112.21487561440031,-73.082526409055731,-0.3397703469440963,-9.505488482462745
1809.346,10.259780907085316,-3.1326716494819538,7.8056324353887021,-5.8801428412034653,2.4541484716966142,2.7474711917215116,27.013088148147368,-1.736481776669293,-27.077040993413071,-21.820973338562332,-22.633284568364726,112.843672093379,-72.453729927724794,1.8022367242907387,-11.640284822515437
1809.356,10.259780907085316,-3.1326716494819538,7.8056324353887021,-5.8801428412034653,2.4541484716966142,2.7474711917215116,27.081456639999228,-1.736481776669293,-19.275824204610526,-35.908916921575589,-36.487191647713907,117.67773612330224,-67.619665506189975,1.8022367242907387,-11.640284822515437
1809.366,10.073747561345463,-4.9183207144363985,-8.793265380094887,-3.9235406586531312,18.86701294144035,-0.99478005578326734,27.081456639999228,-2.0791169081775966,-19.275824204610526,-35.908916921575589,-36.487191647713907,117.67773612330224,-67.619665506189975,1.4626745621328299,-11.286910684041736
1809.376,10.073747561345463,-4.9183207144363985,5.5886986331521697,-5.8664904306854524,4.4850489281932937,0.94816971624905388,27.149853505184407,-2.2495105434386424,-35.94311888527929,-26.309199445830828,-27.387493012389207,121.18380317573185,-64.11359838598419,2.8810847162204496,-12.705384880888957
1809.386,10.073747561345463,-4.9183207144363985,5.5886986331521697,-5.8664904306854524,4.4850489281932937,0.94816971624905388,27.18406249999922,-2.2495105434386424,-26.309199445830828,-21.629579861661874,-22.418855845036799,121.18380317573185,-64.11359838598419,2.8810847162204496,-12.705384880888957
1809.397,9.945293547516695,-5.785047962034457,-0.78027538791398854,-6.908875835973026,10.725568935430683,1.123827873938569,27.218278494814044,-2.5881904510252136,-21.629579861661874,-28.032776846431723,-28.681664242281578,123.93188455810167,-61.365516780809315,3.2722467869375844,-13.097015101480705
1809.406,9.799924837030602,-6.631679373903936,-1.0706931291526729,-8.5979285840426485,10.870617966183275,1.9662492101387121,27.252501458517735,-2.9237170472273522,-28.032776846431723,-22.570843773006775,-23.411827078399728,128.05699680396242,-57.240404151527144,5.2552519839828085,-15.080167956265043
1809.416,9.799924837030602,-6.631679373903936,4.4997981257577493,-8.9018029523593576,5.3001267112728527,2.2701235784554212,27.286731359999212,-3.0901699437494488,-22.570843773006775,-28.391661297300036,-29.068786610490239,129.41498349417984,-55.882417409496142,6.045864014085387,-15.870778197710704
1809.426,9.799924837030602,-6.631679373903936,7.2157715496536241,-8.9851123974490079,2.5841532873769779,2.3534330235450716,27.320968168147363,-3.2556815445715648,-28.391661297300036,-22.855413726093321,-23.707163565012323,130.07708951579713,-55.220311378128578,6.8654905727540987,-16.690401918956105
1809.436,9.638097158720063,-7.453904819166117,0.31772884018344882,-9.0009342097707403,9.3203683185366142,1.5470293906046235,27.35521185185107,-3.4202014332566755,-22.855413726093321,-20.173690830345596,-20.859353242128396,132.46513340022571,-52.832267043375083,7.4042564655060872,-17.229195837817446
1809.446,9.638097158720063,-7.453904819166117,5.0938170390640636,-9.5685736510593991,4.5442801196559994,2.1146688318932823,27.38946237999922,-3.5836794954529809,-27.071733539815771,-22.329902682416634,-23.142054688611108,133.62945874602784,-51.667941631495339,8.1407268323034074,-17.965665908856984
1809.456,9.638097158720063,-7.453904819166117,5.0938170390640636,-9.5685736510593991,4.5442801196559994,2.1146688318932823,27.38946237999922,-3.5836794954529809,-27.071733539815771,-22.329902682416634,-23.142054688611108,133.62945874602784,-51.667941631495339,8.1407268323034074,-17.965665908856984
1809.466,9.460284815528038,-8.250639445011187,4.5821227825882573,-10.323561453057451,4.8781620329397803,2.0729220080462643,27.457983845184398,-3.7460659341591214,-27.140255005000949,-22.398437680935153,-23.212645331085181,137.44283104759592,-47.854568434924744,9.3780088661213412,-19.202953589694623
1809.476,9.460284815528038,-8.250639445011187,7.0818664951082297,-8.8796996176332215,2.3784183204198079,0.62906017262203484,27.492254719999217,-4.0673664307579829,-28.037133676765997,-22.94440953222577,-23.78552354252875,138.05222410789688,-47.24517535441862,9.5970899737598625,-19.422034670182057
1809.487,9.460284815528038,-8.250639445011187,7.0818664951082297,-8.8796996176332215,2.3784183204198079,0.62906017262203484,27.526532314814027,-4.0673664307579829,-22.94440953222577,-20.478950103409506,-21.167282389376279,138.05222410789688,-47.24517535441862,9.5970899737598625,-19.422034670182057
1809.496,9.041621307423656,-9.76801572934459,-2.4793588080941191,-11.402875277419071,11.520980115517775,1.6348595480744805,27.560816598517736,-4.2261826174069661,-26.88517130009328,-30.074466348093331,-30.881021487096131,143.20097899097445,-42.096416572147007,11.086369949294657,-20.911317584908002
1809.506,9.041621307423656,-9.76801572934459,-2.4793588080941191,-11.402875277419071,11.520980115517775,1.6348595480744805,27.595107539999212,-4.2261826174069661,-26.919462241574756,-30.108763916241479,-30.916347783488721,143.20097899097445,-42.096416572147007,11.086369949294657,-20.911317584908002
1809.516,9.041621307423656,-9.76801572934459,6.3028645010220004,-13.055795818285688,2.7387568064016552,3.2877800889410977,27.62940510814736,-4.6947156278588826,-30.108763916241479,-24.239308159971614,-25.142571077458857,145.34192868123395,-39.955466429273066,12.404179734859365,-22.229127399493336
1809.526,8.802387039292576,-10.475485031867093,0.63160536027429259,-12.313849740613684,8.1707816790182832,1.8383647087465906,27.62940510814736,-4.6947156278588826,-30.108763916241479,-24.239308159971614,-25.142571077458857,147.43542672532254,-37.861965294161777,13.044421823595799,-22.869369909651493
1809.536,8.802387039292576,-10.475485031867093,4.8186044447967618,-11.033365171693447,3.9837825944958141,0.55788013982635398,27.698019999999214,-4.9999999999999876,-21.395155498977214,-27.100731901206398,-27.742586566175714,148.45614246268892,-36.841249119183999,13.238713224808835,-23.063661319932962
1809.546,8.802387039292576,-10.475485031867093,4.8186044447967618,-11.033365171693447,3.9837825944958141,0.55788013982635398,27.698019999999214,-4.9999999999999876,-21.395155498977214,-27.100731901206398,-27.742586566175714,148.45614246268892,-36.841249119183999,13.238713224808835,-23.063661319932962
1809.556,8.802387039292576,-10.475485031867093,6.8600363109795666,-13.697626090706173,1.9423507283130093,3.22214105883908,27.766661025184398,-5.1503807491005205,-22.948056580387636,-20.940954949019641,-21.629396646431271,148.95380722909545,-36.34358427913083,14.360879542416829,-24.185827686519978
1809.567,8.565545113842807,-11.175879641364372,4.8044099091352308,-13.204537777710506,3.7611352047075766,2.0286581363461345,27.800991259999208,-5.4463903501502609,-20.940954949019641,-26.983912216409827,-27.612140864880416,151.89397141666558,-33.403414647445196,15.687735763051251,-25.512684551104094
1809.576,8.565545113842807,-11.175879641364372,6.7317493241276338,-13.263484336696948,1.8337957897151735,2.0876046953325762,27.83532793481401,-5.591929034707479,-26.983912216409827,-23.065261109382494,-23.874778475874788,152.36382246104401,-32.933563489985808,16.414780180934311,-26.2397290215198
1809.586,8.284676468081445,-11.803302469742938,1.3972148677516287,-13.264783238231615,6.8874616003298161,1.461480768488677,27.869671018517725,-5.7357643635104623,-23.065261109382494,-21.172271155871567,-21.864228989153041,154.12850832446748,-31.168868955951144,16.923765646996788,-26.748715496201584
1809.596,8.284676468081445,-11.803302469742938,1.3972148677516287,-13.264783238231615,6.8874616003298161,1.461480768488677,27.869671018517725,-5.7357643635104623,-23.065261109382494,-21.172271155871567,-21.864228989153041,154.12850832446748,-31.168868955951144,16.923765646996788,-26.748715496201584
1809.607,8.006616508777697,-12.42445106983772,-1.2849055635880831,-13.685166251734813,9.2915220723657796,1.2607151818970923,27.938376288147346,-5.8778525229247247,-21.206626964019712,-26.575523544099426,-27.211722353020019,156.50915000537285,-28.788203992543188,17.362830774812384,-27.187782170226271
1809.616,8.006616508777697,-12.42445106983772,5.7978442168189588,-14.37471746329706,2.2087722919587378,1.9502663934593389,27.972738411851054,-6.0181502315204956,-24.496337859893927,-22.209262603180239,-22.944152738977056,158.23579686976964,-27.061553383684181,18.670132631518584,-28.495084327571682
1809.626,7.702700041555657,-12.994057450074166,1.233604441563557,-13.016292971885491,6.4690955999920998,0.022235521811325043,27.972738411851054,-6.1566147532565862,-24.496337859893927,-22.209262603180239,-22.944152738977056,159.89328010130887,-25.404041599019767,18.67787650918752,-28.502828262621321
1809.637,7.702700041555657,-12.994057450074166,4.5485987816860813,-14.385450379686603,3.1541012598695755,1.3913929296124365,28.041481481480677,-6.2932039104983692,-26.80787703991712,-23.5272635834983,-24.331499894695813,160.70141504112866,-24.595902687636841,19.162453136764945,-28.98740510464803
1809.648,7.702700041555657,-12.994057450074166,4.5485987816860813,-14.385450379686603,3.1541012598695755,1.3913929296124365,28.07586236518438,-6.2932039104983692,-26.842257923620824,-23.56165065831312,-24.366918396021745,160.70141504112866,-24.595902687636841,19.162453136764945,-28.98740510464803
1809.658,7.702700041555657,-12.994057450074166,6.9529098616912108,-16.210557261899538,0.74979017986444596,3.216499811825372,28.1102494399992,-6.5605902899050781,-21.945377136745584,-21.191732813122801,-21.850094127225169,161.28754311214942,-24.009773839587368,20.905402394953462,-30.73035507386901
1809.666,7.702700041555657,-12.994057450074166,6.9529098616912108,-16.210557261899538,0.74979017986444596,3.216499811825372,28.1102494399992,-6.5605902899050781,-21.945377136745584,-21.191732813122801,-21.850094127225169,161.28754311214942,-24.009773839587368,20.905402394953462,-30.73035507386901
1809.676,7.388166465455134,-13.536375402520495,1.9138918372295564,-13.970161426229296,5.4742746282255776,0.43378602370880159,28.179042038517718,-6.6913060635885806,-21.226132176826507,-26.299555662769645,-26.936339628074439,162.69012613571365,-22.60714328658441,21.056474750435516,-30.881429793700196
1809.686,7.388166465455134,-13.536375402520495,4.719104340601973,-14.975172203345544,2.669062124853161,1.4387968008250489,28.2134474999992,-6.8199836006249743,-26.299555662769645,-23.528754687545366,-24.317741357428456,163.37398416894314,-21.923278660933025,21.557560584521408,-31.382516048118898
1809.696,6.729613899535001,-14.529692182409898,-0.72624855178347048,-16.926350537278239,7.4558624513184713,2.3966583548683413,28.2134474999992,-7.0710678118654755,-26.299555662769645,-23.528754687545366,-24.317741357428456,166.84432933206872,-18.452533077080027,22.814362384156372,-32.639385725065729
1809.706,6.729613899535001,-14.529692182409898,-0.72624855178347048,-16.926350537278239,7.4558624513184713,2.3966583548683413,28.282276591851044,-7.0710678118654755,-27.308094362755511,-29.04294871178266,-29.862191542665325,166.84432933206872,-18.452533077080027,22.814362384156372,-32.639385725065729
1809.716,6.729613899535001,-14.529692182409898,3.0943979204035656,-15.256995167688643,3.6352159791314351,0.7273029852787456,28.31670015999919,-7.3135370161916899,-29.04294871178266,-25.256731781077104,-26.128020242430583,167.7757170278627,-17.521105292781844,23.067658177061624,-32.892682319495627
1809.726,6.386784899192617,-14.980657871755222,1.3553224167600035,-16.511660557952325,5.0314624824326133,1.5310026861971036,28.35112970148067,-7.5470958022276911,-25.256731781077104,-23.428354444749097,-24.18605639818141,169.51880641763248,-15.777647389909596,24.522128013418872,-34.347229267979195
1809.737,6.386784899192617,-14.980657871755222,1.3553224167600035,-16.511660557952325,5.0314624824326133,1.5310026861971036,28.38556518518437,-7.5470958022276911,-23.428354444749097,-27.064684163239182,-27.767534796581653,169.51880641763248,-15.777647389909596,24.522128013418872,-34.347229267979195
1809.746,6.386784899192617,-14.980657871755222,3.9336192385067648,-16.601739766890184,2.4531656606858521,1.6210818951349619,28.38556518518437,-7.6604444311897684,-23.428354444749097,-27.064684163239182,-27.767534796581653,170.14732713306458,-15.149076730376411,25.086697599550288,-34.911802429475884
1809.756,6.386784899192617,-14.980657871755222,5.1907070501302428,-16.60608650965959,1.196077849062374,1.6254286379043688,28.45445385481401,-7.6604444311897684,-24.520834616307244,-23.298199928387469,-24.033824966876686,170.45378015034714,-14.842615916353015,25.652781200294747,-35.477889241457959
1809.766,6.0357286336545,-15.401045081489736,1.5987632742551341,-15.474067361080728,4.4369653593993661,0.073022279590992056,28.48890697851771,-7.8801075360671948,-23.298199928387469,-26.924602645744052,-27.623548643595676,171.59027847939154,-13.705448630494828,25.678208754917264,-35.503324516884199
1809.776,6.0357286336545,-15.401045081489736,3.8724158865927336,-17.619835870720365,2.1633127470617666,2.2187907892306296,28.523365919999186,-7.9863551004729194,-26.924602645744052,-24.6854147615546,-25.493152840926921,172.14451347332624,-13.151121599239866,26.450940395010594,-36.276066115478756
1809.786,6.0357286336545,-15.401045081489736,4.9809715708346403,-17.136847116836073,1.0547570628198599,1.735802035346337,28.557830648147334,-8.0901699437494798,-24.6854147615546,-23.611329561016404,-24.351892003863043,172.41475473749105,-12.880866047554813,27.055463419611002,-36.880596060775069
1809.797,6.0357286336545,-15.401045081489736,5.5214652948809544,-16.965949495993151,0.5142633387735458,1.564904414503415,28.592301131851045,-8.191520442889896,-23.611329561016404,-23.105312045118239,-23.81365193194873,172.54651709993118,-12.749100714972132,27.600468399425765,-37.425607276028522
1809.806,5.666353714014077,-15.769222875705402,2.101055262744012,-16.889789764841595,3.5652984512700652,1.1205668891361924,28.592301131851045,-8.29037572555041,-23.611329561016404,-23.105312045118239,-23.81365193194873,173.45942066889677,-11.835007231856519,27.990591871395793,-37.816006629558409
1809.816,5.666353714014077,-15.769222875705402,3.9280304514404065,-17.097829109123794,1.7383232625736706,1.328606233418391,28.661259241480675,-8.3867056794542467,-23.13979394659972,-26.594691542440351,-27.288885360838343,173.90473142383206,-11.38953321173712,28.453301119173862,-38.278728523698888
1809.826,5.280553214698392,-16.094502266148023,4.8188045616223292,-17.136501232033254,0.847549152391748,1.0419989658852309,28.695746805184363,-8.3867056794542467,-24.767716353743957,-23.911435438376856,-24.654466928989173,174.12187752021967,-11.172361978296657,28.815909102982296,-38.641927439951921
1809.837,5.280553214698392,-16.094502266148023,1.9954721471612231,-16.410713117606051,3.2850810675371687,0.31621085145802752,28.730239999999185,-8.5716730070211185,-23.911435438376856,-26.769266647652778,-27.486609710804082,174.9623313395511,-10.329400959109899,28.926034539419987,-38.752059441557137
1809.846,4.880067453580952,-16.38015480641787,0.81119043615990449,-18.041974356487771,4.0688770174210473,1.6618195500699002,28.730239999999185,-8.6602540378443766,-23.911435438376856,-26.769266647652778,-27.486609710804082,176.00093327263275,-9.2829042587250292,29.503713230681829,-39.331961522192707
1809.856,4.880067453580952,-16.38015480641787,2.8961692076793213,-17.770270560995357,1.9838982459016306,1.3901157545774865,28.799243158517697,-8.7461970713939436,-27.988052722357793,-25.937583852319861,-26.777225433990594,176.5087228326835,-8.7740402598166245,29.987840324663402,-39.816153426691109
1809.866,4.880067453580952,-16.38015480641787,3.9127641641619562,-17.661437769673043,0.96730328941899568,1.2812829632551725,28.833753059999182,-8.8294759285892663,-25.937583852319861,-24.955504303985375,-25.733631819554972,176.75649072438623,-8.5261110478555509,30.434068985595491,-40.262433632247614
1809.876,4.474815528435551,-16.647047955810066,1.7140253777875785,-17.60615541629771,2.7607901506479724,0.95910746048764395,28.86826846814733,-8.9100652418836699,-24.955504303985375,-27.188763974063455,-27.937429103183018,177.45829713192248,-7.8130971799748181,30.766611678541455,-40.598027891871688
1809.886,4.474815528435551,-16.647047955810066,3.1286635089065271,-17.743997903600118,1.3461520195290237,1.0969499477900513,28.86826846814733,-8.9879404629916735,-24.955504303985375,-27.188763974063455,-27.937429103183018,177.80246574885803,-7.4673985336594635,31.148634559544846,-40.980166741287064
1809.896,4.474815528435551,-16.647047955810066,3.8184414478787403,-17.758687533098936,0.65637408055681057,1.1116395772888694,28.93731567999917,-9.0630778703664987,-27.223290302211591,-25.84318391257413,-26.659882621640477,177.97053709693381,-7.2990953001576484,31.535781705986448,-41.367414476859054
1809.906,4.474815528435551,-16.647047955810066,4.1547724088262044,-17.735767203604496,0.3200431196093465,1.0887192477944296,28.971847421480657,-9.1354545764260031,-25.153405973601917,-24.851612136358153,-25.606214315566209,178.05252103528773,-7.2170654794568305,31.914946503929567,-41.746677707818741
1809.916,4.06516191255832,-16.895047427022426,2.9509042362220157,-17.142878601059152,1.1142576763363046,0.24783117403672605,29.006384545184357,-9.2050485345244066,-27.22623564797281,-26.090022783777162,-26.906809853216345,178.91132782415568,-6.333697805934805,32.282597922621342,-42.120698818347293
1809.926,4.06516191255832,-16.895047427022426,2.9509042362220157,-17.142878601059152,1.1142576763363046,0.24783117403672605,29.006384545184357,-9.2050485345244066,-27.22623564797281,-26.090022783777162,-26.906809853216345,178.91132782415568,-6.333697805934805,32.282597922621342,-42.120698818347293
1809.936,4.06516191255832,-16.895047427022426,3.5218177179721692,-17.666195702990919,0.54334419458615102,0.77114827596849267,29.075474814813987,-9.3358042649720137,-27.29532591760244,-26.159123662295677,-26.977983439823749,179.05034318529349,-6.1942371000551972,32.551162741527953,-42.389421996278749
1809.946,3.651459438438851,-17.12619418795791,1.3531207448069722,-18.461279357784008,2.2983386936318788,1.3350851698260975,29.110027898517693,-9.3969262078590887,-26.159123662295677,-25.622768522027002,-26.407542231895871,179.61374469856983,-5.5795101674170748,33.004030060003551,-42.867091172340487
1809.956,3.651459438438851,-17.12619418795791,2.5304907210743295,-18.142571956996093,1.1209687173645215,1.0163777690381828,29.14458623999917,-9.455185755993158,-25.622768522027002,-27.826029063340346,-28.594712119001155,179.89756729641249,-5.2886914738528459,33.357952867963235,-43.221582379665357
1809.967,3.651459438438851,-17.12619418795791,3.1047499211652507,-18.017229885576597,0.54670951727360029,0.89103569761868684,29.17914980814732,-9.455185755993158,-26.648659087072989,-26.108968650685775,-26.908428423297963,180.03717151679609,-5.1480341243398646,33.668268911257165,-43.532317140535618
1809.976,3.651459438438851,-17.12619418795791,3.3848235512688518,-17.396596839075997,0.2666358871699992,0.27040265111808637,29.17914980814732,-9.563047559630359,-26.648659087072989,-26.108968650685775,-26.908428423297963,180.10541231132188,-5.0795882188852053,33.762440597522165,-43.626615775320246
1809.986,2.7910686268983653,-17.507749964283075,0.74285481662349184,-17.807267498635682,2.0482138102748735,0.29951753435260642,29.248292499999174,-9.6592582628906811,-25.863468948730322,-30.685479196186577,-31.461383264648486,181.26711379277145,-3.0392053019550209,34.132761520779376,-44.155085682660655
1809.997,2.7910686268983653,-17.507749964283075,0.74285481662349184,-17.807267498635682,2.0482138102748735,0.29951753435260642,29.282871561480647,-9.6592582628906811,-30.685479196186577,-28.574600908560861,-29.495165284446458,181.26711379277145,-3.0392053019550209,34.132761520779376,-44.155085682660655
1810.006,2.7910686268983653,-17.507749964283075,1.7907630899227627,-18.560757951790933,1.0003055369756026,1.0530079875078577,29.317455725184352,-9.7029572627599698,-27.52669263526159,-27.049503128213264,-27.87530390727111,181.5163553888973,-2.7747986484409592,34.499463700165101,-44.52456332067532
1810.017,2.7910686268983653,-17.507749964283075,2.3025418317859021,-18.264318687512414,0.48852679511246322,0.75656872322933921,29.352044959999166,-9.7437006478523465,-27.561281870076403,-27.084097403028082,-27.910935859130372,181.64044976328739,-2.6480208889724675,34.762934587874291,-44.790025397149044
1810.026,2.353168051260783,-17.673424578988673,-0.9956803079848271,-18.506781354681934,3.34884835924561,0.83335677569326094,29.386639234813984,-9.7814760073380551,-27.084097403028082,-30.416918826502506,-31.229441748593349,181.95480211955399,-1.246685026621597,34.934265750483647,-45.202179599764911
1810.036,2.353168051260783,-17.673424578988673,0.71437667802058513,-18.304118769612117,1.6387913732401977,0.63069419062344423,29.386639234813984,-9.8162718344766429,-27.084097403028082,-30.416918826502506,-31.229441748593349,182.30142978035352,-0.75049623867670157,35.153407289954728,-45.426224907976852
1810.048,1.9196464813795764,-17.837442447547215,-4.0957533474280865,-19.010390735787681,6.0153998288076629,1.172948288240466,29.455842779999163,-9.8768834059513786,-28.741466101978578,-27.939468266048159,-28.801712249107517,181.6726189270039,3.3228580709247191,35.333493201692555,-46.441726334535701
1810.056,1.9196464813795764,-17.837442447547215,-4.0957533474280865,-19.010390735787681,6.0153998288076629,1.172948288240466,29.455842779999163,-9.8768834059513786,-28.741466101978578,-27.939468266048159,-28.801712249107517,181.6726189270039,3.3228580709247191,35.333493201692555,-46.441726334535701
1810.066,1.9196464813795764,-17.837442447547215,-1.0295142619026763,-18.481572648515538,2.9491607432822526,0.64413020096832341,29.525066111851014,-9.9026806874156961,-27.974082389751867,-33.655438467427246,-34.494660939119804,182.10421176860655,4.407599194555802,35.556389299319662,-46.676780758990752
1810.076,1.9196464813795764,-17.837442447547215,1.2055565054917565,-17.975142758804708,0.71408997588781986,0.13770031125749327,29.559685119999163,-9.9452189536827333,-30.589199381901839,-29.125664443333157,-30.043340424790212,182.60492533161778,5.0275372772756484,35.762060351639697,-46.891502356209131
1810.086,1.4772604185816045,-17.97904083808569,-10.244334950182889,-20.34073578447412,11.721595368764493,2.3616949463884289,29.594308981480644,-9.9619469809174515,-29.125664443333157,-28.423381159692585,-29.297151092992578,174.61719949386486,18.257373781497229,34.462573751351862,-49.707077691089985
1810.097,1.4772604185816045,-17.97904083808569,-4.2110675397865691,-18.863217648368135,5.6883279583681734,0.88417681028244388,29.628937665184342,-9.9619469809174515,-39.873272615367227,-33.874638679785726,-35.070836858246743,174.5357538029433,21.189998478948105,34.764351662861394,-50.050734589737004
1810.106,1.4772604185816045,-17.97904083808569,-4.2110675397865691,-18.863217648368135,5.6883279583681734,0.88417681028244388,29.628937665184342,-9.9619469809174515,-39.873272615367227,-33.874638679785726,-35.070836858246743,174.5357538029433,21.189998478948105,34.764351662861394,-50.050734589737004
1810.116,0.5696591371446134,-18.191590791693585,-69.592278170198696,-31.753657405615755,70.161937307343308,13.56206661392217,29.698209374813977,-9.9862953475457399,-31.050030992788287,-99.32513050871637,-100.25663143850002,72.97387470589409,120.69121720913307,14.907294905861185,-69.911745811592567
1810.126,0.5696591371446134,-18.191590791693585,-23.635198181379963,-22.272327342497064,24.204857318524574,4.0807365508034792,29.732852338517674,-9.9939082701909552,-99.32513050871637,-53.402698181379122,-56.382452096640613,64.701611657418383,136.60269439212223,16.005374268598928,-72.180406859072235
1810.136,0.5696591371446134,-18.191590791693585,-11.984837340239181,-19.514165065838611,12.554496477383795,1.3225742741450262,29.767499999999163,-9.9984769515639123,-53.402698181379122,-41.786989668386482,-43.389070613827855,64.781607342616425,142.37357020667463,16.379188108124112,-72.906450783504496
1810.146,0.11620253007913867,-17.985289517580917,-29.985238918909175,-25.18353639884171,30.101441448988314,7.1982468812607934,29.802152328147304,-9.9984769515639123,-53.437350509527263,-41.821646632090193,-43.424767147376009,35.956560223783171,163.26185231776356,8.3769079054604401,-78.853852890413364
1810.157,0.11620253007913867,-17.985289517580917,-12.431504874339595,-20.161856559359904,12.547707404418734,2.1765670417789877,29.836809291851008,-9.993908270190957,-41.821646632090193,-59.856709778908339,-61.111359177871044,32.092261490907426,169.40655000924988,8.5240570566763445,-80.345682995406065
1810.166,0.11620253007913867,-17.985289517580917,-12.431504874339595,-20.161856559359904,12.547707404418734,2.1765670417789877,29.836809291851008,-9.993908270190957,-41.821646632090193,-59.856709778908339,-61.111359177871044,32.092261490907426,169.40655000924988,8.5240570566763445,-80.345682995406065
1810.176,0.11620253007913867,-17.985289517580917,-6.7338381908180338,-18.607317086757561,6.8500407208971721,0.62202756917664459,29.906137001480634,-9.9862953475457399,-59.891375920389805,-42.372312559523934,-44.169053837135628,31.508168021935418,172.46790622608577,8.5732117511119679,-80.771202035475724
1810.186,-0.33271951091568125,-17.781051256209373,-15.455539078384646,-21.843428838832395,15.122819567468966,4.0623775826230215,29.94080768518434,-9.9862953475457399,-36.674645876002373,-45.431021958383802,-46.531261334663874,19.749721885637861,177.21514173051696,4.5558261400288913,-82.314345706773949
1810.197,-0.33271951091568125,-17.781051256209373,-3.902301759708422,-18.051110131715433,3.5695822487927407,0.27005887550605934,29.975482879999156,-9.9452189536827351,-45.431021958383802,-36.944448710539476,-38.307379369290992,16.73801972656085,180.87357822461277,4.2444144608211039,-83.254949487494954
1810.206,-0.33271951091568125,-17.781051256209373,-3.902301759708422,-18.051110131715433,3.5695822487927407,0.27005887550605934,29.975482879999156,-9.9452189536827351,-45.431021958383802,-36.944448710539476,-38.307379369290992,16.73801972656085,180.87357822461277,4.2444144608211039,-83.254949487494954
1810.216,-0.7768705322442713,-17.60603782916243,-3.2739430360224446,-17.819337752683936,2.4970725037781731,0.21329992352150384,30.044846678517658,-9.9254615164132201,-36.126537642955398,-33.353478256021589,-34.437274385310253,12.735655291439008,182.27440558834041,3.0545456446130448,-83.571777628650921
1810.227,-1.2158985465119945,-17.40173595001746,-2.4210386613275432,-18.243891247911819,1.2051401148155487,0.84215529789435806,30.044846678517658,-9.9026806874157032,-36.126537642955398,-33.353478256021589,-34.437274385310253,12.189547739404528,182.43688139771908,2.5448822763011734,-83.730811103094311
1810.236,-1.2158985465119945,-17.40173595001746,-2.4210386613275432,-18.243891247911819,1.2051401148155487,0.84215529789435806,30.114228148147294,-9.9026806874157032,-33.388171184169735,-32.569964093178548,-33.571609228703643,12.189547739404528,182.43688139771908,2.5448822763011734,-83.730811103094311
1810.246,-1.6486822042862481,-17.186737577524394,-0.75064173002115808,-17.659368307794352,-0.89804047426509004,0.47263073026995883,30.148925431851005,-9.8768834059513804,-32.569964093178548,-30.934268770020299,-31.911367692815656,12.535563572428153,182.29681678099681,2.3247700433635625,-83.855511269812723
1810.256,-1.6486822042862481,-17.186737577524394,-1.2120431428135419,-17.07228225351075,-0.43663906147270626,-0.11445532401364389,30.18362703999914,-9.8480775301220795,-30.934268770020299,-31.430376084294174,-32.358404147394786,12.661267684976286,182.19289442222305,2.3645798090020591,-83.812788562329573
1810.266,-1.6486822042862481,-17.186737577524394,-1.4327039653335589,-16.863916599202099,-0.21597823895268919,-0.32282097832229439,30.218332941480632,-9.7814760073380587,-31.430376084294174,-31.685747070517895,-32.628658353046717,12.717784972060294,182.13637464235742,2.476661024686015,-83.692101544917548
1810.276,-2.076537932804036,-16.99204292515445,-0.10827931322583595,-16.522677639575917,-1.9682586195781999,-0.46936528557853308,30.253043105184336,-9.74370064785235,-31.685747070517895,-30.396036813224978,-31.346609225340515,13.311242851997969,181.70601929970488,2.6727007078621758,-83.555188876702616
1810.287,-2.076537932804036,-16.99204292515445,-1.6039937370856023,-16.426680233100001,-0.47254419571843354,-0.56536269205444967,30.253043105184336,-9.7029572627599734,-31.685747070517895,-30.396036813224978,-31.346609225340515,13.690231933628771,181.3424503241952,3.0507189185270893,-83.165471081221042
1810.297,-2.499772508069147,-16.81024939965134,-0.26693940516364023,-16.873965991520194,-2.2328331029055066,0.063716591868853811,30.322476094813958,-9.6592582628906865,-31.92646983189956,-30.624138263681303,-31.581932358638291,14.315523553039171,180.81700549079022,3.0260909492213899,-83.185551021875327
1810.306,-2.499772508069147,-16.81024939965134,-0.26693940516364023,-16.873965991520194,-2.2328331029055066,0.063716591868853811,30.322476094813958,-9.6592582628906865,-31.92646983189956,-30.624138263681303,-31.581932358638291,14.315523553039171,180.81700549079022,3.0260909492213899,-83.185551021875327
1810.316,-2.499772508069147,-16.81024939965134,-1.4093021072317811,-16.392597894542376,-1.0904704008373658,-0.41765150510896376,30.391925759999143,-9.6126169593831854,-30.658865165162783,-31.835958875379074,-32.755724830333961,14.601270351556927,180.54166309148326,3.1716026949014418,-83.038224716713998
1810.326,-2.499772508069147,-16.81024939965134,-1.9665646545892059,-16.217074252992219,-0.53320785347994093,-0.59317514665912086,30.426656768147293,-9.5105651629515382,-31.835958875379074,-32.427956506440189,-33.383035272701562,14.7384317790171,180.40452570461539,3.3781542735813868,-82.828870648712893
1810.336,-2.9185912306042825,-16.631884408644694,-0.56701477161243474,-15.63528408824358,-2.3515764589918478,-0.99660032040111446,30.426656768147293,-9.4551857559931634,-31.835958875379074,-32.427956506440189,-33.383035272701562,15.369992163497088,179.82828010630138,3.7453497611334656,-82.499782594756354
1810.347,-3.3328336362389708,-16.437762696221252,0.1197710177627016,-15.787894417717524,-3.4526046540016724,-0.64986827850372819,30.496130979999133,-9.4551857559931634,-31.063145751611568,-30.41110310371792,-31.342997476266266,16.284914997489903,178.97216151522449,3.9777316601212993,-82.278923005710354
1810.358,-3.3328336362389708,-16.437762696221252,-1.6489423211462793,-16.240544593497546,-1.6838913150926915,-0.19721810272370632,30.496130979999133,-9.335804264972019,-31.063145751611568,-30.41110310371792,-31.342997476266266,16.720132471994308,178.54383487799043,4.0464243119087158,-82.210073362165375
1810.367,-3.7416156757223007,-16.245300337357552,-2.2147513628642912,-15.285344750186837,-1.5268643128580095,-0.95995558717071461,30.565621245184328,-9.2050485345244137,-32.214563566330611,-31.210875816198012,-32.177312723187931,17.924986752263067,177.36084831642535,4.7530725937676088,-81.512131151938789
1810.378,-3.7416156757223007,-16.245300337357552,-2.9969897905200753,-15.286083184312673,-0.74462588520222539,-0.95921715304487876,30.60037231999914,-9.1354545764260102,-31.210875816198012,-32.849878677678234,-33.786204952164177,18.115903340065216,177.17006798097373,5.0871345897496978,-81.177693377956118
1810.386,-3.7416156757223007,-16.245300337357552,-2.9969897905200753,-15.286083184312673,-0.74462588520222539,-0.95921715304487876,30.60037231999914,-9.1354545764260102,-31.210875816198012,-32.849878677678234,-33.786204952164177,18.115903340065216,177.17006798097373,5.0871345897496978,-81.177693377956118
1810.396,-4.1463098948107975,-16.05476260208249,-2.8483583406000719,-15.090248330229045,-1.2979515542107256,-0.96451427185344585,30.669886198517656,-8.9879404629916806,-33.666875989037734,-32.189041677869703,-33.199047957540834,19.134617223499081,176.1592584177659,5.701156631934758,-80.567017187678772
1810.407,-4.1463098948107975,-16.05476260208249,-2.8483583406000719,-15.090248330229045,-1.2979515542107256,-0.96451427185344585,30.669886198517656,-8.9879404629916806,-33.666875989037734,-32.189041677869703,-33.199047957540834,19.134617223499081,176.1592584177659,5.701156631934758,-80.567017187678772
1810.416,-4.1463098948107975,-16.05476260208249,-3.5134062264172883,-15.010690131549083,-0.6329036683935092,-1.0440724705334077,30.73941550814729,-8.9100652418836788,-32.223808246017853,-33.622544212451061,-34.589258459831598,19.296824807518163,175.99709670441953,6.0647720319636695,-80.203219791463823
1810.426,-4.545913930005929,-15.85993990819036,-1.8947827201442919,-14.960839243566156,-2.6511312098616369,-0.89910066462420346,30.774185871850985,-8.8294759285892912,-33.622544212451061,-34.32236622641642,-35.331042552789953,19.977908954999073,175.31953687712394,6.3789360883214163,-79.891059112807966
1810.436,-4.545913930005929,-15.85993990819036,-3.2532733564221701,-14.781200115102934,-1.2926405735837587,-1.0787397930874256,30.808959999999136,-8.8294759285892912,-32.703742720143424,-34.097011217902789,-35.078123499507093,20.309331334058534,174.98852040529627,6.7546316015049674,-79.515291319434127
1810.446,-4.545913930005929,-15.85993990819036,-3.9156375912575072,-15.532578838006245,-0.63027633874842159,-0.32736107018411431,30.84373786148062,-8.6602540378443855,-34.097011217902789,-34.794157016441829,-35.81706735297891,20.470843060713484,174.82703509805756,6.8686406323013092,-79.401256633512872
1810.456,-5.3284283575148015,-15.406851407248778,-1.1768909746903091,-14.280635970792943,-4.1515373828244924,-1.1262154364558352,30.84373786148062,-8.5716730070211273,-34.097011217902789,-34.794157016441829,-35.81706735297891,22.269291881564815,173.03248463899615,7.8104890449988877,-78.461767650308886
1810.466,-5.3284283575148015,-15.406851407248778,-1.1768909746903091,-14.280635970792943,-4.1515373828244924,-1.1262154364558352,30.913304659999127,-8.5716730070211273,-32.99398876220711,-32.124984509504259,-33.114804172370469,22.269291881564815,173.03248463899615,7.8104890449988877,-78.461767650308886
1810.476,-5.3284283575148015,-15.406851407248778,-4.3415121226854012,-13.453463413818653,-0.98691623482940027,-1.953387993430125,30.948093534813946,-8.2903757255504189,-32.124984509504259,-34.287158969536492,-35.250908504821616,23.040925745259283,172.26111704817561,8.6098169494594003,-77.662403061065049
1810.486,-5.3284283575148015,-15.406851407248778,-4.3415121226854012,-13.453463413818653,-0.98691623482940027,-1.953387993430125,30.948093534813946,-8.2903757255504189,-32.124984509504259,-34.287158969536492,-35.250908504821616,23.040925745259283,172.26111704817561,8.6098169494594003,-77.662403061065049
1810.497,-5.712395893271381,-15.172176337011939,-4.1466617726246966,-13.782686931541818,-1.5657341206466846,-1.3894894054701208,31.017682079999126,-8.0901699437494905,-35.359194202684527,-33.553550485229422,-34.614326311309959,24.265188403696211,171.03742576198573,9.5540398458192701,-76.718521360228195
1810.506,-5.712395893271381,-15.172176337011939,-4.1466617726246966,-13.782686931541818,-1.5657341206466846,-1.3894894054701208,31.017682079999126,-8.0901699437494905,-35.359194202684527,-33.553550485229422,-34.614326311309959,24.265188403696211,171.03742576198573,9.5540398458192701,-76.718521360228195
1810.517,-5.712395893271381,-15.172176337011939,-4.9489960008208982,-13.737009239519736,-0.76339989245048301,-1.4351670974922026,31.087284811850967,-7.986355100472931,-35.23394658447566,-36.071087420820028,-37.1281058183543,24.460788644477176,170.8418302777512,10.05386154422323,-76.218688753841789
1810.526,-6.088667128102282,-14.903286888885011,-2.6515755173635398,-13.698620325809429,-3.4370916107387419,-1.2046665630755822,31.12209141999913,-7.8801075360672277,-36.071087420820028,-33.808476998844142,-34.890609621468741,25.341570029864535,169.96131729320064,10.473489823122939,-75.79922085169666
1810.536,-6.088667128102282,-14.903286888885011,-4.4128608227395887,-13.475236544192583,-1.675806305362693,-1.4280503446924282,31.12209141999913,-7.771459614569725,-36.071087420820028,-33.808476998844142,-34.890609621468741,25.980307209948545,169.32261452424382,10.970833496497352,-75.301873026401609
1810.546,-6.088667128102282,-14.903286888885011,-5.2716017468950156,-13.383443709474363,-0.81706538120726613,-1.5198431794106479,31.191714965184307,-7.6604444311897799,-35.604575787923892,-36.498133586894141,-37.566270860531858,25.980307209948545,169.32261452424382,11.500145128785904,-74.772555951738923
1810.557,-6.458519075081611,-14.608366478350508,-4.6460996650106665,-13.087540084748383,-1.8124194100709445,-1.5208263936021247,31.22653183999913,-7.5470958022277266,-33.967761702114473,-35.907451739824602,-36.926484590888037,27.397201256012277,167.90588458678923,12.474368345453515,-73.798416882587873
1810.566,-6.458519075081611,-14.608366478350508,-4.6460996650106665,-13.087540084748383,-1.8124194100709445,-1.5208263936021247,31.261352074813935,-7.5470958022277266,-34.002581936929282,-35.942275303528305,-36.962352761636183,27.397201256012277,167.90588458678923,12.474368345453515,-73.798416882587873
1810.576,-6.458519075081611,-14.608366478350508,-5.5748468862959157,-14.146848215000816,-0.88367218878569531,-0.46151826334969215,31.29617563851764,-7.3135370161917024,-35.942275303528305,-36.905849386295039,-37.984117645400886,27.623614841333168,167.67947247174249,12.635100054170847,-73.637684385186645
1810.587,-6.821443600458108,-14.289408208914525,-3.0589404863901279,-12.655738539963352,-3.7625031140679797,-1.6336696689511729,31.29617563851764,-7.1933980033864922,-35.942275303528305,-36.905849386295039,-37.984117645400886,28.698064245800936,166.60509791946927,14.066268617016952,-72.206569293051018
1810.596,-6.821443600458108,-14.289408208914525,-4.9869802049421423,-13.793645924701366,-1.8344633955159653,-0.49576228421315882,31.36583262814727,-6.9465837045899681,-37.393504102738547,-34.459606478241099,-35.581411601323254,29.168091210615334,166.13507994248801,14.238926443722669,-72.033911144690748
1810.606,-6.821443600458108,-14.289408208914525,-4.9869802049421423,-13.793645924701366,-1.8344633955159653,-0.49576228421315882,31.400665991850968,-6.9465837045899681,-34.459606478241099,-36.422482764941265,-37.456270959288496,29.168091210615334,166.13507994248801,14.238926443722669,-72.033911144690748
1810.616,-7.172765245995311,-13.923586167934534,-4.7817845759177828,-11.973953191046775,-2.3909806700775285,-1.9496329768877594,31.435502559999122,-6.8199836006250152,-33.704341171209563,-36.252126877398368,-37.263257112534653,31.037207845486062,164.26602517982181,15.702499440518212,-70.570377014594101
1810.626,-7.172765245995311,-13.923586167934534,-4.7817845759177828,-11.973953191046775,-2.3909806700775285,-1.9496329768877594,31.47034230148059,-6.8199836006250152,-33.739180912691026,-36.286969761102078,-37.299145188482811,31.037207845486062,164.26602517982181,15.702499440518212,-70.570377014594101
1810.636,-7.510289252668515,-13.493008362182973,-1.7012476855578029,-13.331949021258673,-5.8090415671107118,-0.16105934092430019,31.505185185184295,-6.5605902899050665,-36.286969761102078,-33.241278865556907,-34.329887958389968,32.525604597396416,162.77766181895714,15.758591867792726,-70.514286010040266
1810.647,-7.8381880129045784,-13.028893036417175,-4.6780069062725147,-10.850203855365528,-2.8322823463960001,-2.1786891810516469,31.505185185184295,-6.4278760968654218,-36.286969761102078,-33.241278865556907,-34.329887958389968,33.251287849253686,162.05198261099895,16.517363102330538,-69.755524682155553
1810.656,-7.8381880129045784,-13.028893036417175,-1.4882252587532037,-11.040594251348864,-6.3499627541513748,-1.9882987850683111,31.574880254813927,-6.4278760968654218,-36.252887161086441,-33.097957637270838,-34.185544252103433,34.878270868079092,160.42501853040159,17.209822542375957,-69.063065072533917
1810.667,-7.8381880129045784,-13.028893036417175,-4.7421718520608351,-12.425513085601814,-3.0960161608437433,-0.603379950815361,31.60973237851763,-6.1566147532565729,-33.097957637270838,-36.386759372059942,-37.379698101178064,35.671526482777665,159.63176520919839,17.419960038942151,-68.852927510669872
1810.676,-7.8381880129045784,-13.028893036417175,-6.3286805411999154,-10.133174642572833,-1.509507471704663,-2.8957183938443425,31.60973237851763,-6.0181502315205107,-33.097957637270838,-36.386759372059942,-37.379698101178064,36.058289280610801,159.24500262291838,18.428444018434124,-67.844443217474137
1810.686,-8.155828709543083,-12.53475603666897,-2.1608410818399761,-10.765500080845875,-5.9949876277031073,-1.7692559558230947,31.679445648147258,-5.8778525229247389,-38.008126189347173,-33.875147813690937,-35.015391599371355,37.594316113075472,157.70898440980937,19.044620234041744,-67.228271398697473
1810.697,-8.155828709543083,-12.53475603666897,-5.2328858742706217,-10.594870927708314,-2.9229428352724618,-1.9398851089606559,31.71430673185096,-5.735764363510448,-33.875147813690937,-36.98205661426973,-37.998311048680456,38.343226599065119,156.96007495952196,19.720218764407608,-66.552672781425301
1810.706,-8.155828709543083,-12.53475603666897,-6.7307056871244129,-10.525186369844747,-1.4251230224186706,-2.0095696668242233,31.74917073999911,-5.5919290347074941,-36.98205661426973,-38.514743328604993,-39.624205027033085,38.708368522885714,156.59493312695565,20.42008613433082,-65.852805296304638
1810.716,-8.462675035834655,-12.014670734648751,-2.2601392890031207,-10.486569368126446,-6.2025357468315345,-1.5281013665223053,31.74917073999911,-5.4463903501502759,-36.98205661426973,-38.514743328604993,-39.624205027033085,40.297570953222852,155.00573555011081,20.952274911601464,-65.320618600514948
1810.726,-8.462675035834655,-12.014670734648751,-5.4385391544024628,-10.095557948095703,-3.0241358814321924,-1.9191127865530486,31.81890740518429,-5.4463903501502759,-34.079046694187412,-37.292319154401575,-38.314690555227195,41.072408655120419,154.23089843168037,21.62063911635007,-64.652254349422734
1810.736,-8.462675035834655,-12.014670734648751,-6.9882139056023789,-11.432286344258593,-1.4744611302322763,-0.58238439039015866,31.853779999999112,-5.1503807491005658,-37.292319154401575,-38.876869300416296,-39.995638875048343,41.450191852024929,153.85311528632815,21.823464546326498,-64.449428901385744
1810.746,-8.758139146845277,-11.46156485038935,-2.2127230215734386,-8.8778420719529265,-6.5454161252718386,-2.5837227784364227,31.853779999999112,-5.0000000000000036,-37.292319154401575,-38.876869300416296,-39.995638875048343,43.127245307428225,152.1760646740598,22.723291666087544,-63.549603746234872
1810.756,-8.758139146845277,-11.46156485038935,-5.5668270063833774,-9.1736868112001346,-3.1913121404618998,-2.2878780391892146,31.923533558517622,-4.8480962024633829,-38.911747464119998,-34.171137481572543,-35.338489905496147,43.94491641052312,151.35839391282403,23.520084741915689,-62.752810640020883
1810.767,-9.03170578787888,-10.83530969706726,-1.7369527407799978,-9.2560905394534316,-7.2947530470988813,-1.5792191576138279,31.95841445999911,-4.6947156278589306,-39.160583290312758,-33.730250808927245,-34.905068307636625,46.212630034668223,149.09068206018745,24.840905839255448,-61.431990181460286
1810.776,-9.03170578787888,-10.83530969706726,-1.7369527407799978,-9.2560905394534316,-7.2947530470988813,-1.5792191576138279,31.993298068147247,-4.6947156278589306,-39.1954668984609,-33.765137092630951,-34.941001099584781,46.212630034668223,149.09068206018745,24.840905839255448,-61.431990181460286
1810.787,-9.280556132912277,-10.145417795039476,-4.061456261933742,-7.0993023717079851,-5.2190998709785354,-3.0461154233314911,31.993298068147247,-4.3837114678907847,-39.1954668984609,-33.765137092630951,-34.941001099584781,50.292522981430778,145.01079141277646,25.828404299177624,-60.44449165189544
1810.796,-9.280556132912277,-10.145417795039476,-4.061456261933742,-7.0993023717079851,-5.2190998709785354,-3.0461154233314911,32.0630732799991,-4.3837114678907847,-30.639198401714694,-36.159421083414323,-37.078597035465762,50.292522981430778,145.01079141277646,25.828404299177624,-60.44449165189544
1810.806,-9.526917974495342,-9.462424812031971,-1.2099470285401708,-6.701447509289288,-8.3169709459551715,-2.7609773027426829,32.09796482148058,-4.0673664307579998,-36.159421083414323,-38.868767590166257,-39.953550222668689,53.075463141466791,142.22785196934731,27.111897904573976,-59.160998995572136
1810.816,-9.526917974495342,-9.462424812031971,-1.2099470285401708,-6.701447509289288,-8.3169709459551715,-2.7609773027426829,32.13285894518428,-4.0673664307579998,-38.868767590166257,-33.37770264853927,-34.543765676244256,53.075463141466791,142.22785196934731,27.111897904573976,-59.160998995572136
1810.826,-9.526917974495342,-9.462424812031971,-5.4718587288690372,-8.6245636433736905,-4.055059245626305,-0.83786116865828042,32.1677556199991,-3.9073112848927454,-33.37770264853927,-37.674513543682956,-38.675844623139135,54.114441474279801,141.18887371888349,27.403697542583263,-58.869199359420044
1810.836,-9.526917974495342,-9.462424812031971,-7.5498153011137248,-7.6076114522591318,-1.9771026733816175,-1.8548133597728391,32.20265481481392,-3.5836794954529978,-33.412601843354089,-37.70941522738665,-38.711793282687275,54.621010342287356,140.68230485769661,28.049668361953039,-58.223228541010272
1810.846,-9.746059155356265,-8.714785747075876,-1.0865625811783559,-5.6632377206489259,-8.6594965741779095,-3.0515480264269499,32.23755649851761,-3.4202014332566928,-39.787371799631337,-33.359023221177445,-34.552644375166388,56.839727565259693,138.46358804875965,29.112424356907699,-57.160475784107064
1810.856,-9.746059155356265,-8.714785747075876,-5.523996597888754,-6.1539657859977055,-4.2220625574675115,-2.5608199610781703,32.27246063999909,-3.2556815445715488,-33.359023221177445,-37.831363806036002,-38.832134502671323,57.92149509842853,137.3818205642566,30.004274224662204,-56.268625971544736
1810.867,-9.746059155356265,-8.714785747075876,-8.7423943339587709,-6.3245795905663513,-1.0036648213974946,-2.3902061565095245,32.27246063999909,-3.0901699437495007,-33.359023221177445,-37.831363806036002,-38.832134502671323,58.706083240163458,136.59723242543001,31.680319458468528,-54.592580816632029
1810.877,-9.746059155356265,-8.714785747075876,-8.7423943339587709,-6.3245795905663513,-1.0036648213974946,-2.3902061565095245,32.34227617185095,-3.0901699437495007,-40.029807780001128,-41.119581833957866,-42.320476067357902,58.706083240163458,136.59723242543001,31.680319458468528,-54.592580816632029
1810.887,-10.122455225880017,-7.1210756103029675,6.6803932716718606,-7.9895092419997162,-16.802848497551878,0.8684336316967487,32.377187499999096,-2.7563735581699707,-40.064719108149276,-41.154495495439356,-42.356437068683832,63.01127223444422,132.29204424146019,31.377858793607519,-54.895014588579585
1810.897,-10.122455225880017,-7.1210756103029675,-1.9299838926865647,-4.0466513451674473,-8.1924713331934527,-3.0744242651355203,32.412101161480585,-2.5881904510252314,-41.154495495439356,-25.766623853512421,-27.001258718375603,65.110329126288946,130.19298745051807,32.448581806138201,-53.824293434737577
1810.907,-10.122455225880017,-7.1210756103029675,-6.1280975687000989,-4.5062630389233931,-3.9943576571799184,-2.6148125713795745,32.44701712518428,-2.5881904510252314,-34.377001017870846,-38.610032928699198,-39.641342959235324,66.133754594655784,129.16956199291585,33.359236663111382,-52.913639765545874
1810.916,-10.293585291094349,-6.308672370911855,-5.2996241037538709,-2.9276936636430264,-4.9939611873404779,-3.3809787072688282,32.4819353599991,-2.0791169081776144,-38.610032928699198,-32.567771994121472,-33.726072981982448,70.037650309759925,125.26566643174496,34.530048839721182,-51.742835016931707
1810.928,-10.293585291094349,-6.308672370911855,-5.2996241037538709,-2.9276936636430264,-4.9939611873404779,-3.3809787072688282,32.4819353599991,-2.0791169081776144,-38.610032928699198,-32.567771994121472,-33.726072981982448,70.037650309759925,125.26566643174496,34.530048839721182,-51.742835016931707
1810.936,-10.293585291094349,-6.308672370911855,-7.8587074266364851,-3.5787257792053602,-2.4348778644578637,-2.7299465917064945,32.551778518517615,-1.908089953765445,-32.602694677825177,-37.886327483752957,-38.864408324087712,70.661509318140133,124.64180742439386,35.480806200510671,-50.792083964654466
1810.947,-10.43215831720732,-5.449659938669405,-5.5975390249475154,-3.2243138226709611,-4.8346192922598039,-2.2253461159984438,32.586703379999086,-1.7364817766692762,-37.886327483752957,-40.480337814783717,-41.616927639296307,74.440843733211977,120.86247309653587,36.84099598583083,-49.433295761739579
1810.956,-10.43215831720732,-5.449659938669405,-5.5975390249475154,-3.2243138226709611,-4.8346192922598039,-2.2253461159984438,32.62163038814723,-1.7364817766692762,-33.137931545856262,-38.254098536798459,-39.248236483174146,74.440843733211977,120.86247309653587,36.84099598583083,-49.433295761739579
1810.966,-10.553205889746797,-4.57754014264872,-0.56167914357349957,-1.8057973071325115,-9.9915267461732977,-2.7717428355162088,32.62163038814723,-1.3917310096006485,-33.137931545856262,-38.254098536798459,-39.248236483174146,77.604804181338253,117.69851270344283,38.048335966487052,-48.239430973856052
1810.977,-10.553205889746797,-4.57754014264872,-0.56167914357349957,-1.8057973071325115,-9.9915267461732977,-2.7717428355162088,32.69149071999908,-1.3917310096006485,-40.766460614073658,-33.288103125054064,-34.511096943476275,77.604804181338253,117.69851270344283,38.048335966487052,-48.239430973856052
1810.986,-10.65648099686923,-3.696592707270827,3.127781535459377,-3.7855547463982511,-13.784262532328606,0.088962039127423953,32.69149071999908,-1.0452846326765504,-40.766460614073658,-33.288103125054064,-34.511096943476275,81.136577399706567,114.16673955646453,38.016054811991147,-48.269151143057904
1810.996,-10.65648099686923,-3.696592707270827,-7.3796988154106771,-0.91615388448629709,-3.276782181458552,-2.78043882278453,32.76135926518427,-0.87155742747657272,-33.323038408757768,-29.668515004539707,-30.668206156802441,83.698114264549133,111.60520269990478,40.184442502005481,-46.103915620749447
1811.007,-10.65648099686923,-3.696592707270827,-7.3796988154106771,-0.91615388448629709,-3.276782181458552,-2.78043882278453,32.796296539999084,-0.87155742747657272,-36.732061365969621,-40.210934590224575,-41.312896431203662,83.698114264549133,111.60520269990478,40.184442502005481,-46.103915620749447
1811.016,-10.724445161978284,-2.788244702318221,0.024641493196924102,-3.143867956810352,-10.749086655175208,0.35562325449213095,32.8312357748139,-0.69756473744129033,-40.210934590224575,-32.841535445320673,-34.047863483027413,86.452221424913077,108.85109556210125,40.0271980226618,-46.195054249805999
1811.026,-10.724445161978284,-2.788244702318221,-8.1691821920418306,-0.55089518846376428,-2.5552629699364537,-2.2373495138544568,32.8661769385176,-0.17452406437286958,-32.841535445320673,-38.38469280230354,-39.369938865663158,88.449729933753446,106.8535870550534,41.385666208523261,-44.84832926397582
1811.037,-10.724445161978284,-2.788244702318221,-8.1691821920418306,-0.55089518846376428,-2.5552629699364537,-2.2373495138544568,32.8661769385176,-0.17452406437286958,-32.841535445320673,-38.38469280230354,-39.369938865663158,88.449729933753446,106.8535870550534,41.385666208523261,-44.84832926397582
1811.047,-10.791729685436248,-1.8889801774151407,-0.48594457800879809,-0.28801347652229814,-10.30578510742745,-1.6009667008928425,32.93606492814724,-9.7971743931788261e-15,-41.10524712018907,-33.456956269859724,-34.690113683465398,91.090255352557989,104.21306165516499,42.85110395064514,-45.215117251480578
1811.056,-10.791729685436248,-1.8889801774151407,-5.7669953944674432,0.34217613827586185,-5.0247342909688051,-2.2311563156910026,32.971011691850926,0.17452406437285001,-33.456956269859724,-38.772955654466521,-39.776664342562313,92.377681632142952,102.9256353772538,43.669845456610524,-44.445727052752211
1811.066,-10.822962368683658,-0.9762084451012805,0.7858693675310704,-8.5272018865914987,-11.608831736214729,7.5509934414902187,32.971011691850926,0.34899496702497818,-33.456956269859724,-38.772955654466521,-39.776664342562313,95.352070764116021,99.95124625464527,28.753546777352419,-31.608737488981269
1811.076,-10.822962368683658,-0.9762084451012805,-5.1629088846861251,-1.5121633511303227,-5.6600534839975332,0.53595490602904228,33.04091060148056,0.52335956242943149,-38.807905995948005,-32.289993317653199,-33.45423049753164,96.802277117984062,98.50103990115673,28.510106753802727,-31.780892668328725
1811.087,-10.822962368683658,-0.9762084451012805,-8.0633215908899061,0.60428345048897647,-2.7596407777937522,-1.5804918955902569,33.07586268518427,0.69756473744123537,-32.289993317653199,-38.273725364685205,-39.242425164214801,97.509346158959758,97.793970859819154,29.212836257080859,-31.253048190761369
1811.096,-10.835874488102009,-0.0634336810214261,-0.34971203381864391,-20.257347773973208,-10.486162454283365,20.193914092951783,33.11081647999908,0.69756473744123537,-41.174138070888986,-33.495483988632529,-34.730708130759197,100.19608745300913,95.107229567591105,13.887395029661471,-12.309514967511259
1811.106,-10.835874488102009,-0.0634336810214261,-5.7231946180147553,-6.1319554356332784,-5.1126798700872538,6.0685217546118526,33.14577195481389,1.0452846326765308,-33.495483988632529,-38.903923696532345,-39.908788216191319,101.5060469527582,93.797270067337124,9.6940395561120489,-12.516716499412073
1811.116,-10.835874488102009,-0.0634336810214261,-8.3431136170030378,1.5517249420779056,-2.4927608710989713,-1.6151586230993318,33.180729078517594,1.2186934340514601,-33.530441112336234,-38.938882438013835,-39.944795671383922,102.14473661575438,93.158580403912779,10.809143200635665,-12.446228006454604
1811.126,-10.835874488102009,-0.0634336810214261,-9.6204929429288022,2.1662439552652479,-1.2153815451732068,-2.2296776362866741,33.215687819999076,1.2186934340514601,-41.558801437002117,-42.871141091076026,-44.117905134186088,102.45613898028468,92.847178039149952,12.34849695806996,-12.348713940358888
1811.136,-10.812257553211134,0.8509055439184592,-1.0999054187430346,-8.7012200403261097,-9.7123521344680999,9.5521255842445694,33.25064814814723,1.5643446504023077,-41.593761765150262,-42.906102974779728,-44.153915827734238,104.94461630475894,90.358700706066486,10.607506853905534,-5.2166160457464423
1811.146,-10.812257553211134,0.8509055439184592,-6.0768600742798071,1.4284292568980526,-4.7353974789313273,-0.57752371297959337,33.28561003185093,1.7364817766692919,-34.385515450593964,-39.39743351427888,-40.428998977796702,106.15790934613412,89.145407662845244,10.878042367366062,-5.4060950780322843
1811.156,-10.770536148590962,1.7594690084165354,-0.60092857769059194,1.6337945160838281,-10.16960757090037,0.12567449233270733,33.28561003185093,1.9080899537654608,-34.385515450593964,-39.39743351427888,-40.428998977796702,109.35510217717845,85.948214815321819,11.748554681854813,-5.95367108964387
1811.166,-10.770536148590962,1.7594690084165354,-0.60092857769059194,1.6337945160838281,-10.16960757090037,0.12567449233270733,33.35553834148056,1.9080899537654608,-41.858984499371438,-33.991433282874851,-35.247202817855992,109.35510217717845,85.948214815321819,11.748554681854813,-5.95367108964387
1811.176,-10.770536148590962,1.7594690084165354,-5.8121971811528503,1.7213452164508922,-4.9583389674381113,0.038123791965643195,33.39050470518426,2.0791169081775953,-33.991433282874851,-39.237669681151914,-40.257412679638158,110.62551679191328,84.677800197690559,11.734534226202246,-5.9403797459944983
1811.191,-10.770536148590962,1.7594690084165354,-8.3530264123974369,3.4581615589408088,-2.4175097361935247,-1.6986925505242734,33.42547249999907,2.4192189559966923,-34.026401077689655,-39.272638875966734,-40.293430908297424,111.24492577582191,84.058391213003247,12.360969977541421,-6.5307783366424275
1811.196,-10.57860695215247,3.5399622538129516,8.2130881194722392,5.3114277107492391,-18.791695071624709,-1.7714654569362875,33.46044169481389,2.5881904510251781,-39.272638875966734,-41.848438670915016,-43.026617837194017,116.05969214278205,79.243624689646651,12.861158572528449,-7.2657381865970265
1811.206,-10.57860695215247,3.5399622538129516,-1.4164447646050817,5.7672306082477505,-9.1621621875473878,-2.2272683544347989,33.49541225851758,2.7563735581699862,-25.282324139045343,-34.946828924604155,-35.705298648775518,118.40720101229169,76.896115797478032,13.63740833072017,-8.0421510918859003
1811.217,-10.465891330103565,4.4132980469166965,0.33277176690054944,5.9165953976621815,-10.798663097004114,-1.503297350745485,33.53038415999907,3.0901699437494479,-34.946828924604155,-39.676819891388433,-40.725224759126561,122.31857232839516,72.984744400958448,14.980106329279575,-9.3903220487702228
1811.226,-10.465891330103565,4.4132980469166965,0.33277176690054944,5.9165953976621815,-10.798663097004114,-1.503297350745485,33.56535736814721,3.0901699437494479,-39.676819891388433,-33.267560084950368,-34.457864681692023,122.31857232839516,72.984744400958448,14.980106329279575,-9.3903220487702228
1811.237,-10.465891330103565,4.4132980469166965,-7.8988430932964633,6.7119841926828272,-2.5670482368071017,-2.2986861457661307,33.60033185185092,3.4202014332567074,-33.267560084950368,-38.836154839675466,-39.834181642223975,124.32529364685894,70.978023068619521,16.519669115448302,-10.929482134207376
1811.247,-10.318214182492635,5.260726315569498,-0.74000715133641393,6.7534522461227056,-9.5782070311562215,-1.4927259305532079,33.63530757999906,3.4202014332567074,-41.534150673295521,-34.41029167281696,-35.656316193015826,126.77940055779445,68.523916042065395,17.038779375160338,-11.450134883029889
1811.256,-10.318214182492635,5.260726315569498,-0.74000715133641393,6.7534522461227056,-9.5782070311562215,-1.4927259305532079,33.63530757999906,3.4202014332567074,-41.534150673295521,-34.41029167281696,-35.656316193015826,126.77940055779445,68.523916042065395,17.038779375160338,-11.450134883029889
1811.267,-10.318214182492635,5.260726315569498,-5.6482210834725635,5.7137173032417508,-4.669993099020072,-0.4529909876722531,33.70526264518425,3.5836794954529791,-34.445269796520662,-39.388463003471628,-40.42182109736725,127.97593582685505,67.327380755989324,17.196548598587331,-11.607897962142168
1811.276,-10.318214182492635,5.260726315569498,-8.0412916359990732,7.0329741268447599,-2.2769225464935623,-1.7722478112752622,33.740241919999065,3.90731128489276,-34.480249071335479,-39.423443398286437,-40.457850870426505,128.5593238717714,66.743992707918423,17.813797614526177,-12.225113753821581
1811.286,-10.154220187030008,6.093311073588992,-0.88222003865805476,9.0343261861472044,-9.2720001483719532,-2.9410151125582127,33.775222314813874,4.067366430757982,-39.423443398286437,-41.851495434516664,-43.034198736465257,130.93497510553104,64.368341300276384,18.837718367629797,-13.249722042901521
1811.298,-10.154220187030008,6.093311073588992,-5.6335226728657446,8.5863590529883496,-4.5206975141642634,-2.4930479793993578,33.81020379851759,4.2261826174069972,-41.851495434516664,-34.727406378657115,-35.982951241692618,132.09325818700404,63.210058193519281,19.7059727617847,-14.117970515764396
1811.306,-10.154220187030008,6.093311073588992,-7.9500888575883337,8.4380269080613175,-2.2041313294416742,-2.3447158344723258,33.84518633999906,4.383711467890735,-39.478709012864805,-41.830258765735543,-43.014620036121485,132.65799582711699,62.645320548851224,20.522568856249361,-14.934558300034869
1811.316,-10.154220187030008,6.093311073588992,-9.079564140659194,8.3801398628569004,-1.0746560463708139,-2.2868287892679087,33.84518633999906,4.5399049973954506,-39.478709012864805,-41.830258765735543,-43.014620036121485,132.93334181606653,62.369974558696207,21.319004588924304,-15.73098591444441
1811.326,-9.760835255365974,7.710295979646016,6.5395934232076627,8.3490659322407694,-16.300428678573638,-0.63876995259475322,33.91515447185091,4.6947156278589128,-42.994718612510106,-27.410546576791404,-28.700388135166708,137.10980085956939,58.193514203367371,21.541446024803509,-15.953469921962325
1811.336,-9.760835255365974,7.710295979646016,-1.8133259478471047,9.4522468843398215,-7.9475093075188692,-1.7419509046938053,33.95013999999907,4.6947156278589128,-27.410546576791404,-35.798452409327645,-36.620768806631389,139.14609398515736,56.157220896484986,22.148110490249771,-16.560134723644467
1811.346,-9.760835255365974,7.710295979646016,-5.8859123667744058,8.2389178649716044,-3.8749228885915681,-0.52862188532558818,33.98512646148054,4.8480962024633349,-35.798452409327645,-39.906026191958659,-40.979979764238486,140.1389181232544,55.164396729869395,22.332212271815553,-16.744236433337704
1811.357,-9.532584327509873,8.485426465952393,-4.9434674159953715,11.787183525499771,-4.5891169115145019,-3.3017570595473771,34.020113825184254,5.1503807491005489,-39.906026191958659,-34.175357322594081,-35.372538108352842,143.72633709244445,51.576976794478767,23.80219364512644,-18.214220050781257
1811.367,-9.532584327509873,8.485426465952393,-4.9434674159953715,11.787183525499771,-4.5891169115145019,-3.3017570595473771,34.05510205999906,5.1503807491005489,-34.175357322594081,-39.033558550809246,-40.058819270487071,143.72633709244445,51.576976794478767,23.80219364512644,-18.214220050781257
1811.376,-9.532584327509873,8.485426465952393,-7.2950941295127336,9.4873955977067794,-2.2374901979971398,-1.001969131754386,34.05510205999906,5.44639035015026,-34.175357322594081,-39.033558550809246,-40.058819270487071,144.29962186139355,51.003692005494365,24.151146743114104,-18.563173122746829
1811.386,-9.289672618832794,9.241786576784863,-0.87806162548345412,11.749584396429633,-8.4116109933493401,-2.5077978196447699,34.12508101851758,5.5919290347074782,-39.068548434512948,-41.455165809511783,-42.627222262547171,146.45482553201734,48.848487022040779,25.02452988091386,-19.436557888227107
1811.396,-9.289672618832794,9.241786576784863,-7.290072193120082,11.352745743556319,-1.9996004257127122,-2.1109591667714565,34.16007167999905,5.735764363510433,-41.455165809511783,-35.073124713630655,-36.316779687916011,148.01795959835596,47.285352740540979,26.53161337896945,-20.943641390859611
1811.406,-9.289672618832794,9.241786576784863,-7.290072193120082,11.352745743556319,-1.9996004257127122,-2.1109591667714565,34.1950630881472,5.735764363510433,-39.383533330928095,-41.520127404970985,-42.701633404898828,148.01795959835596,47.285352740540979,26.53161337896945,-20.943641390859611
1811.416,-9.049190027242485,9.990583086509009,-5.0402313572454034,12.781608809534589,-4.0089586699970816,-2.7910257230255802,34.2300552118509,6.1566147532565862,-41.520127404970985,-35.09181992654095,-36.337423748690078,151.15185465841938,44.15145527314214,27.465956121521891,-21.877984131727505
1811.426,-9.049190027242485,9.990583086509009,-5.0402313572454034,12.781608809534589,-4.0089586699970816,-2.7910257230255802,34.26504801999906,6.1566147532565862,-35.09181992654095,-39.34027283872593,-40.393027436522161,151.6526644955546,43.650645387147925,27.465956121521891,-21.877984131727505
1811.436,-9.049190027242485,9.990583086509009,-8.0961840567939305,12.03369571569376,-0.95300597044855451,-2.0431126291847512,34.30004148148053,6.4278760968653792,-39.34027283872593,-41.429599912674092,-42.609808097835867,151.89684156844132,43.406468302943587,28.954707407559667,-23.366735452623686
1811.446,-8.76206769521352,10.68011356663921,-1.6892301527559255,11.957319552617257,-7.0728375424575951,-1.2772059859780462,34.30004148148053,6.4278760968653792,-39.34027283872593,-41.429599912674092,-42.609808097835867,153.70902646543848,41.594279648713929,29.399516290553194,-23.811544712059369
1811.456,-8.76206769521352,10.68011356663921,-5.3136036151450696,11.067701432464169,-3.448464080068451,-0.3875878658249583,34.370030239999046,6.6913060635885788,-42.466214296792977,-36.09425562756978,-37.368242056473569,154.5925840367243,40.710721554865721,29.534500463841738,-23.946528892355872
1811.466,-8.76206769521352,10.68011356663921,-7.080719236964967,13.432032752871152,-1.6813484582485536,-2.751919186231941,34.405025474813854,6.6913060635885788,-39.718629089958924,-41.52074047548254,-42.712299348181311,155.02337537478661,40.279930133074799,30.492903886121709,-24.904932360624056
1811.476,-8.13492568258905,11.955058526396067,4.807166661405887,11.515229631086093,-12.942092343994936,0.43982889530997404,34.44002123851757,6.8199836006249734,-41.52074047548254,-29.667850838593161,-30.913473052857636,158.33934972323118,36.96391579222491,30.339726207828168,-24.751753983019565
1811.487,-8.13492568258905,11.955058526396067,-1.824821458072833,13.10836103101343,-6.3101042245162162,-1.1533025046173631,34.47501749999905,7.0710678118654746,-41.555736736964015,-29.702847566741312,-30.949519668850233,159.95610800127002,35.347152086096663,30.741383734374672,-25.153411587290027
1811.496,-8.13492568258905,11.955058526396067,-5.0583431644168115,14.815888081655316,-3.0765825181722377,-2.8608295552592491,34.5100142281472,7.0710678118654746,-36.334835686220032,-39.603354556267703,-40.693399626854301,160.74438278713757,34.55887649192853,31.737717073521182,-26.149745097671087
1811.506,-8.13492568258905,11.955058526396067,-5.0583431644168115,14.815888081655316,-3.0765825181722377,-2.8608295552592491,34.5100142281472,7.0710678118654746,-36.334835686220032,-39.603354556267703,-40.693399626854301,160.74438278713757,34.55887649192853,31.737717073521182,-26.149745097671087
1811.516,-7.796875557439635,12.543941546185938,-0.74603652261639297,12.823226671355826,-7.0508390348232419,-0.27928512516988846,34.58000895999904,7.1933980033865028,-39.638352124415853,-35.36104342409692,-36.550193987829395,162.55091797896412,32.752310678697796,31.834982634650764,-26.24701131324084
1811.526,-7.796875557439635,12.543941546185938,-4.3591369172993097,13.851996842732376,-3.4377386401403252,-1.3080552965464385,34.61500690148053,7.313537016191713,-35.36104342409692,-39.009142102483537,-40.069973405206447,163.43172572682468,31.871498712521525,32.290535492497519,-26.70256433940612
1811.536,-7.796875557439635,12.543941546185938,-6.1207563337374893,14.14228124070177,-1.6761192237021456,-1.5983396945158326,34.65000518518423,7.5470958022277133,-39.009142102483537,-40.80576011373654,-41.976034376811043,163.86117699098716,31.442046791047844,32.847184916287091,-27.259213951344023
1811.546,-7.796875557439635,12.543941546185938,-6.9796593742748883,15.364570253423693,-0.81721618316474665,-2.8206287072377556,34.65000518518423,7.6604444311897897,-39.009142102483537,-40.80576011373654,-41.976034376811043,164.0705622609733,31.232661383399915,33.8295176144725,-28.241546981406241
1811.557,-7.448303795396952,13.103364207057265,-1.8041474939619206,14.533402667759304,-5.6441563014350313,-1.4300384607020398,34.720002654813854,7.6604444311897897,-41.699662029088742,-36.55914927247948,-37.810139133352145,165.51667015474936,29.786502341559427,34.327549622977571,-28.739586529668742
1811.566,-7.448303795396952,13.103364207057265,-6.1065797299056612,15.431689313124544,-1.3417240654912908,-2.3283251060672789,34.720002654813854,7.8801075360672161,-41.699662029088742,-36.55914927247948,-37.810139133352145,166.5655231060492,28.73764126850503,35.289565668569772,-29.701603239036523
1811.576,-7.448303795396952,13.103364207057265,-6.1065797299056612,15.431689313124544,-1.3417240654912908,-2.3283251060672789,34.79000111999903,7.8801075360672161,-39.48641456847119,-40.93158037805285,-42.116172815106985,166.5655231060492,28.73764126850503,35.289565668569772,-29.701603239036523
1811.586,-6.709805158440625,14.087319403319869,3.045807134742347,13.810011313848946,-9.7556122931829723,0.27730808947092278,34.82500064814719,7.9863551004729398,-40.93158037805285,-31.814193197108544,-33.042140608450133,169.0647842557205,26.237776079568427,35.192993366402654,-29.605020586632314
1811.597,-6.709805158440625,14.087319403319869,-4.390706598730759,16.435859812736339,-2.3190985597098663,-2.3485404094164704,34.86000033185089,8.1915204428899155,-36.813312109317444,-39.2857067387298,-40.390106102009327,170.87763152058969,24.424835302014028,36.351630674357438,-30.763661515263191
1811.606,-6.709805158440625,14.087319403319869,-4.390706598730759,16.435859812736339,-2.3190985597098663,-2.3485404094164704,34.86000033185089,8.1915204428899155,-36.813312109317444,-39.2857067387298,-40.390106102009327,170.87763152058969,24.424835302014028,36.351630674357438,-30.763661515263191
1811.616,-6.3335900644938725,14.541213443112376,-1.0395842623136957,14.800141466462804,-5.2940058021801768,-0.2589280233504283,34.93000004148052,8.3867056794542272,-36.883311818947071,-39.355706603914982,-40.462205958483395,172.23380506120026,23.06816756208195,36.441799550364138,-30.853845521254929
1811.626,-6.3335900644938725,14.541213443112376,-3.7524169910577712,16.571641518697035,-2.5811730734361014,-2.0304280755846591,34.96500000518422,8.4804809615642593,-36.004584267497918,-38.752416991056805,-39.832554519081739,172.89511488917526,22.406790117441332,37.14893091752154,-31.560981912782431
